{"level":"warn","message":"DWX file not found — will retry watcher in 5s...","timestamp":"2026-03-28 17:38:07"}
{"level":"warn","message":"DWX market data file not found — waiting for MT5 to create it...","timestamp":"2026-03-28 17:38:07"}
{"level":"warn","message":"Price feed has stale data:","staleCount":4,"timestamp":"2026-03-28 17:38:07","total":4}
{"level":"warn","message":"DWX market data file not found — waiting for MT5 to create it...","timestamp":"2026-03-28 17:38:08"}
{"level":"warn","message":"Price feed has stale data:","staleCount":4,"timestamp":"2026-03-28 17:38:08","total":4}
{"level":"warn","message":"DWX market data file not found — waiting for MT5 to create it...","timestamp":"2026-03-28 17:38:09"}
{"level":"warn","message":"Price feed has stale data:","staleCount":4,"timestamp":"2026-03-28 17:38:09","total":4}
{"instruments":"EURUSD,GBPUSD,XAUUSD,XAGUSD","level":"info","message":"Subscribed to MT5 symbols:","timestamp":"2026-03-28 18:37:21"}
{"level":"warn","message":"DWX market data file not found — waiting for MT5 to create it...","timestamp":"2026-03-28 18:37:21"}
{"level":"warn","message":"DWX file not found — will retry watcher in 5s...","timestamp":"2026-03-28 18:37:21"}
{"env":"development","level":"info","message":"Server started:","port":"5000","timestamp":"2026-03-28 18:37:21"}
{"level":"http","message":"Database connection established","timestamp":"2026-03-28 18:37:21"}
{"level":"warn","message":"DWX market data file not found — waiting for MT5 to create it...","timestamp":"2026-03-28 18:37:22"}
{"level":"warn","message":"Price feed has stale data:","staleCount":4,"timestamp":"2026-03-28 18:37:22","total":4}
{"level":"warn","message":"DWX market data file not found — waiting for MT5 to create it...","timestamp":"2026-03-28 18:37:23"}
{"level":"warn","message":"Price feed has stale data:","staleCount":4,"timestamp":"2026-03-28 18:37:23","total":4}
{"level":"warn","message":"DWX market data file not found — waiting for MT5 to create it...","timestamp":"2026-03-28 18:37:24"}
{"level":"warn","message":"Price feed has stale data:","staleCount":4,"timestamp":"2026-03-28 18:37:24","total":4}
{"level":"warn","message":"DWX market data file not found — waiting for MT5 to create it...","timestamp":"2026-03-28 18:37:25"}
{"level":"warn","message":"Price feed has stale data:","staleCount":4,"timestamp":"2026-03-28 18:37:25","total":4}
{"level":"warn","message":"DWX file not found — will retry watcher in 5s...","timestamp":"2026-03-28 18:37:26"}
{"level":"warn","message":"DWX market data file not found — waiting for MT5 to create it...","timestamp":"2026-03-28 18:37:26"}
{"level":"warn","message":"Price feed has stale data:","staleCount":4,"timestamp":"2026-03-28 18:37:26","total":4}
{"level":"warn","message":"DWX market data file not found — waiting for MT5 to create it...","timestamp":"2026-03-28 18:37:27"}
{"level":"warn","message":"Price feed has stale data:","staleCount":4,"timestamp":"2026-03-28 18:37:27","total":4}
{"level":"warn","message":"DWX market data file not found — waiting for MT5 to create it...","timestamp":"2026-03-28 18:37:28"}
{"level":"warn","message":"Price feed has stale data:","staleCount":4,"timestamp":"2026-03-28 18:37:28","total":4}
{"level":"warn","message":"DWX market data file not found — waiting for MT5 to create it...","timestamp":"2026-03-28 18:37:29"}
{"level":"warn","message":"Price feed has stale data:","staleCount":4,"timestamp":"2026-03-28 18:37:29","total":4}
{"level":"warn","message":"DWX market data file not found — waiting for MT5 to create it...","timestamp":"2026-03-28 18:37:30"}
{"level":"warn","message":"Price feed has stale data:","staleCount":4,"timestamp":"2026-03-28 18:37:30","total":4}
{"level":"warn","message":"DWX file not found — will retry watcher in 5s...","timestamp":"2026-03-28 18:37:31"}
{"level":"warn","message":"DWX market data file not found — waiting for MT5 to create it...","timestamp":"2026-03-28 18:37:31"}
{"level":"warn","message":"Price feed has stale data:","staleCount":4,"timestamp":"2026-03-28 18:37:31","total":4}
{"level":"warn","message":"DWX market data file not found — waiting for MT5 to create it...","timestamp":"2026-03-28 18:37:32"}
{"level":"warn","message":"Price feed has stale data:","staleCount":4,"timestamp":"2026-03-28 18:37:32","total":4}
{"level":"warn","message":"DWX market data file not found — waiting for MT5 to create it...","timestamp":"2026-03-28 18:37:33"}
{"level":"warn","message":"Price feed has stale data:","staleCount":4,"timestamp":"2026-03-28 18:37:33","total":4}
{"level":"warn","message":"DWX market data file not found — waiting for MT5 to create it...","timestamp":"2026-03-28 18:37:34"}
{"level":"warn","message":"Price feed has stale data:","staleCount":4,"timestamp":"2026-03-28 18:37:34","total":4}
{"level":"warn","message":"DWX market data file not found — waiting for MT5 to create it...","timestamp":"2026-03-28 18:37:35"}
{"level":"warn","message":"Price feed has stale data:","staleCount":4,"timestamp":"2026-03-28 18:37:35","total":4}
{"level":"warn","message":"DWX file not found — will retry watcher in 5s...","timestamp":"2026-03-28 18:37:36"}
{"level":"warn","message":"DWX market data file not found — waiting for MT5 to create it...","timestamp":"2026-03-28 18:37:36"}
{"level":"warn","message":"Price feed has stale data:","staleCount":4,"timestamp":"2026-03-28 18:37:36","total":4}
{"level":"warn","message":"DWX market data file not found — waiting for MT5 to create it...","timestamp":"2026-03-28 18:37:37"}
{"level":"warn","message":"Price feed has stale data:","staleCount":4,"timestamp":"2026-03-28 18:37:37","total":4}
{"level":"warn","message":"DWX market data file not found — waiting for MT5 to create it...","timestamp":"2026-03-28 18:37:38"}
{"level":"warn","message":"Price feed has stale data:","staleCount":4,"timestamp":"2026-03-28 18:37:38","total":4}
{"level":"warn","message":"DWX market data file not found — waiting for MT5 to create it...","timestamp":"2026-03-28 18:37:39"}
{"level":"warn","message":"Price feed has stale data:","staleCount":4,"timestamp":"2026-03-28 18:37:39","total":4}
{"level":"warn","message":"DWX market data file not found — waiting for MT5 to create it...","timestamp":"2026-03-28 18:37:40"}
{"level":"warn","message":"Price feed has stale data:","staleCount":4,"timestamp":"2026-03-28 18:37:40","total":4}
{"level":"warn","message":"DWX file not found — will retry watcher in 5s...","timestamp":"2026-03-28 18:37:41"}
{"level":"warn","message":"DWX market data file not found — waiting for MT5 to create it...","timestamp":"2026-03-28 18:37:41"}
{"level":"warn","message":"Price feed has stale data:","staleCount":4,"timestamp":"2026-03-28 18:37:41","total":4}
{"level":"warn","message":"DWX market data file not found — waiting for MT5 to create it...","timestamp":"2026-03-28 18:37:42"}
{"level":"warn","message":"Price feed has stale data:","staleCount":4,"timestamp":"2026-03-28 18:37:42","total":4}
{"level":"warn","message":"DWX market data file not found — waiting for MT5 to create it...","timestamp":"2026-03-28 18:37:43"}
{"level":"warn","message":"Price feed has stale data:","staleCount":4,"timestamp":"2026-03-28 18:37:43","total":4}
{"level":"warn","message":"DWX market data file not found — waiting for MT5 to create it...","timestamp":"2026-03-28 18:37:44"}
{"level":"warn","message":"Price feed has stale data:","staleCount":4,"timestamp":"2026-03-28 18:37:44","total":4}
{"level":"warn","message":"DWX market data file not found — waiting for MT5 to create it...","timestamp":"2026-03-28 18:37:45"}
{"level":"warn","message":"Price feed has stale data:","staleCount":4,"timestamp":"2026-03-28 18:37:45","total":4}
{"level":"warn","message":"DWX file not found — will retry watcher in 5s...","timestamp":"2026-03-28 18:37:46"}
{"level":"warn","message":"DWX market data file not found — waiting for MT5 to create it...","timestamp":"2026-03-28 18:37:46"}
{"level":"warn","message":"Price feed has stale data:","staleCount":4,"timestamp":"2026-03-28 18:37:46","total":4}
{"level":"warn","message":"DWX market data file not found — waiting for MT5 to create it...","timestamp":"2026-03-28 18:37:47"}
{"level":"warn","message":"Price feed has stale data:","staleCount":4,"timestamp":"2026-03-28 18:37:47","total":4}
{"level":"warn","message":"DWX market data file not found — waiting for MT5 to create it...","timestamp":"2026-03-28 18:37:48"}
{"level":"warn","message":"Price feed has stale data:","staleCount":4,"timestamp":"2026-03-28 18:37:48","total":4}
{"level":"warn","message":"DWX market data file not found — waiting for MT5 to create it...","timestamp":"2026-03-28 18:37:49"}
{"level":"warn","message":"Price feed has stale data:","staleCount":4,"timestamp":"2026-03-28 18:37:49","total":4}
{"level":"warn","message":"DWX market data file not found — waiting for MT5 to create it...","timestamp":"2026-03-28 18:37:50"}
{"level":"warn","message":"Price feed has stale data:","staleCount":4,"timestamp":"2026-03-28 18:37:50","total":4}
{"level":"warn","message":"DWX file not found — will retry watcher in 5s...","timestamp":"2026-03-28 18:37:51"}
{"level":"warn","message":"DWX market data file not found — waiting for MT5 to create it...","timestamp":"2026-03-28 18:37:51"}
{"level":"warn","message":"Price feed has stale data:","staleCount":4,"timestamp":"2026-03-28 18:37:51","total":4}
{"duration_ms":11,"ip":"::1","level":"http","message":"GET /api/admin/announcement","status":404,"timestamp":"2026-03-28 18:37:52","userAgent":"Mozilla/5.0 (Windows NT 10.0; Win64; x64) AppleWebKit/537.36 (KHTML, like Gecko) Chrome/146.0.0.0 Safari/537.36 Edg/146.0.0.0"}
{"duration_ms":5,"ip":"::1","level":"http","message":"GET /api/admin/announcement","status":404,"timestamp":"2026-03-28 18:37:52","userAgent":"Mozilla/5.0 (Windows NT 10.0; Win64; x64) AppleWebKit/537.36 (KHTML, like Gecko) Chrome/146.0.0.0 Safari/537.36 Edg/146.0.0.0"}
{"isAdmin":"[admin]","level":"http","message":"Socket connected:","socketId":"DwF2WPHxUkQYbn0CAAAC","timestamp":"2026-03-28 18:37:52"}
{"level":"warn","message":"Price feed has stale data:","staleCount":4,"timestamp":"2026-03-28 18:37:52","total":4}
{"level":"warn","message":"Price feed has stale data:","staleCount":4,"timestamp":"2026-03-28 18:37:52","total":4}
{"level":"warn","message":"DWX market data file not found — waiting for MT5 to create it...","timestamp":"2026-03-28 18:37:52"}
{"level":"warn","message":"Price feed has stale data:","staleCount":4,"timestamp":"2026-03-28 18:37:52","total":4}
{"level":"warn","message":"DWX market data file not found — waiting for MT5 to create it...","timestamp":"2026-03-28 18:37:53"}
{"level":"warn","message":"Price feed has stale data:","staleCount":4,"timestamp":"2026-03-28 18:37:53","total":4}
{"level":"warn","message":"DWX market data file not found — waiting for MT5 to create it...","timestamp":"2026-03-28 18:37:54"}
{"level":"warn","message":"Price feed has stale data:","staleCount":4,"timestamp":"2026-03-28 18:37:54","total":4}
{"level":"warn","message":"DWX market data file not found — waiting for MT5 to create it...","timestamp":"2026-03-28 18:37:55"}
{"level":"warn","message":"Price feed has stale data:","staleCount":4,"timestamp":"2026-03-28 18:37:55","total":4}
{"level":"warn","message":"DWX file not found — will retry watcher in 5s...","timestamp":"2026-03-28 18:37:56"}
{"level":"warn","message":"DWX market data file not found — waiting for MT5 to create it...","timestamp":"2026-03-28 18:37:56"}
{"level":"warn","message":"Price feed has stale data:","staleCount":4,"timestamp":"2026-03-28 18:37:56","total":4}
{"level":"warn","message":"DWX market data file not found — waiting for MT5 to create it...","timestamp":"2026-03-28 18:37:57"}
{"level":"warn","message":"Price feed has stale data:","staleCount":4,"timestamp":"2026-03-28 18:37:57","total":4}
{"level":"warn","message":"Price feed has stale data:","staleCount":4,"timestamp":"2026-03-28 18:37:57","total":4}
{"level":"warn","message":"Price feed has stale data:","staleCount":4,"timestamp":"2026-03-28 18:37:57","total":4}
{"level":"warn","message":"DWX market data file not found — waiting for MT5 to create it...","timestamp":"2026-03-28 18:37:58"}
{"level":"warn","message":"Price feed has stale data:","staleCount":4,"timestamp":"2026-03-28 18:37:58","total":4}
{"level":"warn","message":"DWX market data file not found — waiting for MT5 to create it...","timestamp":"2026-03-28 18:37:59"}
{"level":"warn","message":"Price feed has stale data:","staleCount":4,"timestamp":"2026-03-28 18:37:59","total":4}
{"level":"warn","message":"DWX market data file not found — waiting for MT5 to create it...","timestamp":"2026-03-28 18:38:00"}
{"level":"warn","message":"Price feed has stale data:","staleCount":4,"timestamp":"2026-03-28 18:38:00","total":4}
{"level":"warn","message":"DWX file not found — will retry watcher in 5s...","timestamp":"2026-03-28 18:38:01"}
{"level":"warn","message":"DWX market data file not found — waiting for MT5 to create it...","timestamp":"2026-03-28 18:38:01"}
{"level":"warn","message":"Price feed has stale data:","staleCount":4,"timestamp":"2026-03-28 18:38:01","total":4}
{"level":"warn","message":"Price feed has stale data:","staleCount":4,"timestamp":"2026-03-28 18:38:02","total":4}
{"level":"warn","message":"DWX market data file not found — waiting for MT5 to create it...","timestamp":"2026-03-28 18:38:02"}
{"level":"warn","message":"Price feed has stale data:","staleCount":4,"timestamp":"2026-03-28 18:38:02","total":4}
{"level":"warn","message":"DWX market data file not found — waiting for MT5 to create it...","timestamp":"2026-03-28 18:38:03"}
{"level":"warn","message":"Price feed has stale data:","staleCount":4,"timestamp":"2026-03-28 18:38:03","total":4}
{"level":"warn","message":"DWX market data file not found — waiting for MT5 to create it...","timestamp":"2026-03-28 18:38:04"}
{"level":"warn","message":"Price feed has stale data:","staleCount":4,"timestamp":"2026-03-28 18:38:04","total":4}
{"level":"warn","message":"DWX market data file not found — waiting for MT5 to create it...","timestamp":"2026-03-28 18:38:05"}
{"level":"warn","message":"Price feed has stale data:","staleCount":4,"timestamp":"2026-03-28 18:38:05","total":4}
{"level":"warn","message":"DWX file not found — will retry watcher in 5s...","timestamp":"2026-03-28 18:38:06"}
{"level":"warn","message":"DWX market data file not found — waiting for MT5 to create it...","timestamp":"2026-03-28 18:38:06"}
{"level":"warn","message":"Price feed has stale data:","staleCount":4,"timestamp":"2026-03-28 18:38:06","total":4}
{"level":"warn","message":"Price feed has stale data:","staleCount":4,"timestamp":"2026-03-28 18:38:07","total":4}
{"level":"warn","message":"DWX market data file not found — waiting for MT5 to create it...","timestamp":"2026-03-28 18:38:07"}
{"level":"warn","message":"Price feed has stale data:","staleCount":4,"timestamp":"2026-03-28 18:38:07","total":4}
{"level":"warn","message":"DWX market data file not found — waiting for MT5 to create it...","timestamp":"2026-03-28 18:38:08"}
{"level":"warn","message":"Price feed has stale data:","staleCount":4,"timestamp":"2026-03-28 18:38:08","total":4}
{"level":"warn","message":"DWX market data file not found — waiting for MT5 to create it...","timestamp":"2026-03-28 18:38:09"}
{"level":"warn","message":"Price feed has stale data:","staleCount":4,"timestamp":"2026-03-28 18:38:09","total":4}
{"level":"warn","message":"DWX market data file not found — waiting for MT5 to create it...","timestamp":"2026-03-28 18:38:10"}
{"level":"warn","message":"Price feed has stale data:","staleCount":4,"timestamp":"2026-03-28 18:38:10","total":4}
{"level":"warn","message":"DWX file not found — will retry watcher in 5s...","timestamp":"2026-03-28 18:38:11"}
{"level":"warn","message":"DWX market data file not found — waiting for MT5 to create it...","timestamp":"2026-03-28 18:38:11"}
{"level":"warn","message":"Price feed has stale data:","staleCount":4,"timestamp":"2026-03-28 18:38:11","total":4}
{"level":"warn","message":"Price feed has stale data:","staleCount":4,"timestamp":"2026-03-28 18:38:12","total":4}
{"level":"warn","message":"DWX market data file not found — waiting for MT5 to create it...","timestamp":"2026-03-28 18:38:12"}
{"level":"warn","message":"Price feed has stale data:","staleCount":4,"timestamp":"2026-03-28 18:38:12","total":4}
{"level":"warn","message":"DWX market data file not found — waiting for MT5 to create it...","timestamp":"2026-03-28 18:38:13"}
{"level":"warn","message":"Price feed has stale data:","staleCount":4,"timestamp":"2026-03-28 18:38:13","total":4}
{"level":"warn","message":"DWX market data file not found — waiting for MT5 to create it...","timestamp":"2026-03-28 18:38:15"}
{"level":"warn","message":"Price feed has stale data:","staleCount":4,"timestamp":"2026-03-28 18:38:15","total":4}
{"level":"warn","message":"DWX market data file not found — waiting for MT5 to create it...","timestamp":"2026-03-28 18:38:16"}
{"level":"warn","message":"Price feed has stale data:","staleCount":4,"timestamp":"2026-03-28 18:38:16","total":4}
{"level":"warn","message":"DWX file not found — will retry watcher in 5s...","timestamp":"2026-03-28 18:38:16"}
{"level":"warn","message":"DWX market data file not found — waiting for MT5 to create it...","timestamp":"2026-03-28 18:38:17"}
{"level":"warn","message":"Price feed has stale data:","staleCount":4,"timestamp":"2026-03-28 18:38:17","total":4}
{"level":"warn","message":"Price feed has stale data:","staleCount":4,"timestamp":"2026-03-28 18:38:17","total":4}
{"level":"warn","message":"DWX market data file not found — waiting for MT5 to create it...","timestamp":"2026-03-28 18:38:18"}
{"level":"warn","message":"Price feed has stale data:","staleCount":4,"timestamp":"2026-03-28 18:38:18","total":4}
{"level":"warn","message":"DWX market data file not found — waiting for MT5 to create it...","timestamp":"2026-03-28 18:38:19"}
{"level":"warn","message":"Price feed has stale data:","staleCount":4,"timestamp":"2026-03-28 18:38:19","total":4}
{"level":"warn","message":"DWX market data file not found — waiting for MT5 to create it...","timestamp":"2026-03-28 18:38:20"}
{"level":"warn","message":"Price feed has stale data:","staleCount":4,"timestamp":"2026-03-28 18:38:20","total":4}
{"level":"warn","message":"DWX market data file not found — waiting for MT5 to create it...","timestamp":"2026-03-28 18:38:21"}
{"level":"warn","message":"Price feed has stale data:","staleCount":4,"timestamp":"2026-03-28 18:38:21","total":4}
{"level":"warn","message":"DWX file not found — will retry watcher in 5s...","timestamp":"2026-03-28 18:38:21"}
{"level":"warn","message":"DWX market data file not found — waiting for MT5 to create it...","timestamp":"2026-03-28 18:38:22"}
{"level":"warn","message":"Price feed has stale data:","staleCount":4,"timestamp":"2026-03-28 18:38:22","total":4}
{"level":"warn","message":"Price feed has stale data:","staleCount":4,"timestamp":"2026-03-28 18:38:22","total":4}
{"level":"warn","message":"DWX market data file not found — waiting for MT5 to create it...","timestamp":"2026-03-28 18:38:23"}
{"level":"warn","message":"Price feed has stale data:","staleCount":4,"timestamp":"2026-03-28 18:38:23","total":4}
{"level":"warn","message":"DWX market data file not found — waiting for MT5 to create it...","timestamp":"2026-03-28 18:38:24"}
{"level":"warn","message":"Price feed has stale data:","staleCount":4,"timestamp":"2026-03-28 18:38:24","total":4}
{"level":"warn","message":"DWX market data file not found — waiting for MT5 to create it...","timestamp":"2026-03-28 18:38:25"}
{"level":"warn","message":"Price feed has stale data:","staleCount":4,"timestamp":"2026-03-28 18:38:25","total":4}
{"level":"warn","message":"DWX market data file not found — waiting for MT5 to create it...","timestamp":"2026-03-28 18:38:26"}
{"level":"warn","message":"Price feed has stale data:","staleCount":4,"timestamp":"2026-03-28 18:38:26","total":4}
{"level":"warn","message":"DWX file not found — will retry watcher in 5s...","timestamp":"2026-03-28 18:38:26"}
{"level":"warn","message":"DWX market data file not found — waiting for MT5 to create it...","timestamp":"2026-03-28 18:38:27"}
{"level":"warn","message":"Price feed has stale data:","staleCount":4,"timestamp":"2026-03-28 18:38:27","total":4}
{"level":"warn","message":"Price feed has stale data:","staleCount":4,"timestamp":"2026-03-28 18:38:27","total":4}
{"level":"warn","message":"DWX market data file not found — waiting for MT5 to create it...","timestamp":"2026-03-28 18:38:28"}
{"level":"warn","message":"Price feed has stale data:","staleCount":4,"timestamp":"2026-03-28 18:38:28","total":4}
{"level":"warn","message":"DWX market data file not found — waiting for MT5 to create it...","timestamp":"2026-03-28 18:38:29"}
{"level":"warn","message":"Price feed has stale data:","staleCount":4,"timestamp":"2026-03-28 18:38:29","total":4}
{"level":"warn","message":"DWX market data file not found — waiting for MT5 to create it...","timestamp":"2026-03-28 18:38:30"}
{"level":"warn","message":"Price feed has stale data:","staleCount":4,"timestamp":"2026-03-28 18:38:30","total":4}
{"level":"warn","message":"DWX market data file not found — waiting for MT5 to create it...","timestamp":"2026-03-28 18:38:31"}
{"level":"warn","message":"Price feed has stale data:","staleCount":4,"timestamp":"2026-03-28 18:38:31","total":4}
{"level":"warn","message":"DWX file not found — will retry watcher in 5s...","timestamp":"2026-03-28 18:38:31"}
{"level":"warn","message":"DWX market data file not found — waiting for MT5 to create it...","timestamp":"2026-03-28 18:38:32"}
{"level":"warn","message":"Price feed has stale data:","staleCount":4,"timestamp":"2026-03-28 18:38:32","total":4}
{"level":"warn","message":"DWX market data file not found — waiting for MT5 to create it...","timestamp":"2026-03-28 18:38:33"}
{"level":"warn","message":"Price feed has stale data:","staleCount":4,"timestamp":"2026-03-28 18:38:33","total":4}
{"level":"warn","message":"DWX market data file not found — waiting for MT5 to create it...","timestamp":"2026-03-28 18:38:34"}
{"level":"warn","message":"Price feed has stale data:","staleCount":4,"timestamp":"2026-03-28 18:38:34","total":4}
{"level":"warn","message":"DWX market data file not found — waiting for MT5 to create it...","timestamp":"2026-03-28 18:38:35"}
{"level":"warn","message":"Price feed has stale data:","staleCount":4,"timestamp":"2026-03-28 18:38:35","total":4}
{"level":"warn","message":"DWX market data file not found — waiting for MT5 to create it...","timestamp":"2026-03-28 18:38:36"}
{"level":"warn","message":"Price feed has stale data:","staleCount":4,"timestamp":"2026-03-28 18:38:36","total":4}
{"level":"warn","message":"DWX file not found — will retry watcher in 5s...","timestamp":"2026-03-28 18:38:36"}
{"level":"warn","message":"DWX market data file not found — waiting for MT5 to create it...","timestamp":"2026-03-28 18:38:37"}
{"level":"warn","message":"Price feed has stale data:","staleCount":4,"timestamp":"2026-03-28 18:38:37","total":4}
{"isAdmin":"[admin]","level":"http","message":"Socket connected:","socketId":"ySjlLXvRVbAunWU-AAAF","timestamp":"2026-03-28 18:38:38"}
{"level":"warn","message":"DWX market data file not found — waiting for MT5 to create it...","timestamp":"2026-03-28 18:38:38"}
{"level":"warn","message":"Price feed has stale data:","staleCount":4,"timestamp":"2026-03-28 18:38:38","total":4}
{"level":"warn","message":"DWX market data file not found — waiting for MT5 to create it...","timestamp":"2026-03-28 18:38:39"}
{"level":"warn","message":"Price feed has stale data:","staleCount":4,"timestamp":"2026-03-28 18:38:39","total":4}
{"level":"http","message":"Socket disconnected:","socketId":"ySjlLXvRVbAunWU-AAAF","timestamp":"2026-03-28 18:38:39"}
{"level":"warn","message":"DWX market data file not found — waiting for MT5 to create it...","timestamp":"2026-03-28 18:38:40"}
{"level":"warn","message":"Price feed has stale data:","staleCount":4,"timestamp":"2026-03-28 18:38:40","total":4}
{"level":"warn","message":"DWX market data file not found — waiting for MT5 to create it...","timestamp":"2026-03-28 18:38:41"}
{"level":"warn","message":"Price feed has stale data:","staleCount":4,"timestamp":"2026-03-28 18:38:41","total":4}
{"isAdmin":"[admin]","level":"http","message":"Socket connected:","socketId":"3EewnHjXCXtfxmKBAAAI","timestamp":"2026-03-28 18:38:41"}
{"level":"warn","message":"DWX file not found — will retry watcher in 5s...","timestamp":"2026-03-28 18:38:41"}
{"level":"warn","message":"DWX market data file not found — waiting for MT5 to create it...","timestamp":"2026-03-28 18:38:42"}
{"level":"warn","message":"Price feed has stale data:","staleCount":4,"timestamp":"2026-03-28 18:38:42","total":4}
{"level":"warn","message":"DWX market data file not found — waiting for MT5 to create it...","timestamp":"2026-03-28 18:38:43"}
{"level":"warn","message":"Price feed has stale data:","staleCount":4,"timestamp":"2026-03-28 18:38:43","total":4}
{"level":"warn","message":"DWX market data file not found — waiting for MT5 to create it...","timestamp":"2026-03-28 18:38:44"}
{"level":"warn","message":"Price feed has stale data:","staleCount":4,"timestamp":"2026-03-28 18:38:44","total":4}
{"level":"warn","message":"DWX market data file not found — waiting for MT5 to create it...","timestamp":"2026-03-28 18:38:45"}
{"level":"warn","message":"Price feed has stale data:","staleCount":4,"timestamp":"2026-03-28 18:38:45","total":4}
{"level":"warn","message":"DWX market data file not found — waiting for MT5 to create it...","timestamp":"2026-03-28 18:38:46"}
{"level":"warn","message":"Price feed has stale data:","staleCount":4,"timestamp":"2026-03-28 18:38:46","total":4}
{"level":"http","message":"Socket disconnected:","socketId":"3EewnHjXCXtfxmKBAAAI","timestamp":"2026-03-28 18:38:46"}
{"isAdmin":"[admin]","level":"http","message":"Socket connected:","socketId":"t_EhqQg8ZQEtS58JAAAK","timestamp":"2026-03-28 18:38:46"}
{"level":"http","message":"Socket disconnected:","socketId":"t_EhqQg8ZQEtS58JAAAK","timestamp":"2026-03-28 18:38:46"}
{"isAdmin":"[admin]","level":"http","message":"Socket connected:","socketId":"nuJ9BWrEMDt9UUGvAAAM","timestamp":"2026-03-28 18:38:46"}
{"level":"warn","message":"DWX file not found — will retry watcher in 5s...","timestamp":"2026-03-28 18:38:46"}
{"level":"warn","message":"DWX market data file not found — waiting for MT5 to create it...","timestamp":"2026-03-28 18:38:47"}
{"level":"warn","message":"Price feed has stale data:","staleCount":4,"timestamp":"2026-03-28 18:38:47","total":4}
{"level":"warn","message":"DWX market data file not found — waiting for MT5 to create it...","timestamp":"2026-03-28 18:38:48"}
{"level":"warn","message":"Price feed has stale data:","staleCount":4,"timestamp":"2026-03-28 18:38:48","total":4}
{"level":"warn","message":"DWX market data file not found — waiting for MT5 to create it...","timestamp":"2026-03-28 18:38:49"}
{"level":"warn","message":"Price feed has stale data:","staleCount":4,"timestamp":"2026-03-28 18:38:49","total":4}
{"level":"warn","message":"DWX market data file not found — waiting for MT5 to create it...","timestamp":"2026-03-28 18:38:50"}
{"level":"warn","message":"Price feed has stale data:","staleCount":4,"timestamp":"2026-03-28 18:38:50","total":4}
{"level":"warn","message":"DWX market data file not found — waiting for MT5 to create it...","timestamp":"2026-03-28 18:38:51"}
{"level":"warn","message":"Price feed has stale data:","staleCount":4,"timestamp":"2026-03-28 18:38:51","total":4}
{"level":"warn","message":"DWX file not found — will retry watcher in 5s...","timestamp":"2026-03-28 18:38:51"}
{"level":"warn","message":"DWX market data file not found — waiting for MT5 to create it...","timestamp":"2026-03-28 18:38:52"}
{"level":"warn","message":"Price feed has stale data:","staleCount":4,"timestamp":"2026-03-28 18:38:52","total":4}
{"level":"warn","message":"DWX market data file not found — waiting for MT5 to create it...","timestamp":"2026-03-28 18:38:53"}
{"level":"warn","message":"Price feed has stale data:","staleCount":4,"timestamp":"2026-03-28 18:38:53","total":4}
{"level":"warn","message":"DWX market data file not found — waiting for MT5 to create it...","timestamp":"2026-03-28 18:38:54"}
{"level":"warn","message":"Price feed has stale data:","staleCount":4,"timestamp":"2026-03-28 18:38:54","total":4}
{"level":"warn","message":"DWX market data file not found — waiting for MT5 to create it...","timestamp":"2026-03-28 18:38:55"}
{"level":"warn","message":"Price feed has stale data:","staleCount":4,"timestamp":"2026-03-28 18:38:55","total":4}
{"level":"warn","message":"DWX market data file not found — waiting for MT5 to create it...","timestamp":"2026-03-28 18:38:56"}
{"level":"warn","message":"Price feed has stale data:","staleCount":4,"timestamp":"2026-03-28 18:38:56","total":4}
{"level":"warn","message":"DWX file not found — will retry watcher in 5s...","timestamp":"2026-03-28 18:38:56"}
{"level":"warn","message":"DWX market data file not found — waiting for MT5 to create it...","timestamp":"2026-03-28 18:38:57"}
{"level":"warn","message":"Price feed has stale data:","staleCount":4,"timestamp":"2026-03-28 18:38:57","total":4}
{"level":"warn","message":"DWX market data file not found — waiting for MT5 to create it...","timestamp":"2026-03-28 18:38:58"}
{"level":"warn","message":"Price feed has stale data:","staleCount":4,"timestamp":"2026-03-28 18:38:58","total":4}
{"level":"warn","message":"DWX market data file not found — waiting for MT5 to create it...","timestamp":"2026-03-28 18:38:59"}
{"level":"warn","message":"Price feed has stale data:","staleCount":4,"timestamp":"2026-03-28 18:38:59","total":4}
{"level":"warn","message":"DWX market data file not found — waiting for MT5 to create it...","timestamp":"2026-03-28 18:39:00"}
{"level":"warn","message":"Price feed has stale data:","staleCount":4,"timestamp":"2026-03-28 18:39:00","total":4}
{"level":"warn","message":"DWX market data file not found — waiting for MT5 to create it...","timestamp":"2026-03-28 18:39:01"}
{"level":"warn","message":"Price feed has stale data:","staleCount":4,"timestamp":"2026-03-28 18:39:01","total":4}
{"level":"warn","message":"DWX file not found — will retry watcher in 5s...","timestamp":"2026-03-28 18:39:01"}
{"level":"warn","message":"DWX market data file not found — waiting for MT5 to create it...","timestamp":"2026-03-28 18:39:02"}
{"level":"warn","message":"Price feed has stale data:","staleCount":4,"timestamp":"2026-03-28 18:39:02","total":4}
{"level":"warn","message":"DWX market data file not found — waiting for MT5 to create it...","timestamp":"2026-03-28 18:39:03"}
{"level":"warn","message":"Price feed has stale data:","staleCount":4,"timestamp":"2026-03-28 18:39:03","total":4}
{"level":"warn","message":"DWX market data file not found — waiting for MT5 to create it...","timestamp":"2026-03-28 18:39:04"}
{"level":"warn","message":"Price feed has stale data:","staleCount":4,"timestamp":"2026-03-28 18:39:04","total":4}
{"level":"warn","message":"DWX market data file not found — waiting for MT5 to create it...","timestamp":"2026-03-28 18:39:05"}
{"level":"warn","message":"Price feed has stale data:","staleCount":4,"timestamp":"2026-03-28 18:39:05","total":4}
{"level":"warn","message":"DWX market data file not found — waiting for MT5 to create it...","timestamp":"2026-03-28 18:39:06"}
{"level":"warn","message":"Price feed has stale data:","staleCount":4,"timestamp":"2026-03-28 18:39:06","total":4}
{"level":"warn","message":"DWX file not found — will retry watcher in 5s...","timestamp":"2026-03-28 18:39:06"}
{"level":"warn","message":"DWX market data file not found — waiting for MT5 to create it...","timestamp":"2026-03-28 18:39:07"}
{"level":"warn","message":"Price feed has stale data:","staleCount":4,"timestamp":"2026-03-28 18:39:07","total":4}
{"level":"warn","message":"DWX market data file not found — waiting for MT5 to create it...","timestamp":"2026-03-28 18:39:08"}
{"level":"warn","message":"Price feed has stale data:","staleCount":4,"timestamp":"2026-03-28 18:39:08","total":4}
{"level":"warn","message":"DWX market data file not found — waiting for MT5 to create it...","timestamp":"2026-03-28 18:39:09"}
{"level":"warn","message":"Price feed has stale data:","staleCount":4,"timestamp":"2026-03-28 18:39:09","total":4}
{"level":"warn","message":"DWX market data file not found — waiting for MT5 to create it...","timestamp":"2026-03-28 18:39:10"}
{"level":"warn","message":"Price feed has stale data:","staleCount":4,"timestamp":"2026-03-28 18:39:10","total":4}
{"level":"warn","message":"DWX market data file not found — waiting for MT5 to create it...","timestamp":"2026-03-28 18:39:11"}
{"level":"warn","message":"Price feed has stale data:","staleCount":4,"timestamp":"2026-03-28 18:39:11","total":4}
{"level":"warn","message":"DWX file not found — will retry watcher in 5s...","timestamp":"2026-03-28 18:39:11"}
{"level":"warn","message":"DWX market data file not found — waiting for MT5 to create it...","timestamp":"2026-03-28 18:39:12"}
{"level":"warn","message":"Price feed has stale data:","staleCount":4,"timestamp":"2026-03-28 18:39:12","total":4}
{"level":"warn","message":"DWX market data file not found — waiting for MT5 to create it...","timestamp":"2026-03-28 18:39:13"}
{"level":"warn","message":"Price feed has stale data:","staleCount":4,"timestamp":"2026-03-28 18:39:13","total":4}
{"duration_ms":0,"ip":"::1","level":"http","message":"GET /api/admin/kyc/stale","status":404,"timestamp":"2026-03-28 18:39:13","userAgent":"Mozilla/5.0 (Windows NT 10.0; Win64; x64) AppleWebKit/537.36 (KHTML, like Gecko) Chrome/146.0.0.0 Safari/537.36 Edg/146.0.0.0"}
{"duration_ms":1,"ip":"::1","level":"http","message":"GET /api/admin/kyc/stale","status":404,"timestamp":"2026-03-28 18:39:13","userAgent":"Mozilla/5.0 (Windows NT 10.0; Win64; x64) AppleWebKit/537.36 (KHTML, like Gecko) Chrome/146.0.0.0 Safari/537.36 Edg/146.0.0.0"}
{"level":"warn","message":"DWX market data file not found — waiting for MT5 to create it...","timestamp":"2026-03-28 18:39:14"}
{"level":"warn","message":"Price feed has stale data:","staleCount":4,"timestamp":"2026-03-28 18:39:14","total":4}
{"level":"warn","message":"DWX market data file not found — waiting for MT5 to create it...","timestamp":"2026-03-28 18:39:15"}
{"level":"warn","message":"Price feed has stale data:","staleCount":4,"timestamp":"2026-03-28 18:39:15","total":4}
{"level":"warn","message":"DWX market data file not found — waiting for MT5 to create it...","timestamp":"2026-03-28 18:39:16"}
{"level":"warn","message":"Price feed has stale data:","staleCount":4,"timestamp":"2026-03-28 18:39:16","total":4}
{"level":"warn","message":"DWX file not found — will retry watcher in 5s...","timestamp":"2026-03-28 18:39:16"}
{"level":"warn","message":"DWX market data file not found — waiting for MT5 to create it...","timestamp":"2026-03-28 18:39:17"}
{"level":"warn","message":"Price feed has stale data:","staleCount":4,"timestamp":"2026-03-28 18:39:17","total":4}
{"level":"warn","message":"DWX market data file not found — waiting for MT5 to create it...","timestamp":"2026-03-28 18:39:18"}
{"level":"warn","message":"Price feed has stale data:","staleCount":4,"timestamp":"2026-03-28 18:39:18","total":4}
{"level":"warn","message":"DWX market data file not found — waiting for MT5 to create it...","timestamp":"2026-03-28 18:39:19"}
{"level":"warn","message":"Price feed has stale data:","staleCount":4,"timestamp":"2026-03-28 18:39:19","total":4}
{"level":"warn","message":"DWX market data file not found — waiting for MT5 to create it...","timestamp":"2026-03-28 18:39:20"}
{"level":"warn","message":"Price feed has stale data:","staleCount":4,"timestamp":"2026-03-28 18:39:20","total":4}
{"level":"warn","message":"DWX market data file not found — waiting for MT5 to create it...","timestamp":"2026-03-28 18:39:21"}
{"level":"warn","message":"Price feed has stale data:","staleCount":4,"timestamp":"2026-03-28 18:39:21","total":4}
{"level":"warn","message":"DWX file not found — will retry watcher in 5s...","timestamp":"2026-03-28 18:39:21"}
{"level":"warn","message":"DWX market data file not found — waiting for MT5 to create it...","timestamp":"2026-03-28 18:39:22"}
{"level":"warn","message":"Price feed has stale data:","staleCount":4,"timestamp":"2026-03-28 18:39:22","total":4}
{"level":"warn","message":"DWX market data file not found — waiting for MT5 to create it...","timestamp":"2026-03-28 18:39:23"}
{"level":"warn","message":"Price feed has stale data:","staleCount":4,"timestamp":"2026-03-28 18:39:23","total":4}
{"level":"warn","message":"DWX market data file not found — waiting for MT5 to create it...","timestamp":"2026-03-28 18:39:24"}
{"level":"warn","message":"Price feed has stale data:","staleCount":4,"timestamp":"2026-03-28 18:39:24","total":4}
{"isAdmin":"[admin]","level":"http","message":"Socket connected:","socketId":"B4Ac5Ql9sns4U1BsAAAP","timestamp":"2026-03-28 18:39:24"}
{"level":"warn","message":"DWX market data file not found — waiting for MT5 to create it...","timestamp":"2026-03-28 18:39:25"}
{"level":"warn","message":"Price feed has stale data:","staleCount":4,"timestamp":"2026-03-28 18:39:25","total":4}
{"level":"warn","message":"DWX market data file not found — waiting for MT5 to create it...","timestamp":"2026-03-28 18:39:26"}
{"level":"warn","message":"Price feed has stale data:","staleCount":4,"timestamp":"2026-03-28 18:39:26","total":4}
{"level":"warn","message":"DWX file not found — will retry watcher in 5s...","timestamp":"2026-03-28 18:39:26"}
{"level":"warn","message":"DWX market data file not found — waiting for MT5 to create it...","timestamp":"2026-03-28 18:39:27"}
{"level":"warn","message":"Price feed has stale data:","staleCount":4,"timestamp":"2026-03-28 18:39:27","total":4}
{"level":"http","message":"Socket disconnected:","socketId":"B4Ac5Ql9sns4U1BsAAAP","timestamp":"2026-03-28 18:39:27"}
{"isAdmin":"[admin]","level":"http","message":"Socket connected:","socketId":"i1E9nG9evMOFgfPeAAAR","timestamp":"2026-03-28 18:39:27"}
{"level":"warn","message":"DWX market data file not found — waiting for MT5 to create it...","timestamp":"2026-03-28 18:39:28"}
{"level":"warn","message":"Price feed has stale data:","staleCount":4,"timestamp":"2026-03-28 18:39:28","total":4}
{"level":"warn","message":"DWX market data file not found — waiting for MT5 to create it...","timestamp":"2026-03-28 18:39:29"}
{"level":"warn","message":"Price feed has stale data:","staleCount":4,"timestamp":"2026-03-28 18:39:29","total":4}
{"level":"warn","message":"DWX market data file not found — waiting for MT5 to create it...","timestamp":"2026-03-28 18:39:30"}
{"level":"warn","message":"Price feed has stale data:","staleCount":4,"timestamp":"2026-03-28 18:39:30","total":4}
{"level":"warn","message":"DWX market data file not found — waiting for MT5 to create it...","timestamp":"2026-03-28 18:39:31"}
{"level":"warn","message":"Price feed has stale data:","staleCount":4,"timestamp":"2026-03-28 18:39:31","total":4}
{"level":"warn","message":"DWX file not found — will retry watcher in 5s...","timestamp":"2026-03-28 18:39:31"}
{"level":"warn","message":"DWX market data file not found — waiting for MT5 to create it...","timestamp":"2026-03-28 18:39:32"}
{"level":"warn","message":"Price feed has stale data:","staleCount":4,"timestamp":"2026-03-28 18:39:32","total":4}
{"level":"warn","message":"DWX market data file not found — waiting for MT5 to create it...","timestamp":"2026-03-28 18:39:33"}
{"level":"warn","message":"Price feed has stale data:","staleCount":4,"timestamp":"2026-03-28 18:39:33","total":4}
{"level":"http","message":"Socket disconnected:","socketId":"i1E9nG9evMOFgfPeAAAR","timestamp":"2026-03-28 18:39:33"}
{"isAdmin":"[admin]","level":"http","message":"Socket connected:","socketId":"WEIa7-tu47ps2NxhAAAT","timestamp":"2026-03-28 18:39:33"}
{"level":"warn","message":"DWX market data file not found — waiting for MT5 to create it...","timestamp":"2026-03-28 18:39:34"}
{"level":"warn","message":"Price feed has stale data:","staleCount":4,"timestamp":"2026-03-28 18:39:34","total":4}
{"level":"warn","message":"DWX market data file not found — waiting for MT5 to create it...","timestamp":"2026-03-28 18:39:35"}
{"level":"warn","message":"Price feed has stale data:","staleCount":4,"timestamp":"2026-03-28 18:39:35","total":4}
{"level":"warn","message":"DWX market data file not found — waiting for MT5 to create it...","timestamp":"2026-03-28 18:39:36"}
{"level":"warn","message":"Price feed has stale data:","staleCount":4,"timestamp":"2026-03-28 18:39:36","total":4}
{"level":"warn","message":"DWX file not found — will retry watcher in 5s...","timestamp":"2026-03-28 18:39:36"}
{"level":"warn","message":"DWX market data file not found — waiting for MT5 to create it...","timestamp":"2026-03-28 18:39:37"}
{"level":"warn","message":"Price feed has stale data:","staleCount":4,"timestamp":"2026-03-28 18:39:37","total":4}
{"level":"warn","message":"DWX market data file not found — waiting for MT5 to create it...","timestamp":"2026-03-28 18:39:38"}
{"level":"warn","message":"Price feed has stale data:","staleCount":4,"timestamp":"2026-03-28 18:39:38","total":4}
{"level":"warn","message":"DWX market data file not found — waiting for MT5 to create it...","timestamp":"2026-03-28 18:39:39"}
{"level":"warn","message":"Price feed has stale data:","staleCount":4,"timestamp":"2026-03-28 18:39:39","total":4}
{"level":"warn","message":"DWX market data file not found — waiting for MT5 to create it...","timestamp":"2026-03-28 18:39:40"}
{"level":"warn","message":"Price feed has stale data:","staleCount":4,"timestamp":"2026-03-28 18:39:40","total":4}
{"level":"warn","message":"DWX market data file not found — waiting for MT5 to create it...","timestamp":"2026-03-28 18:39:41"}
{"level":"warn","message":"Price feed has stale data:","staleCount":4,"timestamp":"2026-03-28 18:39:41","total":4}
{"level":"warn","message":"DWX file not found — will retry watcher in 5s...","timestamp":"2026-03-28 18:39:41"}
{"level":"warn","message":"DWX market data file not found — waiting for MT5 to create it...","timestamp":"2026-03-28 18:39:42"}
{"level":"warn","message":"Price feed has stale data:","staleCount":4,"timestamp":"2026-03-28 18:39:42","total":4}
{"level":"warn","message":"DWX market data file not found — waiting for MT5 to create it...","timestamp":"2026-03-28 18:39:43"}
{"level":"warn","message":"Price feed has stale data:","staleCount":4,"timestamp":"2026-03-28 18:39:43","total":4}
{"level":"warn","message":"DWX market data file not found — waiting for MT5 to create it...","timestamp":"2026-03-28 18:39:44"}
{"level":"warn","message":"Price feed has stale data:","staleCount":4,"timestamp":"2026-03-28 18:39:44","total":4}
{"level":"warn","message":"DWX market data file not found — waiting for MT5 to create it...","timestamp":"2026-03-28 18:39:45"}
{"level":"warn","message":"Price feed has stale data:","staleCount":4,"timestamp":"2026-03-28 18:39:45","total":4}
{"level":"warn","message":"DWX market data file not found — waiting for MT5 to create it...","timestamp":"2026-03-28 18:39:46"}
{"level":"warn","message":"Price feed has stale data:","staleCount":4,"timestamp":"2026-03-28 18:39:46","total":4}
{"level":"warn","message":"DWX file not found — will retry watcher in 5s...","timestamp":"2026-03-28 18:39:46"}
{"level":"warn","message":"DWX market data file not found — waiting for MT5 to create it...","timestamp":"2026-03-28 18:39:47"}
{"level":"warn","message":"Price feed has stale data:","staleCount":4,"timestamp":"2026-03-28 18:39:47","total":4}
{"level":"warn","message":"DWX market data file not found — waiting for MT5 to create it...","timestamp":"2026-03-28 18:39:48"}
{"level":"warn","message":"Price feed has stale data:","staleCount":4,"timestamp":"2026-03-28 18:39:48","total":4}
{"level":"http","message":"Socket disconnected:","socketId":"WEIa7-tu47ps2NxhAAAT","timestamp":"2026-03-28 18:39:48"}
{"isAdmin":"[admin]","level":"http","message":"Socket connected:","socketId":"hS_xZBsQkdhFHeBDAAAV","timestamp":"2026-03-28 18:39:48"}
{"level":"warn","message":"DWX market data file not found — waiting for MT5 to create it...","timestamp":"2026-03-28 18:39:49"}
{"level":"warn","message":"Price feed has stale data:","staleCount":4,"timestamp":"2026-03-28 18:39:49","total":4}
{"level":"http","message":"Socket disconnected:","socketId":"hS_xZBsQkdhFHeBDAAAV","timestamp":"2026-03-28 18:39:50"}
{"isAdmin":"[admin]","level":"http","message":"Socket connected:","socketId":"79ttL6iAJzuHAIQRAAAX","timestamp":"2026-03-28 18:39:50"}
{"level":"warn","message":"DWX market data file not found — waiting for MT5 to create it...","timestamp":"2026-03-28 18:39:50"}
{"level":"warn","message":"Price feed has stale data:","staleCount":4,"timestamp":"2026-03-28 18:39:50","total":4}
{"level":"warn","message":"DWX market data file not found — waiting for MT5 to create it...","timestamp":"2026-03-28 18:39:51"}
{"level":"warn","message":"Price feed has stale data:","staleCount":4,"timestamp":"2026-03-28 18:39:51","total":4}
{"level":"warn","message":"DWX file not found — will retry watcher in 5s...","timestamp":"2026-03-28 18:39:51"}
{"level":"warn","message":"DWX market data file not found — waiting for MT5 to create it...","timestamp":"2026-03-28 18:39:52"}
{"level":"warn","message":"Price feed has stale data:","staleCount":4,"timestamp":"2026-03-28 18:39:52","total":4}
{"level":"http","message":"Socket disconnected:","socketId":"79ttL6iAJzuHAIQRAAAX","timestamp":"2026-03-28 18:39:52"}
{"isAdmin":"[admin]","level":"http","message":"Socket connected:","socketId":"XSlndC0Beh-LKtocAAAZ","timestamp":"2026-03-28 18:39:52"}
{"level":"warn","message":"DWX market data file not found — waiting for MT5 to create it...","timestamp":"2026-03-28 18:39:53"}
{"level":"warn","message":"Price feed has stale data:","staleCount":4,"timestamp":"2026-03-28 18:39:53","total":4}
{"level":"warn","message":"DWX market data file not found — waiting for MT5 to create it...","timestamp":"2026-03-28 18:39:54"}
{"level":"warn","message":"Price feed has stale data:","staleCount":4,"timestamp":"2026-03-28 18:39:54","total":4}
{"level":"warn","message":"DWX market data file not found — waiting for MT5 to create it...","timestamp":"2026-03-28 18:39:55"}
{"level":"warn","message":"Price feed has stale data:","staleCount":4,"timestamp":"2026-03-28 18:39:55","total":4}
{"level":"warn","message":"DWX market data file not found — waiting for MT5 to create it...","timestamp":"2026-03-28 18:39:56"}
{"level":"warn","message":"Price feed has stale data:","staleCount":4,"timestamp":"2026-03-28 18:39:56","total":4}
{"level":"warn","message":"DWX file not found — will retry watcher in 5s...","timestamp":"2026-03-28 18:39:56"}
{"level":"warn","message":"DWX market data file not found — waiting for MT5 to create it...","timestamp":"2026-03-28 18:39:57"}
{"level":"warn","message":"Price feed has stale data:","staleCount":4,"timestamp":"2026-03-28 18:39:57","total":4}
{"level":"warn","message":"DWX market data file not found — waiting for MT5 to create it...","timestamp":"2026-03-28 18:39:58"}
{"level":"warn","message":"Price feed has stale data:","staleCount":4,"timestamp":"2026-03-28 18:39:58","total":4}
{"level":"warn","message":"DWX market data file not found — waiting for MT5 to create it...","timestamp":"2026-03-28 18:39:59"}
{"level":"warn","message":"Price feed has stale data:","staleCount":4,"timestamp":"2026-03-28 18:39:59","total":4}
{"level":"warn","message":"DWX market data file not found — waiting for MT5 to create it...","timestamp":"2026-03-28 18:40:00"}
{"level":"warn","message":"Price feed has stale data:","staleCount":4,"timestamp":"2026-03-28 18:40:00","total":4}
{"level":"warn","message":"DWX market data file not found — waiting for MT5 to create it...","timestamp":"2026-03-28 18:40:01"}
{"level":"warn","message":"Price feed has stale data:","staleCount":4,"timestamp":"2026-03-28 18:40:01","total":4}
{"level":"warn","message":"DWX file not found — will retry watcher in 5s...","timestamp":"2026-03-28 18:40:01"}
{"level":"warn","message":"DWX market data file not found — waiting for MT5 to create it...","timestamp":"2026-03-28 18:40:02"}
{"level":"warn","message":"Price feed has stale data:","staleCount":4,"timestamp":"2026-03-28 18:40:02","total":4}
{"level":"warn","message":"DWX market data file not found — waiting for MT5 to create it...","timestamp":"2026-03-28 18:40:03"}
{"level":"warn","message":"Price feed has stale data:","staleCount":4,"timestamp":"2026-03-28 18:40:03","total":4}
{"level":"http","message":"Socket disconnected:","socketId":"XSlndC0Beh-LKtocAAAZ","timestamp":"2026-03-28 18:40:03"}
{"isAdmin":"[admin]","level":"http","message":"Socket connected:","socketId":"I3kfWz-nqa0nF2GnAAAb","timestamp":"2026-03-28 18:40:03"}
{"level":"warn","message":"DWX market data file not found — waiting for MT5 to create it...","timestamp":"2026-03-28 18:40:04"}
{"level":"warn","message":"Price feed has stale data:","staleCount":4,"timestamp":"2026-03-28 18:40:04","total":4}
{"level":"warn","message":"DWX market data file not found — waiting for MT5 to create it...","timestamp":"2026-03-28 18:40:05"}
{"level":"warn","message":"Price feed has stale data:","staleCount":4,"timestamp":"2026-03-28 18:40:05","total":4}
{"level":"warn","message":"DWX market data file not found — waiting for MT5 to create it...","timestamp":"2026-03-28 18:40:06"}
{"level":"warn","message":"Price feed has stale data:","staleCount":4,"timestamp":"2026-03-28 18:40:06","total":4}
{"level":"warn","message":"DWX file not found — will retry watcher in 5s...","timestamp":"2026-03-28 18:40:06"}
{"level":"warn","message":"DWX market data file not found — waiting for MT5 to create it...","timestamp":"2026-03-28 18:40:07"}
{"level":"warn","message":"Price feed has stale data:","staleCount":4,"timestamp":"2026-03-28 18:40:07","total":4}
{"level":"warn","message":"DWX market data file not found — waiting for MT5 to create it...","timestamp":"2026-03-28 18:40:08"}
{"level":"warn","message":"Price feed has stale data:","staleCount":4,"timestamp":"2026-03-28 18:40:08","total":4}
{"level":"warn","message":"DWX market data file not found — waiting for MT5 to create it...","timestamp":"2026-03-28 18:40:09"}
{"level":"warn","message":"Price feed has stale data:","staleCount":4,"timestamp":"2026-03-28 18:40:09","total":4}
{"level":"warn","message":"DWX market data file not found — waiting for MT5 to create it...","timestamp":"2026-03-28 18:40:10"}
{"level":"warn","message":"Price feed has stale data:","staleCount":4,"timestamp":"2026-03-28 18:40:10","total":4}
{"level":"warn","message":"DWX market data file not found — waiting for MT5 to create it...","timestamp":"2026-03-28 18:40:11"}
{"level":"warn","message":"Price feed has stale data:","staleCount":4,"timestamp":"2026-03-28 18:40:11","total":4}
{"level":"warn","message":"DWX file not found — will retry watcher in 5s...","timestamp":"2026-03-28 18:40:11"}
{"level":"warn","message":"DWX market data file not found — waiting for MT5 to create it...","timestamp":"2026-03-28 18:40:12"}
{"level":"warn","message":"Price feed has stale data:","staleCount":4,"timestamp":"2026-03-28 18:40:12","total":4}
{"level":"warn","message":"DWX market data file not found — waiting for MT5 to create it...","timestamp":"2026-03-28 18:40:13"}
{"level":"warn","message":"Price feed has stale data:","staleCount":4,"timestamp":"2026-03-28 18:40:13","total":4}
{"level":"warn","message":"DWX market data file not found — waiting for MT5 to create it...","timestamp":"2026-03-28 18:40:14"}
{"level":"warn","message":"Price feed has stale data:","staleCount":4,"timestamp":"2026-03-28 18:40:14","total":4}
{"level":"warn","message":"DWX market data file not found — waiting for MT5 to create it...","timestamp":"2026-03-28 18:40:15"}
{"level":"warn","message":"Price feed has stale data:","staleCount":4,"timestamp":"2026-03-28 18:40:15","total":4}
{"level":"warn","message":"DWX market data file not found — waiting for MT5 to create it...","timestamp":"2026-03-28 18:40:16"}
{"level":"warn","message":"Price feed has stale data:","staleCount":4,"timestamp":"2026-03-28 18:40:16","total":4}
{"level":"warn","message":"DWX file not found — will retry watcher in 5s...","timestamp":"2026-03-28 18:40:16"}
{"level":"warn","message":"DWX market data file not found — waiting for MT5 to create it...","timestamp":"2026-03-28 18:40:17"}
{"level":"warn","message":"Price feed has stale data:","staleCount":4,"timestamp":"2026-03-28 18:40:17","total":4}
{"level":"http","message":"Socket disconnected:","socketId":"I3kfWz-nqa0nF2GnAAAb","timestamp":"2026-03-28 18:40:18"}
{"isAdmin":"[admin]","level":"http","message":"Socket connected:","socketId":"V1x5fJagRNsoUCwiAAAd","timestamp":"2026-03-28 18:40:18"}
{"level":"warn","message":"DWX market data file not found — waiting for MT5 to create it...","timestamp":"2026-03-28 18:40:18"}
{"level":"warn","message":"Price feed has stale data:","staleCount":4,"timestamp":"2026-03-28 18:40:18","total":4}
{"level":"warn","message":"DWX market data file not found — waiting for MT5 to create it...","timestamp":"2026-03-28 18:40:19"}
{"level":"warn","message":"Price feed has stale data:","staleCount":4,"timestamp":"2026-03-28 18:40:19","total":4}
{"level":"warn","message":"DWX market data file not found — waiting for MT5 to create it...","timestamp":"2026-03-28 18:40:20"}
{"level":"warn","message":"Price feed has stale data:","staleCount":4,"timestamp":"2026-03-28 18:40:20","total":4}
{"level":"warn","message":"DWX file not found — will retry watcher in 5s...","timestamp":"2026-03-28 18:40:21"}
{"level":"warn","message":"DWX market data file not found — waiting for MT5 to create it...","timestamp":"2026-03-28 18:40:21"}
{"level":"warn","message":"Price feed has stale data:","staleCount":4,"timestamp":"2026-03-28 18:40:21","total":4}
{"level":"warn","message":"DWX market data file not found — waiting for MT5 to create it...","timestamp":"2026-03-28 18:40:22"}
{"level":"warn","message":"Price feed has stale data:","staleCount":4,"timestamp":"2026-03-28 18:40:22","total":4}
{"level":"warn","message":"DWX market data file not found — waiting for MT5 to create it...","timestamp":"2026-03-28 18:40:23"}
{"level":"warn","message":"Price feed has stale data:","staleCount":4,"timestamp":"2026-03-28 18:40:23","total":4}
{"level":"http","message":"Socket disconnected:","socketId":"V1x5fJagRNsoUCwiAAAd","timestamp":"2026-03-28 18:40:24"}
{"level":"warn","message":"DWX market data file not found — waiting for MT5 to create it...","timestamp":"2026-03-28 18:40:24"}
{"level":"warn","message":"Price feed has stale data:","staleCount":4,"timestamp":"2026-03-28 18:40:24","total":4}
{"level":"warn","message":"DWX market data file not found — waiting for MT5 to create it...","timestamp":"2026-03-28 18:40:25"}
{"level":"warn","message":"Price feed has stale data:","staleCount":4,"timestamp":"2026-03-28 18:40:25","total":4}
{"level":"warn","message":"DWX file not found — will retry watcher in 5s...","timestamp":"2026-03-28 18:40:26"}
{"level":"warn","message":"DWX market data file not found — waiting for MT5 to create it...","timestamp":"2026-03-28 18:40:26"}
{"level":"warn","message":"Price feed has stale data:","staleCount":4,"timestamp":"2026-03-28 18:40:26","total":4}
{"isAdmin":"[admin]","level":"http","message":"Socket connected:","socketId":"TDotOs-_Q8Lks56gAAAg","timestamp":"2026-03-28 18:40:26"}
{"level":"warn","message":"DWX market data file not found — waiting for MT5 to create it...","timestamp":"2026-03-28 18:40:27"}
{"level":"warn","message":"Price feed has stale data:","staleCount":4,"timestamp":"2026-03-28 18:40:27","total":4}
{"level":"warn","message":"DWX market data file not found — waiting for MT5 to create it...","timestamp":"2026-03-28 18:40:28"}
{"level":"warn","message":"Price feed has stale data:","staleCount":4,"timestamp":"2026-03-28 18:40:28","total":4}
{"level":"warn","message":"DWX market data file not found — waiting for MT5 to create it...","timestamp":"2026-03-28 18:40:29"}
{"level":"warn","message":"Price feed has stale data:","staleCount":4,"timestamp":"2026-03-28 18:40:29","total":4}
{"level":"http","message":"Socket disconnected:","socketId":"TDotOs-_Q8Lks56gAAAg","timestamp":"2026-03-28 18:40:30"}
{"isAdmin":"[admin]","level":"http","message":"Socket connected:","socketId":"Oj2Pu6hSAdpfXHggAAAi","timestamp":"2026-03-28 18:40:30"}
{"level":"warn","message":"DWX market data file not found — waiting for MT5 to create it...","timestamp":"2026-03-28 18:40:30"}
{"level":"warn","message":"Price feed has stale data:","staleCount":4,"timestamp":"2026-03-28 18:40:30","total":4}
{"level":"warn","message":"DWX file not found — will retry watcher in 5s...","timestamp":"2026-03-28 18:40:31"}
{"level":"warn","message":"DWX market data file not found — waiting for MT5 to create it...","timestamp":"2026-03-28 18:40:31"}
{"level":"warn","message":"Price feed has stale data:","staleCount":4,"timestamp":"2026-03-28 18:40:31","total":4}
{"level":"warn","message":"DWX market data file not found — waiting for MT5 to create it...","timestamp":"2026-03-28 18:40:32"}
{"level":"warn","message":"Price feed has stale data:","staleCount":4,"timestamp":"2026-03-28 18:40:32","total":4}
{"level":"http","message":"Socket disconnected:","socketId":"Oj2Pu6hSAdpfXHggAAAi","timestamp":"2026-03-28 18:40:33"}
{"isAdmin":"[admin]","level":"http","message":"Socket connected:","socketId":"pJ0opByRNuUBwSiJAAAk","timestamp":"2026-03-28 18:40:33"}
{"level":"http","message":"Socket disconnected:","socketId":"pJ0opByRNuUBwSiJAAAk","timestamp":"2026-03-28 18:40:33"}
{"isAdmin":"[admin]","level":"http","message":"Socket connected:","socketId":"4DFDStMSx4ZC_7TnAAAm","timestamp":"2026-03-28 18:40:33"}
{"level":"warn","message":"DWX market data file not found — waiting for MT5 to create it...","timestamp":"2026-03-28 18:40:33"}
{"level":"warn","message":"Price feed has stale data:","staleCount":4,"timestamp":"2026-03-28 18:40:33","total":4}
{"level":"http","message":"Socket disconnected:","socketId":"4DFDStMSx4ZC_7TnAAAm","timestamp":"2026-03-28 18:40:34"}
{"isAdmin":"[admin]","level":"http","message":"Socket connected:","socketId":"DwtRV62iESdsZU7UAAAo","timestamp":"2026-03-28 18:40:34"}
{"level":"warn","message":"DWX market data file not found — waiting for MT5 to create it...","timestamp":"2026-03-28 18:40:34"}
{"level":"warn","message":"Price feed has stale data:","staleCount":4,"timestamp":"2026-03-28 18:40:34","total":4}
{"level":"warn","message":"DWX market data file not found — waiting for MT5 to create it...","timestamp":"2026-03-28 18:40:35"}
{"level":"warn","message":"Price feed has stale data:","staleCount":4,"timestamp":"2026-03-28 18:40:35","total":4}
{"level":"warn","message":"DWX file not found — will retry watcher in 5s...","timestamp":"2026-03-28 18:40:36"}
{"level":"warn","message":"DWX market data file not found — waiting for MT5 to create it...","timestamp":"2026-03-28 18:40:36"}
{"level":"warn","message":"Price feed has stale data:","staleCount":4,"timestamp":"2026-03-28 18:40:36","total":4}
{"level":"http","message":"Socket disconnected:","socketId":"nuJ9BWrEMDt9UUGvAAAM","timestamp":"2026-03-28 18:40:37"}
{"level":"warn","message":"DWX market data file not found — waiting for MT5 to create it...","timestamp":"2026-03-28 18:40:37"}
{"level":"warn","message":"Price feed has stale data:","staleCount":4,"timestamp":"2026-03-28 18:40:37","total":4}
{"level":"warn","message":"DWX market data file not found — waiting for MT5 to create it...","timestamp":"2026-03-28 18:40:38"}
{"level":"warn","message":"Price feed has stale data:","staleCount":4,"timestamp":"2026-03-28 18:40:38","total":4}
{"level":"warn","message":"DWX market data file not found — waiting for MT5 to create it...","timestamp":"2026-03-28 18:40:39"}
{"level":"warn","message":"Price feed has stale data:","staleCount":4,"timestamp":"2026-03-28 18:40:39","total":4}
{"level":"warn","message":"DWX market data file not found — waiting for MT5 to create it...","timestamp":"2026-03-28 18:40:40"}
{"level":"warn","message":"Price feed has stale data:","staleCount":4,"timestamp":"2026-03-28 18:40:40","total":4}
{"level":"warn","message":"DWX file not found — will retry watcher in 5s...","timestamp":"2026-03-28 18:40:41"}
{"level":"warn","message":"DWX market data file not found — waiting for MT5 to create it...","timestamp":"2026-03-28 18:40:41"}
{"level":"warn","message":"Price feed has stale data:","staleCount":4,"timestamp":"2026-03-28 18:40:41","total":4}
{"isAdmin":"[admin]","level":"http","message":"Socket connected:","socketId":"dhGj4A7wBVMeSY15AAAr","timestamp":"2026-03-28 18:40:42"}
{"level":"warn","message":"DWX market data file not found — waiting for MT5 to create it...","timestamp":"2026-03-28 18:40:42"}
{"level":"warn","message":"Price feed has stale data:","staleCount":4,"timestamp":"2026-03-28 18:40:42","total":4}
{"level":"warn","message":"DWX market data file not found — waiting for MT5 to create it...","timestamp":"2026-03-28 18:40:43"}
{"level":"warn","message":"Price feed has stale data:","staleCount":4,"timestamp":"2026-03-28 18:40:43","total":4}
{"level":"http","message":"Socket disconnected:","socketId":"dhGj4A7wBVMeSY15AAAr","timestamp":"2026-03-28 18:40:44"}
{"isAdmin":"[admin]","level":"http","message":"Socket connected:","socketId":"jXJB-69UouE9tPzdAAAt","timestamp":"2026-03-28 18:40:44"}
{"level":"warn","message":"DWX market data file not found — waiting for MT5 to create it...","timestamp":"2026-03-28 18:40:45"}
{"level":"warn","message":"Price feed has stale data:","staleCount":4,"timestamp":"2026-03-28 18:40:45","total":4}
{"level":"warn","message":"DWX market data file not found — waiting for MT5 to create it...","timestamp":"2026-03-28 18:40:46"}
{"level":"warn","message":"Price feed has stale data:","staleCount":4,"timestamp":"2026-03-28 18:40:46","total":4}
{"level":"warn","message":"DWX file not found — will retry watcher in 5s...","timestamp":"2026-03-28 18:40:46"}
{"level":"warn","message":"DWX market data file not found — waiting for MT5 to create it...","timestamp":"2026-03-28 18:40:47"}
{"level":"warn","message":"Price feed has stale data:","staleCount":4,"timestamp":"2026-03-28 18:40:47","total":4}
{"level":"warn","message":"DWX market data file not found — waiting for MT5 to create it...","timestamp":"2026-03-28 18:40:48"}
{"level":"warn","message":"Price feed has stale data:","staleCount":4,"timestamp":"2026-03-28 18:40:48","total":4}
{"level":"warn","message":"DWX market data file not found — waiting for MT5 to create it...","timestamp":"2026-03-28 18:40:49"}
{"level":"warn","message":"Price feed has stale data:","staleCount":4,"timestamp":"2026-03-28 18:40:49","total":4}
{"level":"http","message":"Socket disconnected:","socketId":"DwtRV62iESdsZU7UAAAo","timestamp":"2026-03-28 18:40:49"}
{"isAdmin":"[admin]","level":"http","message":"Socket connected:","socketId":"jJOJL1qMiCm6CcfgAAAv","timestamp":"2026-03-28 18:40:49"}
{"level":"warn","message":"DWX market data file not found — waiting for MT5 to create it...","timestamp":"2026-03-28 18:40:50"}
{"level":"warn","message":"Price feed has stale data:","staleCount":4,"timestamp":"2026-03-28 18:40:50","total":4}
{"level":"warn","message":"DWX market data file not found — waiting for MT5 to create it...","timestamp":"2026-03-28 18:40:51"}
{"level":"warn","message":"Price feed has stale data:","staleCount":4,"timestamp":"2026-03-28 18:40:51","total":4}
{"level":"http","message":"Socket disconnected:","socketId":"jXJB-69UouE9tPzdAAAt","timestamp":"2026-03-28 18:40:51"}
{"level":"warn","message":"DWX file not found — will retry watcher in 5s...","timestamp":"2026-03-28 18:40:51"}
{"level":"warn","message":"DWX market data file not found — waiting for MT5 to create it...","timestamp":"2026-03-28 18:40:52"}
{"level":"warn","message":"Price feed has stale data:","staleCount":4,"timestamp":"2026-03-28 18:40:52","total":4}
{"level":"warn","message":"DWX market data file not found — waiting for MT5 to create it...","timestamp":"2026-03-28 18:40:53"}
{"level":"warn","message":"Price feed has stale data:","staleCount":4,"timestamp":"2026-03-28 18:40:53","total":4}
{"level":"warn","message":"DWX market data file not found — waiting for MT5 to create it...","timestamp":"2026-03-28 18:40:54"}
{"level":"warn","message":"Price feed has stale data:","staleCount":4,"timestamp":"2026-03-28 18:40:54","total":4}
{"level":"warn","message":"DWX market data file not found — waiting for MT5 to create it...","timestamp":"2026-03-28 18:40:55"}
{"level":"warn","message":"Price feed has stale data:","staleCount":4,"timestamp":"2026-03-28 18:40:55","total":4}
{"level":"warn","message":"DWX market data file not found — waiting for MT5 to create it...","timestamp":"2026-03-28 18:40:56"}
{"level":"warn","message":"Price feed has stale data:","staleCount":4,"timestamp":"2026-03-28 18:40:56","total":4}
{"level":"warn","message":"DWX file not found — will retry watcher in 5s...","timestamp":"2026-03-28 18:40:56"}
{"level":"warn","message":"DWX market data file not found — waiting for MT5 to create it...","timestamp":"2026-03-28 18:40:57"}
{"level":"warn","message":"Price feed has stale data:","staleCount":4,"timestamp":"2026-03-28 18:40:57","total":4}
{"level":"warn","message":"DWX market data file not found — waiting for MT5 to create it...","timestamp":"2026-03-28 18:40:58"}
{"level":"warn","message":"Price feed has stale data:","staleCount":4,"timestamp":"2026-03-28 18:40:58","total":4}
{"level":"warn","message":"DWX market data file not found — waiting for MT5 to create it...","timestamp":"2026-03-28 18:40:59"}
{"level":"warn","message":"Price feed has stale data:","staleCount":4,"timestamp":"2026-03-28 18:40:59","total":4}
{"level":"warn","message":"DWX market data file not found — waiting for MT5 to create it...","timestamp":"2026-03-28 18:41:00"}
{"level":"warn","message":"Price feed has stale data:","staleCount":4,"timestamp":"2026-03-28 18:41:00","total":4}
{"level":"warn","message":"DWX market data file not found — waiting for MT5 to create it...","timestamp":"2026-03-28 18:41:01"}
{"level":"warn","message":"Price feed has stale data:","staleCount":4,"timestamp":"2026-03-28 18:41:01","total":4}
{"level":"warn","message":"DWX file not found — will retry watcher in 5s...","timestamp":"2026-03-28 18:41:01"}
{"level":"warn","message":"DWX market data file not found — waiting for MT5 to create it...","timestamp":"2026-03-28 18:41:02"}
{"level":"warn","message":"Price feed has stale data:","staleCount":4,"timestamp":"2026-03-28 18:41:02","total":4}
{"level":"warn","message":"DWX market data file not found — waiting for MT5 to create it...","timestamp":"2026-03-28 18:41:03"}
{"level":"warn","message":"Price feed has stale data:","staleCount":4,"timestamp":"2026-03-28 18:41:03","total":4}
{"level":"warn","message":"DWX market data file not found — waiting for MT5 to create it...","timestamp":"2026-03-28 18:41:04"}
{"level":"warn","message":"Price feed has stale data:","staleCount":4,"timestamp":"2026-03-28 18:41:04","total":4}
{"level":"http","message":"Socket disconnected:","socketId":"jJOJL1qMiCm6CcfgAAAv","timestamp":"2026-03-28 18:41:04"}
{"isAdmin":"[admin]","level":"http","message":"Socket connected:","socketId":"oDQdc4HccxYjpvWGAAAx","timestamp":"2026-03-28 18:41:04"}
{"level":"warn","message":"DWX market data file not found — waiting for MT5 to create it...","timestamp":"2026-03-28 18:41:05"}
{"level":"warn","message":"Price feed has stale data:","staleCount":4,"timestamp":"2026-03-28 18:41:05","total":4}
{"level":"warn","message":"DWX market data file not found — waiting for MT5 to create it...","timestamp":"2026-03-28 18:41:06"}
{"level":"warn","message":"Price feed has stale data:","staleCount":4,"timestamp":"2026-03-28 18:41:06","total":4}
{"level":"warn","message":"DWX file not found — will retry watcher in 5s...","timestamp":"2026-03-28 18:41:06"}
{"level":"warn","message":"DWX market data file not found — waiting for MT5 to create it...","timestamp":"2026-03-28 18:41:07"}
{"level":"warn","message":"Price feed has stale data:","staleCount":4,"timestamp":"2026-03-28 18:41:07","total":4}
{"level":"warn","message":"DWX market data file not found — waiting for MT5 to create it...","timestamp":"2026-03-28 18:41:08"}
{"level":"warn","message":"Price feed has stale data:","staleCount":4,"timestamp":"2026-03-28 18:41:08","total":4}
{"level":"warn","message":"DWX market data file not found — waiting for MT5 to create it...","timestamp":"2026-03-28 18:41:09"}
{"level":"warn","message":"Price feed has stale data:","staleCount":4,"timestamp":"2026-03-28 18:41:09","total":4}
{"level":"warn","message":"DWX market data file not found — waiting for MT5 to create it...","timestamp":"2026-03-28 18:41:10"}
{"level":"warn","message":"Price feed has stale data:","staleCount":4,"timestamp":"2026-03-28 18:41:10","total":4}
{"level":"warn","message":"DWX market data file not found — waiting for MT5 to create it...","timestamp":"2026-03-28 18:41:11"}
{"level":"warn","message":"Price feed has stale data:","staleCount":4,"timestamp":"2026-03-28 18:41:11","total":4}
{"level":"warn","message":"DWX file not found — will retry watcher in 5s...","timestamp":"2026-03-28 18:41:11"}
{"level":"warn","message":"DWX market data file not found — waiting for MT5 to create it...","timestamp":"2026-03-28 18:41:12"}
{"level":"warn","message":"Price feed has stale data:","staleCount":4,"timestamp":"2026-03-28 18:41:12","total":4}
{"level":"warn","message":"DWX market data file not found — waiting for MT5 to create it...","timestamp":"2026-03-28 18:41:13"}
{"level":"warn","message":"Price feed has stale data:","staleCount":4,"timestamp":"2026-03-28 18:41:13","total":4}
{"level":"warn","message":"DWX market data file not found — waiting for MT5 to create it...","timestamp":"2026-03-28 18:41:14"}
{"level":"warn","message":"Price feed has stale data:","staleCount":4,"timestamp":"2026-03-28 18:41:14","total":4}
{"level":"warn","message":"DWX market data file not found — waiting for MT5 to create it...","timestamp":"2026-03-28 18:41:15"}
{"level":"warn","message":"Price feed has stale data:","staleCount":4,"timestamp":"2026-03-28 18:41:15","total":4}
{"level":"warn","message":"DWX market data file not found — waiting for MT5 to create it...","timestamp":"2026-03-28 18:41:16"}
{"level":"warn","message":"Price feed has stale data:","staleCount":4,"timestamp":"2026-03-28 18:41:16","total":4}
{"level":"warn","message":"DWX file not found — will retry watcher in 5s...","timestamp":"2026-03-28 18:41:16"}
{"level":"warn","message":"DWX market data file not found — waiting for MT5 to create it...","timestamp":"2026-03-28 18:41:17"}
{"level":"warn","message":"Price feed has stale data:","staleCount":4,"timestamp":"2026-03-28 18:41:17","total":4}
{"level":"warn","message":"DWX market data file not found — waiting for MT5 to create it...","timestamp":"2026-03-28 18:41:18"}
{"level":"warn","message":"Price feed has stale data:","staleCount":4,"timestamp":"2026-03-28 18:41:18","total":4}
{"level":"http","message":"Socket disconnected:","socketId":"oDQdc4HccxYjpvWGAAAx","timestamp":"2026-03-28 18:41:18"}
{"isAdmin":"[admin]","level":"http","message":"Socket connected:","socketId":"oOGY9RB683VDFpdyAAAz","timestamp":"2026-03-28 18:41:18"}
{"level":"warn","message":"DWX market data file not found — waiting for MT5 to create it...","timestamp":"2026-03-28 18:41:19"}
{"level":"warn","message":"Price feed has stale data:","staleCount":4,"timestamp":"2026-03-28 18:41:19","total":4}
{"level":"http","message":"Socket disconnected:","socketId":"oOGY9RB683VDFpdyAAAz","timestamp":"2026-03-28 18:41:20"}
{"duration_ms":0,"ip":"::1","level":"http","message":"GET /api/admin/kyc/stale","status":404,"timestamp":"2026-03-28 18:41:20","userAgent":"Mozilla/5.0 (Windows NT 10.0; Win64; x64) AppleWebKit/537.36 (KHTML, like Gecko) Chrome/146.0.0.0 Safari/537.36 Edg/146.0.0.0"}
{"duration_ms":0,"ip":"::1","level":"http","message":"GET /api/admin/kyc/stale","status":404,"timestamp":"2026-03-28 18:41:20","userAgent":"Mozilla/5.0 (Windows NT 10.0; Win64; x64) AppleWebKit/537.36 (KHTML, like Gecko) Chrome/146.0.0.0 Safari/537.36 Edg/146.0.0.0"}
{"level":"warn","message":"DWX market data file not found — waiting for MT5 to create it...","timestamp":"2026-03-28 18:41:20"}
{"level":"warn","message":"Price feed has stale data:","staleCount":4,"timestamp":"2026-03-28 18:41:20","total":4}
{"level":"warn","message":"DWX market data file not found — waiting for MT5 to create it...","timestamp":"2026-03-28 18:41:21"}
{"level":"warn","message":"Price feed has stale data:","staleCount":4,"timestamp":"2026-03-28 18:41:21","total":4}
{"level":"warn","message":"DWX file not found — will retry watcher in 5s...","timestamp":"2026-03-28 18:41:21"}
{"level":"warn","message":"DWX market data file not found — waiting for MT5 to create it...","timestamp":"2026-03-28 18:41:22"}
{"level":"warn","message":"Price feed has stale data:","staleCount":4,"timestamp":"2026-03-28 18:41:22","total":4}
{"level":"warn","message":"DWX market data file not found — waiting for MT5 to create it...","timestamp":"2026-03-28 18:41:23"}
{"level":"warn","message":"Price feed has stale data:","staleCount":4,"timestamp":"2026-03-28 18:41:23","total":4}
{"level":"warn","message":"DWX market data file not found — waiting for MT5 to create it...","timestamp":"2026-03-28 18:41:24"}
{"level":"warn","message":"Price feed has stale data:","staleCount":4,"timestamp":"2026-03-28 18:41:24","total":4}
{"level":"warn","message":"DWX market data file not found — waiting for MT5 to create it...","timestamp":"2026-03-28 18:41:25"}
{"level":"warn","message":"Price feed has stale data:","staleCount":4,"timestamp":"2026-03-28 18:41:25","total":4}
{"level":"warn","message":"DWX market data file not found — waiting for MT5 to create it...","timestamp":"2026-03-28 18:41:26"}
{"level":"warn","message":"Price feed has stale data:","staleCount":4,"timestamp":"2026-03-28 18:41:26","total":4}
{"level":"warn","message":"DWX file not found — will retry watcher in 5s...","timestamp":"2026-03-28 18:41:26"}
{"level":"warn","message":"DWX market data file not found — waiting for MT5 to create it...","timestamp":"2026-03-28 18:41:27"}
{"level":"warn","message":"Price feed has stale data:","staleCount":4,"timestamp":"2026-03-28 18:41:27","total":4}
{"level":"warn","message":"DWX market data file not found — waiting for MT5 to create it...","timestamp":"2026-03-28 18:41:28"}
{"level":"warn","message":"Price feed has stale data:","staleCount":4,"timestamp":"2026-03-28 18:41:28","total":4}
{"level":"warn","message":"DWX market data file not found — waiting for MT5 to create it...","timestamp":"2026-03-28 18:41:29"}
{"level":"warn","message":"Price feed has stale data:","staleCount":4,"timestamp":"2026-03-28 18:41:29","total":4}
{"level":"warn","message":"DWX market data file not found — waiting for MT5 to create it...","timestamp":"2026-03-28 18:41:30"}
{"level":"warn","message":"Price feed has stale data:","staleCount":4,"timestamp":"2026-03-28 18:41:30","total":4}
{"level":"warn","message":"DWX market data file not found — waiting for MT5 to create it...","timestamp":"2026-03-28 18:41:31"}
{"level":"warn","message":"Price feed has stale data:","staleCount":4,"timestamp":"2026-03-28 18:41:31","total":4}
{"level":"warn","message":"DWX file not found — will retry watcher in 5s...","timestamp":"2026-03-28 18:41:31"}
{"level":"warn","message":"DWX market data file not found — waiting for MT5 to create it...","timestamp":"2026-03-28 18:41:32"}
{"level":"warn","message":"Price feed has stale data:","staleCount":4,"timestamp":"2026-03-28 18:41:32","total":4}
{"level":"warn","message":"DWX market data file not found — waiting for MT5 to create it...","timestamp":"2026-03-28 18:41:33"}
{"level":"warn","message":"Price feed has stale data:","staleCount":4,"timestamp":"2026-03-28 18:41:33","total":4}
{"level":"warn","message":"DWX market data file not found — waiting for MT5 to create it...","timestamp":"2026-03-28 18:41:34"}
{"level":"warn","message":"Price feed has stale data:","staleCount":4,"timestamp":"2026-03-28 18:41:34","total":4}
{"level":"warn","message":"DWX market data file not found — waiting for MT5 to create it...","timestamp":"2026-03-28 18:41:35"}
{"level":"warn","message":"Price feed has stale data:","staleCount":4,"timestamp":"2026-03-28 18:41:35","total":4}
{"level":"warn","message":"DWX market data file not found — waiting for MT5 to create it...","timestamp":"2026-03-28 18:41:36"}
{"level":"warn","message":"Price feed has stale data:","staleCount":4,"timestamp":"2026-03-28 18:41:36","total":4}
{"level":"warn","message":"DWX file not found — will retry watcher in 5s...","timestamp":"2026-03-28 18:41:36"}
{"level":"warn","message":"DWX market data file not found — waiting for MT5 to create it...","timestamp":"2026-03-28 18:41:37"}
{"level":"warn","message":"Price feed has stale data:","staleCount":4,"timestamp":"2026-03-28 18:41:37","total":4}
{"level":"warn","message":"DWX market data file not found — waiting for MT5 to create it...","timestamp":"2026-03-28 18:41:38"}
{"level":"warn","message":"Price feed has stale data:","staleCount":4,"timestamp":"2026-03-28 18:41:38","total":4}
{"level":"warn","message":"DWX market data file not found — waiting for MT5 to create it...","timestamp":"2026-03-28 18:41:39"}
{"level":"warn","message":"Price feed has stale data:","staleCount":4,"timestamp":"2026-03-28 18:41:39","total":4}
{"level":"warn","message":"DWX market data file not found — waiting for MT5 to create it...","timestamp":"2026-03-28 18:41:40"}
{"level":"warn","message":"Price feed has stale data:","staleCount":4,"timestamp":"2026-03-28 18:41:40","total":4}
{"level":"warn","message":"DWX market data file not found — waiting for MT5 to create it...","timestamp":"2026-03-28 18:41:41"}
{"level":"warn","message":"Price feed has stale data:","staleCount":4,"timestamp":"2026-03-28 18:41:41","total":4}
{"level":"warn","message":"DWX file not found — will retry watcher in 5s...","timestamp":"2026-03-28 18:41:41"}
{"level":"warn","message":"DWX market data file not found — waiting for MT5 to create it...","timestamp":"2026-03-28 18:41:42"}
{"level":"warn","message":"Price feed has stale data:","staleCount":4,"timestamp":"2026-03-28 18:41:42","total":4}
{"level":"warn","message":"DWX market data file not found — waiting for MT5 to create it...","timestamp":"2026-03-28 18:41:43"}
{"level":"warn","message":"Price feed has stale data:","staleCount":4,"timestamp":"2026-03-28 18:41:43","total":4}
{"level":"warn","message":"DWX market data file not found — waiting for MT5 to create it...","timestamp":"2026-03-28 18:41:44"}
{"level":"warn","message":"Price feed has stale data:","staleCount":4,"timestamp":"2026-03-28 18:41:44","total":4}
{"level":"warn","message":"DWX market data file not found — waiting for MT5 to create it...","timestamp":"2026-03-28 18:41:45"}
{"level":"warn","message":"Price feed has stale data:","staleCount":4,"timestamp":"2026-03-28 18:41:45","total":4}
{"level":"warn","message":"DWX market data file not found — waiting for MT5 to create it...","timestamp":"2026-03-28 18:41:46"}
{"level":"warn","message":"Price feed has stale data:","staleCount":4,"timestamp":"2026-03-28 18:41:46","total":4}
{"level":"warn","message":"DWX file not found — will retry watcher in 5s...","timestamp":"2026-03-28 18:41:46"}
{"level":"warn","message":"DWX market data file not found — waiting for MT5 to create it...","timestamp":"2026-03-28 18:41:47"}
{"level":"warn","message":"Price feed has stale data:","staleCount":4,"timestamp":"2026-03-28 18:41:47","total":4}
{"level":"warn","message":"DWX market data file not found — waiting for MT5 to create it...","timestamp":"2026-03-28 18:41:48"}
{"level":"warn","message":"Price feed has stale data:","staleCount":4,"timestamp":"2026-03-28 18:41:48","total":4}
{"level":"warn","message":"DWX market data file not found — waiting for MT5 to create it...","timestamp":"2026-03-28 18:41:49"}
{"level":"warn","message":"Price feed has stale data:","staleCount":4,"timestamp":"2026-03-28 18:41:49","total":4}
{"level":"warn","message":"DWX market data file not found — waiting for MT5 to create it...","timestamp":"2026-03-28 18:41:50"}
{"level":"warn","message":"Price feed has stale data:","staleCount":4,"timestamp":"2026-03-28 18:41:50","total":4}
{"level":"warn","message":"DWX market data file not found — waiting for MT5 to create it...","timestamp":"2026-03-28 18:41:51"}
{"level":"warn","message":"Price feed has stale data:","staleCount":4,"timestamp":"2026-03-28 18:41:51","total":4}
{"level":"warn","message":"DWX file not found — will retry watcher in 5s...","timestamp":"2026-03-28 18:41:51"}
{"level":"warn","message":"DWX market data file not found — waiting for MT5 to create it...","timestamp":"2026-03-28 18:41:52"}
{"level":"warn","message":"Price feed has stale data:","staleCount":4,"timestamp":"2026-03-28 18:41:52","total":4}
{"level":"warn","message":"DWX market data file not found — waiting for MT5 to create it...","timestamp":"2026-03-28 18:41:53"}
{"level":"warn","message":"Price feed has stale data:","staleCount":4,"timestamp":"2026-03-28 18:41:53","total":4}
{"level":"warn","message":"DWX market data file not found — waiting for MT5 to create it...","timestamp":"2026-03-28 18:41:54"}
{"level":"warn","message":"Price feed has stale data:","staleCount":4,"timestamp":"2026-03-28 18:41:54","total":4}
{"level":"warn","message":"DWX market data file not found — waiting for MT5 to create it...","timestamp":"2026-03-28 18:41:55"}
{"level":"warn","message":"Price feed has stale data:","staleCount":4,"timestamp":"2026-03-28 18:41:55","total":4}
{"level":"warn","message":"DWX market data file not found — waiting for MT5 to create it...","timestamp":"2026-03-28 18:41:56"}
{"level":"warn","message":"Price feed has stale data:","staleCount":4,"timestamp":"2026-03-28 18:41:56","total":4}
{"level":"warn","message":"DWX file not found — will retry watcher in 5s...","timestamp":"2026-03-28 18:41:56"}
{"level":"warn","message":"DWX market data file not found — waiting for MT5 to create it...","timestamp":"2026-03-28 18:41:57"}
{"level":"warn","message":"Price feed has stale data:","staleCount":4,"timestamp":"2026-03-28 18:41:57","total":4}
{"level":"warn","message":"DWX market data file not found — waiting for MT5 to create it...","timestamp":"2026-03-28 18:41:58"}
{"level":"warn","message":"Price feed has stale data:","staleCount":4,"timestamp":"2026-03-28 18:41:58","total":4}
{"level":"warn","message":"DWX market data file not found — waiting for MT5 to create it...","timestamp":"2026-03-28 18:41:59"}
{"level":"warn","message":"Price feed has stale data:","staleCount":4,"timestamp":"2026-03-28 18:41:59","total":4}
{"level":"warn","message":"DWX market data file not found — waiting for MT5 to create it...","timestamp":"2026-03-28 18:42:00"}
{"level":"warn","message":"Price feed has stale data:","staleCount":4,"timestamp":"2026-03-28 18:42:00","total":4}
{"level":"warn","message":"DWX market data file not found — waiting for MT5 to create it...","timestamp":"2026-03-28 18:42:01"}
{"level":"warn","message":"Price feed has stale data:","staleCount":4,"timestamp":"2026-03-28 18:42:01","total":4}
{"level":"warn","message":"DWX file not found — will retry watcher in 5s...","timestamp":"2026-03-28 18:42:02"}
{"level":"warn","message":"DWX market data file not found — waiting for MT5 to create it...","timestamp":"2026-03-28 18:42:02"}
{"level":"warn","message":"Price feed has stale data:","staleCount":4,"timestamp":"2026-03-28 18:42:02","total":4}
{"level":"warn","message":"DWX market data file not found — waiting for MT5 to create it...","timestamp":"2026-03-28 18:42:03"}
{"level":"warn","message":"Price feed has stale data:","staleCount":4,"timestamp":"2026-03-28 18:42:03","total":4}
{"duration_ms":0,"ip":"::1","level":"http","message":"POST /api/admin/lock-account","status":404,"timestamp":"2026-03-28 18:42:04","userAgent":"Mozilla/5.0 (Windows NT 10.0; Win64; x64) AppleWebKit/537.36 (KHTML, like Gecko) Chrome/146.0.0.0 Safari/537.36 Edg/146.0.0.0"}
{"level":"warn","message":"DWX market data file not found — waiting for MT5 to create it...","timestamp":"2026-03-28 18:42:04"}
{"level":"warn","message":"Price feed has stale data:","staleCount":4,"timestamp":"2026-03-28 18:42:04","total":4}
{"level":"warn","message":"DWX market data file not found — waiting for MT5 to create it...","timestamp":"2026-03-28 18:42:05"}
{"level":"warn","message":"Price feed has stale data:","staleCount":4,"timestamp":"2026-03-28 18:42:05","total":4}
{"level":"warn","message":"DWX market data file not found — waiting for MT5 to create it...","timestamp":"2026-03-28 18:42:06"}
{"level":"warn","message":"Price feed has stale data:","staleCount":4,"timestamp":"2026-03-28 18:42:06","total":4}
{"level":"warn","message":"DWX file not found — will retry watcher in 5s...","timestamp":"2026-03-28 18:42:07"}
{"level":"warn","message":"DWX market data file not found — waiting for MT5 to create it...","timestamp":"2026-03-28 18:42:07"}
{"level":"warn","message":"Price feed has stale data:","staleCount":4,"timestamp":"2026-03-28 18:42:07","total":4}
{"level":"warn","message":"DWX market data file not found — waiting for MT5 to create it...","timestamp":"2026-03-28 18:42:08"}
{"level":"warn","message":"Price feed has stale data:","staleCount":4,"timestamp":"2026-03-28 18:42:08","total":4}
{"level":"warn","message":"DWX market data file not found — waiting for MT5 to create it...","timestamp":"2026-03-28 18:42:09"}
{"level":"warn","message":"Price feed has stale data:","staleCount":4,"timestamp":"2026-03-28 18:42:09","total":4}
{"level":"warn","message":"DWX market data file not found — waiting for MT5 to create it...","timestamp":"2026-03-28 18:42:10"}
{"level":"warn","message":"Price feed has stale data:","staleCount":4,"timestamp":"2026-03-28 18:42:10","total":4}
{"level":"warn","message":"DWX market data file not found — waiting for MT5 to create it...","timestamp":"2026-03-28 18:42:11"}
{"level":"warn","message":"Price feed has stale data:","staleCount":4,"timestamp":"2026-03-28 18:42:11","total":4}
{"level":"warn","message":"DWX file not found — will retry watcher in 5s...","timestamp":"2026-03-28 18:42:12"}
{"level":"warn","message":"DWX market data file not found — waiting for MT5 to create it...","timestamp":"2026-03-28 18:42:12"}
{"level":"warn","message":"Price feed has stale data:","staleCount":4,"timestamp":"2026-03-28 18:42:12","total":4}
{"level":"warn","message":"DWX market data file not found — waiting for MT5 to create it...","timestamp":"2026-03-28 18:42:13"}
{"level":"warn","message":"Price feed has stale data:","staleCount":4,"timestamp":"2026-03-28 18:42:13","total":4}
{"level":"warn","message":"DWX market data file not found — waiting for MT5 to create it...","timestamp":"2026-03-28 18:42:14"}
{"level":"warn","message":"Price feed has stale data:","staleCount":4,"timestamp":"2026-03-28 18:42:14","total":4}
{"level":"warn","message":"DWX market data file not found — waiting for MT5 to create it...","timestamp":"2026-03-28 18:42:15"}
{"level":"warn","message":"Price feed has stale data:","staleCount":4,"timestamp":"2026-03-28 18:42:15","total":4}
{"level":"warn","message":"DWX market data file not found — waiting for MT5 to create it...","timestamp":"2026-03-28 18:42:16"}
{"duration_ms":1,"ip":"::1","level":"http","message":"POST /api/admin/accounts/promote","status":404,"timestamp":"2026-03-28 18:42:16","userAgent":"Mozilla/5.0 (Windows NT 10.0; Win64; x64) AppleWebKit/537.36 (KHTML, like Gecko) Chrome/146.0.0.0 Safari/537.36 Edg/146.0.0.0"}
{"level":"warn","message":"Price feed has stale data:","staleCount":4,"timestamp":"2026-03-28 18:42:16","total":4}
{"level":"warn","message":"DWX file not found — will retry watcher in 5s...","timestamp":"2026-03-28 18:42:17"}
{"level":"warn","message":"DWX market data file not found — waiting for MT5 to create it...","timestamp":"2026-03-28 18:42:17"}
{"level":"warn","message":"Price feed has stale data:","staleCount":4,"timestamp":"2026-03-28 18:42:17","total":4}
{"level":"warn","message":"DWX market data file not found — waiting for MT5 to create it...","timestamp":"2026-03-28 18:42:18"}
{"level":"warn","message":"Price feed has stale data:","staleCount":4,"timestamp":"2026-03-28 18:42:18","total":4}
{"level":"warn","message":"DWX market data file not found — waiting for MT5 to create it...","timestamp":"2026-03-28 18:42:19"}
{"level":"warn","message":"Price feed has stale data:","staleCount":4,"timestamp":"2026-03-28 18:42:19","total":4}
{"level":"warn","message":"DWX market data file not found — waiting for MT5 to create it...","timestamp":"2026-03-28 18:42:20"}
{"level":"warn","message":"Price feed has stale data:","staleCount":4,"timestamp":"2026-03-28 18:42:20","total":4}
{"level":"warn","message":"DWX market data file not found — waiting for MT5 to create it...","timestamp":"2026-03-28 18:42:21"}
{"level":"warn","message":"Price feed has stale data:","staleCount":4,"timestamp":"2026-03-28 18:42:21","total":4}
{"level":"warn","message":"DWX file not found — will retry watcher in 5s...","timestamp":"2026-03-28 18:42:22"}
{"level":"warn","message":"DWX market data file not found — waiting for MT5 to create it...","timestamp":"2026-03-28 18:42:22"}
{"level":"warn","message":"Price feed has stale data:","staleCount":4,"timestamp":"2026-03-28 18:42:22","total":4}
{"level":"warn","message":"DWX market data file not found — waiting for MT5 to create it...","timestamp":"2026-03-28 18:42:23"}
{"level":"warn","message":"Price feed has stale data:","staleCount":4,"timestamp":"2026-03-28 18:42:23","total":4}
{"duration_ms":1,"ip":"::1","level":"http","message":"POST /api/admin/accounts/force-close","status":404,"timestamp":"2026-03-28 18:42:24","userAgent":"Mozilla/5.0 (Windows NT 10.0; Win64; x64) AppleWebKit/537.36 (KHTML, like Gecko) Chrome/146.0.0.0 Safari/537.36 Edg/146.0.0.0"}
{"level":"warn","message":"DWX market data file not found — waiting for MT5 to create it...","timestamp":"2026-03-28 18:42:24"}
{"level":"warn","message":"Price feed has stale data:","staleCount":4,"timestamp":"2026-03-28 18:42:24","total":4}
{"duration_ms":0,"ip":"::1","level":"http","message":"POST /api/admin/accounts/force-close","status":404,"timestamp":"2026-03-28 18:42:24","userAgent":"Mozilla/5.0 (Windows NT 10.0; Win64; x64) AppleWebKit/537.36 (KHTML, like Gecko) Chrome/146.0.0.0 Safari/537.36 Edg/146.0.0.0"}
{"level":"warn","message":"DWX market data file not found — waiting for MT5 to create it...","timestamp":"2026-03-28 18:42:25"}
{"level":"warn","message":"Price feed has stale data:","staleCount":4,"timestamp":"2026-03-28 18:42:25","total":4}
{"level":"warn","message":"DWX market data file not found — waiting for MT5 to create it...","timestamp":"2026-03-28 18:42:26"}
{"level":"warn","message":"Price feed has stale data:","staleCount":4,"timestamp":"2026-03-28 18:42:26","total":4}
{"level":"warn","message":"DWX file not found — will retry watcher in 5s...","timestamp":"2026-03-28 18:42:27"}
{"level":"warn","message":"DWX market data file not found — waiting for MT5 to create it...","timestamp":"2026-03-28 18:42:27"}
{"level":"warn","message":"Price feed has stale data:","staleCount":4,"timestamp":"2026-03-28 18:42:27","total":4}
{"level":"warn","message":"DWX market data file not found — waiting for MT5 to create it...","timestamp":"2026-03-28 18:42:28"}
{"level":"warn","message":"Price feed has stale data:","staleCount":4,"timestamp":"2026-03-28 18:42:28","total":4}
{"level":"warn","message":"DWX market data file not found — waiting for MT5 to create it...","timestamp":"2026-03-28 18:42:29"}
{"level":"warn","message":"Price feed has stale data:","staleCount":4,"timestamp":"2026-03-28 18:42:29","total":4}
{"level":"warn","message":"DWX market data file not found — waiting for MT5 to create it...","timestamp":"2026-03-28 18:42:30"}
{"level":"warn","message":"Price feed has stale data:","staleCount":4,"timestamp":"2026-03-28 18:42:30","total":4}
{"level":"warn","message":"DWX market data file not found — waiting for MT5 to create it...","timestamp":"2026-03-28 18:42:31"}
{"level":"warn","message":"Price feed has stale data:","staleCount":4,"timestamp":"2026-03-28 18:42:31","total":4}
{"level":"warn","message":"DWX file not found — will retry watcher in 5s...","timestamp":"2026-03-28 18:42:32"}
{"level":"warn","message":"DWX market data file not found — waiting for MT5 to create it...","timestamp":"2026-03-28 18:42:32"}
{"level":"warn","message":"Price feed has stale data:","staleCount":4,"timestamp":"2026-03-28 18:42:32","total":4}
{"level":"warn","message":"DWX market data file not found — waiting for MT5 to create it...","timestamp":"2026-03-28 18:42:33"}
{"level":"warn","message":"Price feed has stale data:","staleCount":4,"timestamp":"2026-03-28 18:42:33","total":4}
{"level":"warn","message":"DWX market data file not found — waiting for MT5 to create it...","timestamp":"2026-03-28 18:42:34"}
{"level":"warn","message":"Price feed has stale data:","staleCount":4,"timestamp":"2026-03-28 18:42:34","total":4}
{"level":"warn","message":"DWX market data file not found — waiting for MT5 to create it...","timestamp":"2026-03-28 18:42:35"}
{"level":"warn","message":"Price feed has stale data:","staleCount":4,"timestamp":"2026-03-28 18:42:35","total":4}
{"level":"warn","message":"DWX market data file not found — waiting for MT5 to create it...","timestamp":"2026-03-28 18:42:36"}
{"level":"warn","message":"Price feed has stale data:","staleCount":4,"timestamp":"2026-03-28 18:42:36","total":4}
{"level":"warn","message":"DWX file not found — will retry watcher in 5s...","timestamp":"2026-03-28 18:42:37"}
{"level":"warn","message":"DWX market data file not found — waiting for MT5 to create it...","timestamp":"2026-03-28 18:42:37"}
{"level":"warn","message":"Price feed has stale data:","staleCount":4,"timestamp":"2026-03-28 18:42:37","total":4}
{"level":"warn","message":"DWX market data file not found — waiting for MT5 to create it...","timestamp":"2026-03-28 18:42:38"}
{"level":"warn","message":"Price feed has stale data:","staleCount":4,"timestamp":"2026-03-28 18:42:38","total":4}
{"level":"warn","message":"DWX market data file not found — waiting for MT5 to create it...","timestamp":"2026-03-28 18:42:39"}
{"level":"warn","message":"Price feed has stale data:","staleCount":4,"timestamp":"2026-03-28 18:42:39","total":4}
{"level":"warn","message":"DWX market data file not found — waiting for MT5 to create it...","timestamp":"2026-03-28 18:42:40"}
{"level":"warn","message":"Price feed has stale data:","staleCount":4,"timestamp":"2026-03-28 18:42:40","total":4}
{"level":"warn","message":"DWX market data file not found — waiting for MT5 to create it...","timestamp":"2026-03-28 18:42:41"}
{"level":"warn","message":"Price feed has stale data:","staleCount":4,"timestamp":"2026-03-28 18:42:41","total":4}
{"level":"warn","message":"DWX file not found — will retry watcher in 5s...","timestamp":"2026-03-28 18:42:42"}
{"level":"warn","message":"DWX market data file not found — waiting for MT5 to create it...","timestamp":"2026-03-28 18:42:42"}
{"level":"warn","message":"Price feed has stale data:","staleCount":4,"timestamp":"2026-03-28 18:42:42","total":4}
{"level":"warn","message":"DWX market data file not found — waiting for MT5 to create it...","timestamp":"2026-03-28 18:42:43"}
{"level":"warn","message":"Price feed has stale data:","staleCount":4,"timestamp":"2026-03-28 18:42:43","total":4}
{"level":"warn","message":"DWX market data file not found — waiting for MT5 to create it...","timestamp":"2026-03-28 18:42:44"}
{"level":"warn","message":"Price feed has stale data:","staleCount":4,"timestamp":"2026-03-28 18:42:44","total":4}
{"level":"warn","message":"DWX market data file not found — waiting for MT5 to create it...","timestamp":"2026-03-28 18:42:45"}
{"level":"warn","message":"Price feed has stale data:","staleCount":4,"timestamp":"2026-03-28 18:42:45","total":4}
{"level":"warn","message":"DWX market data file not found — waiting for MT5 to create it...","timestamp":"2026-03-28 18:42:46"}
{"level":"warn","message":"Price feed has stale data:","staleCount":4,"timestamp":"2026-03-28 18:42:46","total":4}
{"level":"warn","message":"DWX file not found — will retry watcher in 5s...","timestamp":"2026-03-28 18:42:47"}
{"level":"warn","message":"DWX market data file not found — waiting for MT5 to create it...","timestamp":"2026-03-28 18:42:47"}
{"level":"warn","message":"Price feed has stale data:","staleCount":4,"timestamp":"2026-03-28 18:42:47","total":4}
{"level":"warn","message":"DWX market data file not found — waiting for MT5 to create it...","timestamp":"2026-03-28 18:42:48"}
{"level":"warn","message":"Price feed has stale data:","staleCount":4,"timestamp":"2026-03-28 18:42:48","total":4}
{"level":"warn","message":"DWX market data file not found — waiting for MT5 to create it...","timestamp":"2026-03-28 18:42:49"}
{"level":"warn","message":"Price feed has stale data:","staleCount":4,"timestamp":"2026-03-28 18:42:49","total":4}
{"level":"warn","message":"DWX market data file not found — waiting for MT5 to create it...","timestamp":"2026-03-28 18:42:50"}
{"level":"warn","message":"Price feed has stale data:","staleCount":4,"timestamp":"2026-03-28 18:42:50","total":4}
{"level":"warn","message":"DWX market data file not found — waiting for MT5 to create it...","timestamp":"2026-03-28 18:42:51"}
{"level":"warn","message":"Price feed has stale data:","staleCount":4,"timestamp":"2026-03-28 18:42:51","total":4}
{"level":"warn","message":"DWX file not found — will retry watcher in 5s...","timestamp":"2026-03-28 18:42:52"}
{"level":"warn","message":"DWX market data file not found — waiting for MT5 to create it...","timestamp":"2026-03-28 18:42:52"}
{"level":"warn","message":"Price feed has stale data:","staleCount":4,"timestamp":"2026-03-28 18:42:52","total":4}
{"duration_ms":0,"ip":"::1","level":"http","message":"GET /api/admin/announcement","status":404,"timestamp":"2026-03-28 18:42:53","userAgent":"Mozilla/5.0 (Windows NT 10.0; Win64; x64) AppleWebKit/537.36 (KHTML, like Gecko) Chrome/146.0.0.0 Safari/537.36 Edg/146.0.0.0"}
{"level":"warn","message":"DWX market data file not found — waiting for MT5 to create it...","timestamp":"2026-03-28 18:42:53"}
{"level":"warn","message":"Price feed has stale data:","staleCount":4,"timestamp":"2026-03-28 18:42:53","total":4}
{"instruments":"EURUSD,GBPUSD,XAUUSD,XAGUSD","level":"info","message":"Subscribed to MT5 symbols:","timestamp":"2026-03-29 08:34:02"}
{"level":"warn","message":"DWX market data file not found — waiting for MT5 to create it...","timestamp":"2026-03-29 08:34:02"}
{"level":"warn","message":"DWX file not found — will retry watcher in 5s...","timestamp":"2026-03-29 08:34:02"}
{"env":"development","level":"info","message":"Server started:","port":"5000","timestamp":"2026-03-29 08:34:02"}
{"level":"http","message":"Database connection established","timestamp":"2026-03-29 08:34:02"}
{"level":"warn","message":"DWX market data file not found — waiting for MT5 to create it...","timestamp":"2026-03-29 08:34:03"}
{"level":"warn","message":"Price feed has stale data:","staleCount":4,"timestamp":"2026-03-29 08:34:03","total":4}
{"level":"warn","message":"DWX market data file not found — waiting for MT5 to create it...","timestamp":"2026-03-29 08:34:04"}
{"level":"warn","message":"Price feed has stale data:","staleCount":4,"timestamp":"2026-03-29 08:34:04","total":4}
{"level":"warn","message":"DWX market data file not found — waiting for MT5 to create it...","timestamp":"2026-03-29 08:34:05"}
{"level":"warn","message":"Price feed has stale data:","staleCount":4,"timestamp":"2026-03-29 08:34:05","total":4}
{"level":"warn","message":"DWX market data file not found — waiting for MT5 to create it...","timestamp":"2026-03-29 08:34:06"}
{"level":"warn","message":"Price feed has stale data:","staleCount":4,"timestamp":"2026-03-29 08:34:06","total":4}
{"level":"warn","message":"DWX file not found — will retry watcher in 5s...","timestamp":"2026-03-29 08:34:07"}
{"level":"warn","message":"DWX market data file not found — waiting for MT5 to create it...","timestamp":"2026-03-29 08:34:07"}
{"level":"warn","message":"Price feed has stale data:","staleCount":4,"timestamp":"2026-03-29 08:34:07","total":4}
{"level":"warn","message":"DWX market data file not found — waiting for MT5 to create it...","timestamp":"2026-03-29 08:34:08"}
{"level":"warn","message":"Price feed has stale data:","staleCount":4,"timestamp":"2026-03-29 08:34:08","total":4}
{"level":"warn","message":"DWX market data file not found — waiting for MT5 to create it...","timestamp":"2026-03-29 08:34:09"}
{"level":"warn","message":"Price feed has stale data:","staleCount":4,"timestamp":"2026-03-29 08:34:09","total":4}
{"level":"warn","message":"DWX market data file not found — waiting for MT5 to create it...","timestamp":"2026-03-29 08:34:10"}
{"level":"warn","message":"Price feed has stale data:","staleCount":4,"timestamp":"2026-03-29 08:34:10","total":4}
{"level":"warn","message":"DWX market data file not found — waiting for MT5 to create it...","timestamp":"2026-03-29 08:34:11"}
{"level":"warn","message":"Price feed has stale data:","staleCount":4,"timestamp":"2026-03-29 08:34:11","total":4}
{"level":"warn","message":"DWX file not found — will retry watcher in 5s...","timestamp":"2026-03-29 08:34:12"}
{"level":"warn","message":"DWX market data file not found — waiting for MT5 to create it...","timestamp":"2026-03-29 08:34:12"}
{"level":"warn","message":"Price feed has stale data:","staleCount":4,"timestamp":"2026-03-29 08:34:12","total":4}
{"level":"warn","message":"DWX market data file not found — waiting for MT5 to create it...","timestamp":"2026-03-29 08:34:13"}
{"level":"warn","message":"Price feed has stale data:","staleCount":4,"timestamp":"2026-03-29 08:34:13","total":4}
{"level":"warn","message":"DWX market data file not found — waiting for MT5 to create it...","timestamp":"2026-03-29 08:34:14"}
{"level":"warn","message":"Price feed has stale data:","staleCount":4,"timestamp":"2026-03-29 08:34:14","total":4}
{"level":"warn","message":"DWX market data file not found — waiting for MT5 to create it...","timestamp":"2026-03-29 08:34:15"}
{"level":"warn","message":"Price feed has stale data:","staleCount":4,"timestamp":"2026-03-29 08:34:15","total":4}
{"level":"warn","message":"DWX market data file not found — waiting for MT5 to create it...","timestamp":"2026-03-29 08:34:16"}
{"level":"warn","message":"Price feed has stale data:","staleCount":4,"timestamp":"2026-03-29 08:34:16","total":4}
{"level":"warn","message":"DWX file not found — will retry watcher in 5s...","timestamp":"2026-03-29 08:34:17"}
{"level":"warn","message":"DWX market data file not found — waiting for MT5 to create it...","timestamp":"2026-03-29 08:34:17"}
{"level":"warn","message":"Price feed has stale data:","staleCount":4,"timestamp":"2026-03-29 08:34:17","total":4}
{"level":"warn","message":"DWX market data file not found — waiting for MT5 to create it...","timestamp":"2026-03-29 08:34:18"}
{"level":"warn","message":"Price feed has stale data:","staleCount":4,"timestamp":"2026-03-29 08:34:18","total":4}
{"level":"warn","message":"DWX market data file not found — waiting for MT5 to create it...","timestamp":"2026-03-29 08:34:19"}
{"level":"warn","message":"Price feed has stale data:","staleCount":4,"timestamp":"2026-03-29 08:34:19","total":4}
{"level":"warn","message":"DWX market data file not found — waiting for MT5 to create it...","timestamp":"2026-03-29 08:34:20"}
{"level":"warn","message":"Price feed has stale data:","staleCount":4,"timestamp":"2026-03-29 08:34:20","total":4}
{"level":"warn","message":"DWX market data file not found — waiting for MT5 to create it...","timestamp":"2026-03-29 08:34:21"}
{"level":"warn","message":"Price feed has stale data:","staleCount":4,"timestamp":"2026-03-29 08:34:21","total":4}
{"level":"warn","message":"DWX file not found — will retry watcher in 5s...","timestamp":"2026-03-29 08:34:22"}
{"level":"warn","message":"DWX market data file not found — waiting for MT5 to create it...","timestamp":"2026-03-29 08:34:22"}
{"level":"warn","message":"Price feed has stale data:","staleCount":4,"timestamp":"2026-03-29 08:34:22","total":4}
{"level":"warn","message":"DWX market data file not found — waiting for MT5 to create it...","timestamp":"2026-03-29 08:34:23"}
{"level":"warn","message":"Price feed has stale data:","staleCount":4,"timestamp":"2026-03-29 08:34:23","total":4}
{"level":"warn","message":"DWX market data file not found — waiting for MT5 to create it...","timestamp":"2026-03-29 08:34:24"}
{"level":"warn","message":"Price feed has stale data:","staleCount":4,"timestamp":"2026-03-29 08:34:24","total":4}
{"level":"warn","message":"DWX market data file not found — waiting for MT5 to create it...","timestamp":"2026-03-29 08:34:25"}
{"level":"warn","message":"Price feed has stale data:","staleCount":4,"timestamp":"2026-03-29 08:34:25","total":4}
{"level":"warn","message":"DWX market data file not found — waiting for MT5 to create it...","timestamp":"2026-03-29 08:34:26"}
{"level":"warn","message":"Price feed has stale data:","staleCount":4,"timestamp":"2026-03-29 08:34:26","total":4}
{"level":"warn","message":"DWX file not found — will retry watcher in 5s...","timestamp":"2026-03-29 08:34:27"}
{"level":"warn","message":"DWX market data file not found — waiting for MT5 to create it...","timestamp":"2026-03-29 08:34:27"}
{"level":"warn","message":"Price feed has stale data:","staleCount":4,"timestamp":"2026-03-29 08:34:27","total":4}
{"level":"warn","message":"DWX market data file not found — waiting for MT5 to create it...","timestamp":"2026-03-29 08:34:28"}
{"level":"warn","message":"Price feed has stale data:","staleCount":4,"timestamp":"2026-03-29 08:34:28","total":4}
{"level":"warn","message":"DWX market data file not found — waiting for MT5 to create it...","timestamp":"2026-03-29 08:34:29"}
{"level":"warn","message":"Price feed has stale data:","staleCount":4,"timestamp":"2026-03-29 08:34:29","total":4}
{"level":"warn","message":"DWX market data file not found — waiting for MT5 to create it...","timestamp":"2026-03-29 08:34:30"}
{"level":"warn","message":"Price feed has stale data:","staleCount":4,"timestamp":"2026-03-29 08:34:30","total":4}
{"level":"warn","message":"DWX market data file not found — waiting for MT5 to create it...","timestamp":"2026-03-29 08:34:31"}
{"level":"warn","message":"Price feed has stale data:","staleCount":4,"timestamp":"2026-03-29 08:34:31","total":4}
{"level":"warn","message":"DWX file not found — will retry watcher in 5s...","timestamp":"2026-03-29 08:34:32"}
{"level":"warn","message":"DWX market data file not found — waiting for MT5 to create it...","timestamp":"2026-03-29 08:34:32"}
{"level":"warn","message":"Price feed has stale data:","staleCount":4,"timestamp":"2026-03-29 08:34:32","total":4}
{"level":"warn","message":"DWX market data file not found — waiting for MT5 to create it...","timestamp":"2026-03-29 08:34:33"}
{"level":"warn","message":"Price feed has stale data:","staleCount":4,"timestamp":"2026-03-29 08:34:33","total":4}
{"level":"warn","message":"DWX market data file not found — waiting for MT5 to create it...","timestamp":"2026-03-29 08:34:34"}
{"level":"warn","message":"Price feed has stale data:","staleCount":4,"timestamp":"2026-03-29 08:34:34","total":4}
{"level":"warn","message":"DWX market data file not found — waiting for MT5 to create it...","timestamp":"2026-03-29 08:34:35"}
{"level":"warn","message":"Price feed has stale data:","staleCount":4,"timestamp":"2026-03-29 08:34:35","total":4}
{"level":"warn","message":"DWX market data file not found — waiting for MT5 to create it...","timestamp":"2026-03-29 08:34:36"}
{"level":"warn","message":"Price feed has stale data:","staleCount":4,"timestamp":"2026-03-29 08:34:36","total":4}
{"level":"warn","message":"DWX file not found — will retry watcher in 5s...","timestamp":"2026-03-29 08:34:37"}
{"level":"warn","message":"DWX market data file not found — waiting for MT5 to create it...","timestamp":"2026-03-29 08:34:37"}
{"level":"warn","message":"Price feed has stale data:","staleCount":4,"timestamp":"2026-03-29 08:34:37","total":4}
{"level":"warn","message":"DWX market data file not found — waiting for MT5 to create it...","timestamp":"2026-03-29 08:34:38"}
{"level":"warn","message":"Price feed has stale data:","staleCount":4,"timestamp":"2026-03-29 08:34:38","total":4}
{"level":"warn","message":"DWX market data file not found — waiting for MT5 to create it...","timestamp":"2026-03-29 08:34:39"}
{"level":"warn","message":"Price feed has stale data:","staleCount":4,"timestamp":"2026-03-29 08:34:39","total":4}
{"level":"warn","message":"DWX market data file not found — waiting for MT5 to create it...","timestamp":"2026-03-29 08:34:40"}
{"level":"warn","message":"Price feed has stale data:","staleCount":4,"timestamp":"2026-03-29 08:34:40","total":4}
{"level":"warn","message":"DWX market data file not found — waiting for MT5 to create it...","timestamp":"2026-03-29 08:34:41"}
{"level":"warn","message":"Price feed has stale data:","staleCount":4,"timestamp":"2026-03-29 08:34:41","total":4}
{"level":"warn","message":"DWX file not found — will retry watcher in 5s...","timestamp":"2026-03-29 08:34:42"}
{"level":"warn","message":"DWX market data file not found — waiting for MT5 to create it...","timestamp":"2026-03-29 08:34:42"}
{"level":"warn","message":"Price feed has stale data:","staleCount":4,"timestamp":"2026-03-29 08:34:42","total":4}
{"level":"warn","message":"DWX market data file not found — waiting for MT5 to create it...","timestamp":"2026-03-29 08:34:43"}
{"level":"warn","message":"Price feed has stale data:","staleCount":4,"timestamp":"2026-03-29 08:34:43","total":4}
{"level":"warn","message":"DWX market data file not found — waiting for MT5 to create it...","timestamp":"2026-03-29 08:34:44"}
{"level":"warn","message":"Price feed has stale data:","staleCount":4,"timestamp":"2026-03-29 08:34:44","total":4}
{"level":"warn","message":"DWX market data file not found — waiting for MT5 to create it...","timestamp":"2026-03-29 08:34:45"}
{"level":"warn","message":"Price feed has stale data:","staleCount":4,"timestamp":"2026-03-29 08:34:45","total":4}
{"level":"warn","message":"DWX market data file not found — waiting for MT5 to create it...","timestamp":"2026-03-29 08:34:46"}
{"level":"warn","message":"Price feed has stale data:","staleCount":4,"timestamp":"2026-03-29 08:34:46","total":4}
{"level":"warn","message":"DWX file not found — will retry watcher in 5s...","timestamp":"2026-03-29 08:34:47"}
{"level":"warn","message":"DWX market data file not found — waiting for MT5 to create it...","timestamp":"2026-03-29 08:34:47"}
{"level":"warn","message":"Price feed has stale data:","staleCount":4,"timestamp":"2026-03-29 08:34:47","total":4}
{"level":"warn","message":"DWX market data file not found — waiting for MT5 to create it...","timestamp":"2026-03-29 08:34:48"}
{"level":"warn","message":"Price feed has stale data:","staleCount":4,"timestamp":"2026-03-29 08:34:48","total":4}
{"level":"warn","message":"DWX market data file not found — waiting for MT5 to create it...","timestamp":"2026-03-29 08:34:49"}
{"level":"warn","message":"Price feed has stale data:","staleCount":4,"timestamp":"2026-03-29 08:34:49","total":4}
{"level":"warn","message":"DWX market data file not found — waiting for MT5 to create it...","timestamp":"2026-03-29 08:34:50"}
{"level":"warn","message":"Price feed has stale data:","staleCount":4,"timestamp":"2026-03-29 08:34:50","total":4}
{"level":"warn","message":"DWX market data file not found — waiting for MT5 to create it...","timestamp":"2026-03-29 08:34:51"}
{"level":"warn","message":"Price feed has stale data:","staleCount":4,"timestamp":"2026-03-29 08:34:51","total":4}
{"level":"warn","message":"DWX file not found — will retry watcher in 5s...","timestamp":"2026-03-29 08:34:52"}
{"level":"warn","message":"DWX market data file not found — waiting for MT5 to create it...","timestamp":"2026-03-29 08:34:52"}
{"level":"warn","message":"Price feed has stale data:","staleCount":4,"timestamp":"2026-03-29 08:34:52","total":4}
{"duration_ms":10,"ip":"::1","level":"http","message":"GET /api/admin/announcement","status":404,"timestamp":"2026-03-29 08:34:53","userAgent":"Mozilla/5.0 (Windows NT 10.0; Win64; x64) AppleWebKit/537.36 (KHTML, like Gecko) Chrome/146.0.0.0 Safari/537.36 Edg/146.0.0.0"}
{"level":"warn","message":"Price feed has stale data:","staleCount":4,"timestamp":"2026-03-29 08:34:53","total":4}
{"duration_ms":2,"ip":"::1","level":"http","message":"GET /api/admin/announcement","status":404,"timestamp":"2026-03-29 08:34:53","userAgent":"Mozilla/5.0 (Windows NT 10.0; Win64; x64) AppleWebKit/537.36 (KHTML, like Gecko) Chrome/146.0.0.0 Safari/537.36 Edg/146.0.0.0"}
{"level":"warn","message":"Price feed has stale data:","staleCount":4,"timestamp":"2026-03-29 08:34:53","total":4}
{"isAdmin":"[admin]","level":"http","message":"Socket connected:","socketId":"iQwBzU9x6T95mGHkAAAC","timestamp":"2026-03-29 08:34:53"}
{"level":"warn","message":"DWX market data file not found — waiting for MT5 to create it...","timestamp":"2026-03-29 08:34:53"}
{"level":"warn","message":"Price feed has stale data:","staleCount":4,"timestamp":"2026-03-29 08:34:53","total":4}
{"level":"warn","message":"DWX market data file not found — waiting for MT5 to create it...","timestamp":"2026-03-29 08:34:54"}
{"level":"warn","message":"Price feed has stale data:","staleCount":4,"timestamp":"2026-03-29 08:34:54","total":4}
{"level":"warn","message":"DWX market data file not found — waiting for MT5 to create it...","timestamp":"2026-03-29 08:34:55"}
{"level":"warn","message":"Price feed has stale data:","staleCount":4,"timestamp":"2026-03-29 08:34:55","total":4}
{"level":"warn","message":"Price feed has stale data:","staleCount":4,"timestamp":"2026-03-29 08:34:56","total":4}
{"level":"warn","message":"DWX market data file not found — waiting for MT5 to create it...","timestamp":"2026-03-29 08:34:57"}
{"level":"warn","message":"Price feed has stale data:","staleCount":4,"timestamp":"2026-03-29 08:34:57","total":4}
{"level":"warn","message":"DWX file not found — will retry watcher in 5s...","timestamp":"2026-03-29 08:34:57"}
{"level":"warn","message":"DWX market data file not found — waiting for MT5 to create it...","timestamp":"2026-03-29 08:34:58"}
{"level":"warn","message":"Price feed has stale data:","staleCount":4,"timestamp":"2026-03-29 08:34:58","total":4}
{"level":"warn","message":"Price feed has stale data:","staleCount":4,"timestamp":"2026-03-29 08:34:58","total":4}
{"level":"warn","message":"DWX market data file not found — waiting for MT5 to create it...","timestamp":"2026-03-29 08:34:59"}
{"level":"warn","message":"Price feed has stale data:","staleCount":4,"timestamp":"2026-03-29 08:34:59","total":4}
{"level":"warn","message":"DWX market data file not found — waiting for MT5 to create it...","timestamp":"2026-03-29 08:35:00"}
{"level":"warn","message":"Price feed has stale data:","staleCount":4,"timestamp":"2026-03-29 08:35:00","total":4}
{"level":"warn","message":"DWX market data file not found — waiting for MT5 to create it...","timestamp":"2026-03-29 08:35:01"}
{"level":"warn","message":"Price feed has stale data:","staleCount":4,"timestamp":"2026-03-29 08:35:02","total":4}
{"level":"warn","message":"Price feed has stale data:","staleCount":4,"timestamp":"2026-03-29 08:35:02","total":4}
{"level":"warn","message":"DWX file not found — will retry watcher in 5s...","timestamp":"2026-03-29 08:35:02"}
{"level":"warn","message":"DWX market data file not found — waiting for MT5 to create it...","timestamp":"2026-03-29 08:35:02"}
{"level":"warn","message":"Price feed has stale data:","staleCount":4,"timestamp":"2026-03-29 08:35:02","total":4}
{"level":"warn","message":"DWX market data file not found — waiting for MT5 to create it...","timestamp":"2026-03-29 08:35:04"}
{"level":"warn","message":"Price feed has stale data:","staleCount":4,"timestamp":"2026-03-29 08:35:04","total":4}
{"level":"warn","message":"DWX market data file not found — waiting for MT5 to create it...","timestamp":"2026-03-29 08:35:05"}
{"level":"warn","message":"Price feed has stale data:","staleCount":4,"timestamp":"2026-03-29 08:35:05","total":4}
{"level":"warn","message":"DWX market data file not found — waiting for MT5 to create it...","timestamp":"2026-03-29 08:35:06"}
{"level":"warn","message":"Price feed has stale data:","staleCount":4,"timestamp":"2026-03-29 08:35:06","total":4}
{"level":"warn","message":"Price feed has stale data:","staleCount":4,"timestamp":"2026-03-29 08:35:06","total":4}
{"level":"warn","message":"DWX market data file not found — waiting for MT5 to create it...","timestamp":"2026-03-29 08:35:07"}
{"level":"warn","message":"Price feed has stale data:","staleCount":4,"timestamp":"2026-03-29 08:35:07","total":4}
{"level":"warn","message":"DWX file not found — will retry watcher in 5s...","timestamp":"2026-03-29 08:35:07"}
{"level":"warn","message":"DWX market data file not found — waiting for MT5 to create it...","timestamp":"2026-03-29 08:35:08"}
{"level":"warn","message":"Price feed has stale data:","staleCount":4,"timestamp":"2026-03-29 08:35:08","total":4}
{"level":"warn","message":"DWX market data file not found — waiting for MT5 to create it...","timestamp":"2026-03-29 08:35:09"}
{"level":"warn","message":"Price feed has stale data:","staleCount":4,"timestamp":"2026-03-29 08:35:09","total":4}
{"level":"warn","message":"DWX market data file not found — waiting for MT5 to create it...","timestamp":"2026-03-29 08:35:10"}
{"level":"warn","message":"Price feed has stale data:","staleCount":4,"timestamp":"2026-03-29 08:35:10","total":4}
{"level":"warn","message":"DWX market data file not found — waiting for MT5 to create it...","timestamp":"2026-03-29 08:35:11"}
{"level":"warn","message":"Price feed has stale data:","staleCount":4,"timestamp":"2026-03-29 08:35:11","total":4}
{"level":"warn","message":"Price feed has stale data:","staleCount":4,"timestamp":"2026-03-29 08:35:11","total":4}
{"level":"warn","message":"DWX market data file not found — waiting for MT5 to create it...","timestamp":"2026-03-29 08:35:12"}
{"level":"warn","message":"Price feed has stale data:","staleCount":4,"timestamp":"2026-03-29 08:35:12","total":4}
{"level":"warn","message":"DWX file not found — will retry watcher in 5s...","timestamp":"2026-03-29 08:35:12"}
{"level":"warn","message":"DWX market data file not found — waiting for MT5 to create it...","timestamp":"2026-03-29 08:35:13"}
{"level":"warn","message":"Price feed has stale data:","staleCount":4,"timestamp":"2026-03-29 08:35:13","total":4}
{"level":"warn","message":"DWX market data file not found — waiting for MT5 to create it...","timestamp":"2026-03-29 08:35:14"}
{"level":"warn","message":"Price feed has stale data:","staleCount":4,"timestamp":"2026-03-29 08:35:14","total":4}
{"level":"warn","message":"DWX market data file not found — waiting for MT5 to create it...","timestamp":"2026-03-29 08:35:15"}
{"level":"warn","message":"Price feed has stale data:","staleCount":4,"timestamp":"2026-03-29 08:35:15","total":4}
{"level":"warn","message":"DWX market data file not found — waiting for MT5 to create it...","timestamp":"2026-03-29 08:35:16"}
{"level":"warn","message":"Price feed has stale data:","staleCount":4,"timestamp":"2026-03-29 08:35:16","total":4}
{"level":"http","message":"Socket disconnected:","socketId":"iQwBzU9x6T95mGHkAAAC","timestamp":"2026-03-29 08:35:16"}
{"duration_ms":1,"ip":"::1","level":"http","message":"GET /api/admin/announcement","status":404,"timestamp":"2026-03-29 08:35:16","userAgent":"Mozilla/5.0 (Windows NT 10.0; Win64; x64) AppleWebKit/537.36 (KHTML, like Gecko) Chrome/146.0.0.0 Safari/537.36 Edg/146.0.0.0"}
{"level":"warn","message":"Price feed has stale data:","staleCount":4,"timestamp":"2026-03-29 08:35:16","total":4}
{"duration_ms":1,"ip":"::1","level":"http","message":"GET /api/admin/announcement","status":404,"timestamp":"2026-03-29 08:35:16","userAgent":"Mozilla/5.0 (Windows NT 10.0; Win64; x64) AppleWebKit/537.36 (KHTML, like Gecko) Chrome/146.0.0.0 Safari/537.36 Edg/146.0.0.0"}
{"level":"warn","message":"Price feed has stale data:","staleCount":4,"timestamp":"2026-03-29 08:35:16","total":4}
{"isAdmin":"[admin]","level":"http","message":"Socket connected:","socketId":"Fp9RmU0R77eQbP6wAAAE","timestamp":"2026-03-29 08:35:16"}
{"level":"warn","message":"DWX market data file not found — waiting for MT5 to create it...","timestamp":"2026-03-29 08:35:17"}
{"level":"warn","message":"Price feed has stale data:","staleCount":4,"timestamp":"2026-03-29 08:35:17","total":4}
{"level":"warn","message":"DWX file not found — will retry watcher in 5s...","timestamp":"2026-03-29 08:35:17"}
{"level":"warn","message":"DWX market data file not found — waiting for MT5 to create it...","timestamp":"2026-03-29 08:35:18"}
{"level":"warn","message":"Price feed has stale data:","staleCount":4,"timestamp":"2026-03-29 08:35:18","total":4}
{"level":"warn","message":"DWX market data file not found — waiting for MT5 to create it...","timestamp":"2026-03-29 08:35:19"}
{"level":"warn","message":"Price feed has stale data:","staleCount":4,"timestamp":"2026-03-29 08:35:19","total":4}
{"level":"warn","message":"DWX market data file not found — waiting for MT5 to create it...","timestamp":"2026-03-29 08:35:20"}
{"level":"warn","message":"Price feed has stale data:","staleCount":4,"timestamp":"2026-03-29 08:35:20","total":4}
{"level":"warn","message":"DWX market data file not found — waiting for MT5 to create it...","timestamp":"2026-03-29 08:35:21"}
{"level":"warn","message":"Price feed has stale data:","staleCount":4,"timestamp":"2026-03-29 08:35:21","total":4}
{"level":"warn","message":"DWX market data file not found — waiting for MT5 to create it...","timestamp":"2026-03-29 08:35:22"}
{"level":"warn","message":"Price feed has stale data:","staleCount":4,"timestamp":"2026-03-29 08:35:22","total":4}
{"level":"warn","message":"DWX file not found — will retry watcher in 5s...","timestamp":"2026-03-29 08:35:22"}
{"level":"warn","message":"DWX market data file not found — waiting for MT5 to create it...","timestamp":"2026-03-29 08:35:23"}
{"level":"warn","message":"Price feed has stale data:","staleCount":4,"timestamp":"2026-03-29 08:35:23","total":4}
{"level":"http","message":"Socket disconnected:","socketId":"Fp9RmU0R77eQbP6wAAAE","timestamp":"2026-03-29 08:35:24"}
{"level":"warn","message":"DWX market data file not found — waiting for MT5 to create it...","timestamp":"2026-03-29 08:35:24"}
{"level":"warn","message":"Price feed has stale data:","staleCount":4,"timestamp":"2026-03-29 08:35:24","total":4}
{"level":"warn","message":"DWX market data file not found — waiting for MT5 to create it...","timestamp":"2026-03-29 08:35:25"}
{"level":"warn","message":"Price feed has stale data:","staleCount":4,"timestamp":"2026-03-29 08:35:25","total":4}
{"level":"warn","message":"DWX market data file not found — waiting for MT5 to create it...","timestamp":"2026-03-29 08:35:26"}
{"level":"warn","message":"Price feed has stale data:","staleCount":4,"timestamp":"2026-03-29 08:35:26","total":4}
{"level":"warn","message":"DWX market data file not found — waiting for MT5 to create it...","timestamp":"2026-03-29 08:35:27"}
{"level":"warn","message":"Price feed has stale data:","staleCount":4,"timestamp":"2026-03-29 08:35:27","total":4}
{"level":"warn","message":"DWX file not found — will retry watcher in 5s...","timestamp":"2026-03-29 08:35:27"}
{"level":"warn","message":"DWX market data file not found — waiting for MT5 to create it...","timestamp":"2026-03-29 08:35:28"}
{"level":"warn","message":"Price feed has stale data:","staleCount":4,"timestamp":"2026-03-29 08:35:28","total":4}
{"level":"warn","message":"DWX market data file not found — waiting for MT5 to create it...","timestamp":"2026-03-29 08:35:29"}
{"level":"warn","message":"Price feed has stale data:","staleCount":4,"timestamp":"2026-03-29 08:35:29","total":4}
{"level":"warn","message":"DWX market data file not found — waiting for MT5 to create it...","timestamp":"2026-03-29 08:35:30"}
{"level":"warn","message":"Price feed has stale data:","staleCount":4,"timestamp":"2026-03-29 08:35:30","total":4}
{"isAdmin":"[admin]","level":"http","message":"Socket connected:","socketId":"wcTUUK1-unYrUKUEAAAH","timestamp":"2026-03-29 08:35:31"}
{"level":"warn","message":"DWX market data file not found — waiting for MT5 to create it...","timestamp":"2026-03-29 08:35:31"}
{"level":"warn","message":"Price feed has stale data:","staleCount":4,"timestamp":"2026-03-29 08:35:31","total":4}
{"level":"http","message":"Socket disconnected:","socketId":"wcTUUK1-unYrUKUEAAAH","timestamp":"2026-03-29 08:35:31"}
{"level":"warn","message":"DWX market data file not found — waiting for MT5 to create it...","timestamp":"2026-03-29 08:35:32"}
{"level":"warn","message":"Price feed has stale data:","staleCount":4,"timestamp":"2026-03-29 08:35:32","total":4}
{"level":"warn","message":"DWX file not found — will retry watcher in 5s...","timestamp":"2026-03-29 08:35:32"}
{"level":"warn","message":"DWX market data file not found — waiting for MT5 to create it...","timestamp":"2026-03-29 08:35:33"}
{"level":"warn","message":"Price feed has stale data:","staleCount":4,"timestamp":"2026-03-29 08:35:33","total":4}
{"level":"warn","message":"DWX market data file not found — waiting for MT5 to create it...","timestamp":"2026-03-29 08:35:34"}
{"level":"warn","message":"Price feed has stale data:","staleCount":4,"timestamp":"2026-03-29 08:35:34","total":4}
{"level":"warn","message":"DWX market data file not found — waiting for MT5 to create it...","timestamp":"2026-03-29 08:35:35"}
{"level":"warn","message":"Price feed has stale data:","staleCount":4,"timestamp":"2026-03-29 08:35:35","total":4}
{"level":"warn","message":"DWX market data file not found — waiting for MT5 to create it...","timestamp":"2026-03-29 08:35:36"}
{"level":"warn","message":"Price feed has stale data:","staleCount":4,"timestamp":"2026-03-29 08:35:36","total":4}
{"level":"warn","message":"DWX market data file not found — waiting for MT5 to create it...","timestamp":"2026-03-29 08:35:37"}
{"level":"warn","message":"Price feed has stale data:","staleCount":4,"timestamp":"2026-03-29 08:35:37","total":4}
{"level":"warn","message":"DWX file not found — will retry watcher in 5s...","timestamp":"2026-03-29 08:35:37"}
{"level":"warn","message":"DWX market data file not found — waiting for MT5 to create it...","timestamp":"2026-03-29 08:35:38"}
{"level":"warn","message":"Price feed has stale data:","staleCount":4,"timestamp":"2026-03-29 08:35:38","total":4}
{"level":"warn","message":"DWX market data file not found — waiting for MT5 to create it...","timestamp":"2026-03-29 08:35:39"}
{"level":"warn","message":"Price feed has stale data:","staleCount":4,"timestamp":"2026-03-29 08:35:39","total":4}
{"level":"warn","message":"DWX market data file not found — waiting for MT5 to create it...","timestamp":"2026-03-29 08:35:40"}
{"level":"warn","message":"Price feed has stale data:","staleCount":4,"timestamp":"2026-03-29 08:35:40","total":4}
{"level":"warn","message":"DWX market data file not found — waiting for MT5 to create it...","timestamp":"2026-03-29 08:35:41"}
{"level":"warn","message":"Price feed has stale data:","staleCount":4,"timestamp":"2026-03-29 08:35:41","total":4}
{"level":"warn","message":"DWX market data file not found — waiting for MT5 to create it...","timestamp":"2026-03-29 08:35:42"}
{"level":"warn","message":"Price feed has stale data:","staleCount":4,"timestamp":"2026-03-29 08:35:42","total":4}
{"level":"warn","message":"DWX file not found — will retry watcher in 5s...","timestamp":"2026-03-29 08:35:42"}
{"level":"warn","message":"DWX market data file not found — waiting for MT5 to create it...","timestamp":"2026-03-29 08:35:43"}
{"level":"warn","message":"Price feed has stale data:","staleCount":4,"timestamp":"2026-03-29 08:35:43","total":4}
{"duration_ms":1,"ip":"::1","level":"http","message":"GET /api/admin/kyc/stale","status":404,"timestamp":"2026-03-29 08:35:44","userAgent":"Mozilla/5.0 (Windows NT 10.0; Win64; x64) AppleWebKit/537.36 (KHTML, like Gecko) Chrome/146.0.0.0 Safari/537.36 Edg/146.0.0.0"}
{"duration_ms":0,"ip":"::1","level":"http","message":"GET /api/admin/kyc/stale","status":404,"timestamp":"2026-03-29 08:35:44","userAgent":"Mozilla/5.0 (Windows NT 10.0; Win64; x64) AppleWebKit/537.36 (KHTML, like Gecko) Chrome/146.0.0.0 Safari/537.36 Edg/146.0.0.0"}
{"level":"warn","message":"DWX market data file not found — waiting for MT5 to create it...","timestamp":"2026-03-29 08:35:44"}
{"level":"warn","message":"Price feed has stale data:","staleCount":4,"timestamp":"2026-03-29 08:35:44","total":4}
{"level":"warn","message":"DWX market data file not found — waiting for MT5 to create it...","timestamp":"2026-03-29 08:35:45"}
{"level":"warn","message":"Price feed has stale data:","staleCount":4,"timestamp":"2026-03-29 08:35:45","total":4}
{"level":"warn","message":"DWX market data file not found — waiting for MT5 to create it...","timestamp":"2026-03-29 08:35:46"}
{"level":"warn","message":"Price feed has stale data:","staleCount":4,"timestamp":"2026-03-29 08:35:46","total":4}
{"level":"warn","message":"DWX market data file not found — waiting for MT5 to create it...","timestamp":"2026-03-29 08:35:47"}
{"level":"warn","message":"Price feed has stale data:","staleCount":4,"timestamp":"2026-03-29 08:35:47","total":4}
{"level":"warn","message":"DWX file not found — will retry watcher in 5s...","timestamp":"2026-03-29 08:35:47"}
{"level":"warn","message":"DWX market data file not found — waiting for MT5 to create it...","timestamp":"2026-03-29 08:35:48"}
{"level":"warn","message":"Price feed has stale data:","staleCount":4,"timestamp":"2026-03-29 08:35:48","total":4}
{"level":"warn","message":"DWX market data file not found — waiting for MT5 to create it...","timestamp":"2026-03-29 08:35:49"}
{"level":"warn","message":"Price feed has stale data:","staleCount":4,"timestamp":"2026-03-29 08:35:49","total":4}
{"level":"warn","message":"DWX market data file not found — waiting for MT5 to create it...","timestamp":"2026-03-29 08:35:50"}
{"level":"warn","message":"Price feed has stale data:","staleCount":4,"timestamp":"2026-03-29 08:35:50","total":4}
{"level":"warn","message":"DWX market data file not found — waiting for MT5 to create it...","timestamp":"2026-03-29 08:35:51"}
{"level":"warn","message":"Price feed has stale data:","staleCount":4,"timestamp":"2026-03-29 08:35:51","total":4}
{"level":"warn","message":"DWX market data file not found — waiting for MT5 to create it...","timestamp":"2026-03-29 08:35:52"}
{"level":"warn","message":"Price feed has stale data:","staleCount":4,"timestamp":"2026-03-29 08:35:52","total":4}
{"level":"warn","message":"DWX file not found — will retry watcher in 5s...","timestamp":"2026-03-29 08:35:52"}
{"level":"warn","message":"DWX market data file not found — waiting for MT5 to create it...","timestamp":"2026-03-29 08:35:53"}
{"level":"warn","message":"Price feed has stale data:","staleCount":4,"timestamp":"2026-03-29 08:35:53","total":4}
{"level":"warn","message":"DWX market data file not found — waiting for MT5 to create it...","timestamp":"2026-03-29 08:35:54"}
{"level":"warn","message":"Price feed has stale data:","staleCount":4,"timestamp":"2026-03-29 08:35:54","total":4}
{"level":"warn","message":"DWX market data file not found — waiting for MT5 to create it...","timestamp":"2026-03-29 08:35:55"}
{"level":"warn","message":"Price feed has stale data:","staleCount":4,"timestamp":"2026-03-29 08:35:55","total":4}
{"level":"warn","message":"DWX market data file not found — waiting for MT5 to create it...","timestamp":"2026-03-29 08:35:56"}
{"level":"warn","message":"Price feed has stale data:","staleCount":4,"timestamp":"2026-03-29 08:35:56","total":4}
{"level":"warn","message":"DWX market data file not found — waiting for MT5 to create it...","timestamp":"2026-03-29 08:35:57"}
{"level":"warn","message":"Price feed has stale data:","staleCount":4,"timestamp":"2026-03-29 08:35:57","total":4}
{"level":"warn","message":"DWX file not found — will retry watcher in 5s...","timestamp":"2026-03-29 08:35:57"}
{"level":"warn","message":"DWX market data file not found — waiting for MT5 to create it...","timestamp":"2026-03-29 08:35:58"}
{"level":"warn","message":"Price feed has stale data:","staleCount":4,"timestamp":"2026-03-29 08:35:58","total":4}
{"level":"warn","message":"DWX market data file not found — waiting for MT5 to create it...","timestamp":"2026-03-29 08:35:59"}
{"level":"warn","message":"Price feed has stale data:","staleCount":4,"timestamp":"2026-03-29 08:35:59","total":4}
{"level":"warn","message":"DWX market data file not found — waiting for MT5 to create it...","timestamp":"2026-03-29 08:36:00"}
{"level":"warn","message":"Price feed has stale data:","staleCount":4,"timestamp":"2026-03-29 08:36:00","total":4}
{"level":"warn","message":"DWX market data file not found — waiting for MT5 to create it...","timestamp":"2026-03-29 08:36:01"}
{"level":"warn","message":"Price feed has stale data:","staleCount":4,"timestamp":"2026-03-29 08:36:01","total":4}
{"level":"warn","message":"DWX market data file not found — waiting for MT5 to create it...","timestamp":"2026-03-29 08:36:02"}
{"level":"warn","message":"Price feed has stale data:","staleCount":4,"timestamp":"2026-03-29 08:36:02","total":4}
{"level":"warn","message":"DWX file not found — will retry watcher in 5s...","timestamp":"2026-03-29 08:36:02"}
{"level":"warn","message":"DWX market data file not found — waiting for MT5 to create it...","timestamp":"2026-03-29 08:36:03"}
{"level":"warn","message":"Price feed has stale data:","staleCount":4,"timestamp":"2026-03-29 08:36:03","total":4}
{"level":"warn","message":"DWX market data file not found — waiting for MT5 to create it...","timestamp":"2026-03-29 08:36:04"}
{"level":"warn","message":"Price feed has stale data:","staleCount":4,"timestamp":"2026-03-29 08:36:04","total":4}
{"level":"warn","message":"DWX market data file not found — waiting for MT5 to create it...","timestamp":"2026-03-29 08:36:05"}
{"level":"warn","message":"Price feed has stale data:","staleCount":4,"timestamp":"2026-03-29 08:36:05","total":4}
{"level":"warn","message":"DWX market data file not found — waiting for MT5 to create it...","timestamp":"2026-03-29 08:36:06"}
{"level":"warn","message":"Price feed has stale data:","staleCount":4,"timestamp":"2026-03-29 08:36:06","total":4}
{"level":"warn","message":"DWX market data file not found — waiting for MT5 to create it...","timestamp":"2026-03-29 08:36:07"}
{"level":"warn","message":"Price feed has stale data:","staleCount":4,"timestamp":"2026-03-29 08:36:07","total":4}
{"level":"warn","message":"DWX file not found — will retry watcher in 5s...","timestamp":"2026-03-29 08:36:07"}
{"level":"warn","message":"DWX market data file not found — waiting for MT5 to create it...","timestamp":"2026-03-29 08:36:08"}
{"level":"warn","message":"Price feed has stale data:","staleCount":4,"timestamp":"2026-03-29 08:36:08","total":4}
{"level":"warn","message":"DWX market data file not found — waiting for MT5 to create it...","timestamp":"2026-03-29 08:36:09"}
{"level":"warn","message":"Price feed has stale data:","staleCount":4,"timestamp":"2026-03-29 08:36:09","total":4}
{"level":"warn","message":"DWX market data file not found — waiting for MT5 to create it...","timestamp":"2026-03-29 08:36:10"}
{"level":"warn","message":"Price feed has stale data:","staleCount":4,"timestamp":"2026-03-29 08:36:10","total":4}
{"instruments":"EURUSD,GBPUSD,XAUUSD,XAGUSD","level":"info","message":"Subscribed to MT5 symbols:","timestamp":"2026-03-29 08:36:45"}
{"level":"warn","message":"DWX market data file not found — waiting for MT5 to create it...","timestamp":"2026-03-29 08:36:45"}
{"level":"warn","message":"DWX file not found — will retry watcher in 5s...","timestamp":"2026-03-29 08:36:45"}
{"env":"development","level":"info","message":"Server started:","port":"5000","timestamp":"2026-03-29 08:36:45"}
{"level":"http","message":"Database connection established","timestamp":"2026-03-29 08:36:45"}
{"level":"warn","message":"DWX market data file not found — waiting for MT5 to create it...","timestamp":"2026-03-29 08:36:46"}
{"level":"warn","message":"Price feed has stale data:","staleCount":4,"timestamp":"2026-03-29 08:36:46","total":4}
{"level":"warn","message":"DWX market data file not found — waiting for MT5 to create it...","timestamp":"2026-03-29 08:36:47"}
{"level":"warn","message":"Price feed has stale data:","staleCount":4,"timestamp":"2026-03-29 08:36:47","total":4}
{"level":"warn","message":"DWX market data file not found — waiting for MT5 to create it...","timestamp":"2026-03-29 08:36:48"}
{"level":"warn","message":"Price feed has stale data:","staleCount":4,"timestamp":"2026-03-29 08:36:48","total":4}
{"level":"warn","message":"DWX market data file not found — waiting for MT5 to create it...","timestamp":"2026-03-29 08:36:49"}
{"level":"warn","message":"Price feed has stale data:","staleCount":4,"timestamp":"2026-03-29 08:36:49","total":4}
{"level":"warn","message":"DWX file not found — will retry watcher in 5s...","timestamp":"2026-03-29 08:36:50"}
{"level":"warn","message":"DWX market data file not found — waiting for MT5 to create it...","timestamp":"2026-03-29 08:36:50"}
{"level":"warn","message":"Price feed has stale data:","staleCount":4,"timestamp":"2026-03-29 08:36:50","total":4}
{"level":"warn","message":"DWX market data file not found — waiting for MT5 to create it...","timestamp":"2026-03-29 08:36:51"}
{"level":"warn","message":"Price feed has stale data:","staleCount":4,"timestamp":"2026-03-29 08:36:51","total":4}
{"level":"warn","message":"DWX market data file not found — waiting for MT5 to create it...","timestamp":"2026-03-29 08:36:52"}
{"level":"warn","message":"Price feed has stale data:","staleCount":4,"timestamp":"2026-03-29 08:36:52","total":4}
{"level":"warn","message":"DWX market data file not found — waiting for MT5 to create it...","timestamp":"2026-03-29 08:36:53"}
{"level":"warn","message":"Price feed has stale data:","staleCount":4,"timestamp":"2026-03-29 08:36:53","total":4}
{"level":"warn","message":"DWX market data file not found — waiting for MT5 to create it...","timestamp":"2026-03-29 08:36:54"}
{"level":"warn","message":"Price feed has stale data:","staleCount":4,"timestamp":"2026-03-29 08:36:54","total":4}
{"level":"warn","message":"DWX file not found — will retry watcher in 5s...","timestamp":"2026-03-29 08:36:55"}
{"level":"warn","message":"DWX market data file not found — waiting for MT5 to create it...","timestamp":"2026-03-29 08:36:55"}
{"level":"warn","message":"Price feed has stale data:","staleCount":4,"timestamp":"2026-03-29 08:36:55","total":4}
{"level":"warn","message":"DWX market data file not found — waiting for MT5 to create it...","timestamp":"2026-03-29 08:36:56"}
{"level":"warn","message":"Price feed has stale data:","staleCount":4,"timestamp":"2026-03-29 08:36:56","total":4}
{"level":"warn","message":"DWX market data file not found — waiting for MT5 to create it...","timestamp":"2026-03-29 08:36:57"}
{"level":"warn","message":"Price feed has stale data:","staleCount":4,"timestamp":"2026-03-29 08:36:57","total":4}
{"level":"warn","message":"DWX market data file not found — waiting for MT5 to create it...","timestamp":"2026-03-29 08:36:58"}
{"level":"warn","message":"Price feed has stale data:","staleCount":4,"timestamp":"2026-03-29 08:36:58","total":4}
{"level":"warn","message":"DWX market data file not found — waiting for MT5 to create it...","timestamp":"2026-03-29 08:36:59"}
{"level":"warn","message":"Price feed has stale data:","staleCount":4,"timestamp":"2026-03-29 08:36:59","total":4}
{"level":"warn","message":"DWX file not found — will retry watcher in 5s...","timestamp":"2026-03-29 08:37:00"}
{"level":"warn","message":"DWX market data file not found — waiting for MT5 to create it...","timestamp":"2026-03-29 08:37:00"}
{"level":"warn","message":"Price feed has stale data:","staleCount":4,"timestamp":"2026-03-29 08:37:00","total":4}
{"level":"warn","message":"DWX market data file not found — waiting for MT5 to create it...","timestamp":"2026-03-29 08:37:01"}
{"level":"warn","message":"Price feed has stale data:","staleCount":4,"timestamp":"2026-03-29 08:37:01","total":4}
{"level":"warn","message":"DWX market data file not found — waiting for MT5 to create it...","timestamp":"2026-03-29 08:37:02"}
{"level":"warn","message":"Price feed has stale data:","staleCount":4,"timestamp":"2026-03-29 08:37:02","total":4}
{"level":"warn","message":"DWX market data file not found — waiting for MT5 to create it...","timestamp":"2026-03-29 08:37:03"}
{"level":"warn","message":"Price feed has stale data:","staleCount":4,"timestamp":"2026-03-29 08:37:03","total":4}
{"level":"warn","message":"DWX market data file not found — waiting for MT5 to create it...","timestamp":"2026-03-29 08:37:04"}
{"level":"warn","message":"Price feed has stale data:","staleCount":4,"timestamp":"2026-03-29 08:37:04","total":4}
{"level":"warn","message":"DWX file not found — will retry watcher in 5s...","timestamp":"2026-03-29 08:37:05"}
{"level":"warn","message":"DWX market data file not found — waiting for MT5 to create it...","timestamp":"2026-03-29 08:37:05"}
{"level":"warn","message":"Price feed has stale data:","staleCount":4,"timestamp":"2026-03-29 08:37:05","total":4}
{"level":"warn","message":"DWX market data file not found — waiting for MT5 to create it...","timestamp":"2026-03-29 08:37:06"}
{"level":"warn","message":"Price feed has stale data:","staleCount":4,"timestamp":"2026-03-29 08:37:06","total":4}
{"level":"warn","message":"DWX market data file not found — waiting for MT5 to create it...","timestamp":"2026-03-29 08:37:07"}
{"level":"warn","message":"Price feed has stale data:","staleCount":4,"timestamp":"2026-03-29 08:37:07","total":4}
{"level":"warn","message":"DWX market data file not found — waiting for MT5 to create it...","timestamp":"2026-03-29 08:37:08"}
{"level":"warn","message":"Price feed has stale data:","staleCount":4,"timestamp":"2026-03-29 08:37:08","total":4}
{"level":"warn","message":"DWX market data file not found — waiting for MT5 to create it...","timestamp":"2026-03-29 08:37:09"}
{"level":"warn","message":"Price feed has stale data:","staleCount":4,"timestamp":"2026-03-29 08:37:09","total":4}
{"level":"warn","message":"DWX file not found — will retry watcher in 5s...","timestamp":"2026-03-29 08:37:10"}
{"level":"warn","message":"DWX market data file not found — waiting for MT5 to create it...","timestamp":"2026-03-29 08:37:10"}
{"level":"warn","message":"Price feed has stale data:","staleCount":4,"timestamp":"2026-03-29 08:37:10","total":4}
{"level":"warn","message":"DWX market data file not found — waiting for MT5 to create it...","timestamp":"2026-03-29 08:37:11"}
{"level":"warn","message":"Price feed has stale data:","staleCount":4,"timestamp":"2026-03-29 08:37:11","total":4}
{"level":"warn","message":"DWX market data file not found — waiting for MT5 to create it...","timestamp":"2026-03-29 08:37:12"}
{"level":"warn","message":"Price feed has stale data:","staleCount":4,"timestamp":"2026-03-29 08:37:12","total":4}
{"level":"warn","message":"DWX market data file not found — waiting for MT5 to create it...","timestamp":"2026-03-29 08:37:13"}
{"level":"warn","message":"Price feed has stale data:","staleCount":4,"timestamp":"2026-03-29 08:37:13","total":4}
{"level":"warn","message":"DWX market data file not found — waiting for MT5 to create it...","timestamp":"2026-03-29 08:37:14"}
{"level":"warn","message":"Price feed has stale data:","staleCount":4,"timestamp":"2026-03-29 08:37:14","total":4}
{"level":"warn","message":"DWX file not found — will retry watcher in 5s...","timestamp":"2026-03-29 08:37:15"}
{"level":"warn","message":"DWX market data file not found — waiting for MT5 to create it...","timestamp":"2026-03-29 08:37:15"}
{"level":"warn","message":"Price feed has stale data:","staleCount":4,"timestamp":"2026-03-29 08:37:15","total":4}
{"level":"warn","message":"DWX market data file not found — waiting for MT5 to create it...","timestamp":"2026-03-29 08:37:16"}
{"level":"warn","message":"Price feed has stale data:","staleCount":4,"timestamp":"2026-03-29 08:37:16","total":4}
{"level":"warn","message":"DWX market data file not found — waiting for MT5 to create it...","timestamp":"2026-03-29 08:37:17"}
{"level":"warn","message":"Price feed has stale data:","staleCount":4,"timestamp":"2026-03-29 08:37:17","total":4}
{"level":"warn","message":"DWX market data file not found — waiting for MT5 to create it...","timestamp":"2026-03-29 08:37:18"}
{"level":"warn","message":"Price feed has stale data:","staleCount":4,"timestamp":"2026-03-29 08:37:18","total":4}
{"level":"warn","message":"DWX market data file not found — waiting for MT5 to create it...","timestamp":"2026-03-29 08:37:19"}
{"level":"warn","message":"Price feed has stale data:","staleCount":4,"timestamp":"2026-03-29 08:37:19","total":4}
{"level":"warn","message":"DWX file not found — will retry watcher in 5s...","timestamp":"2026-03-29 08:37:20"}
{"level":"warn","message":"DWX market data file not found — waiting for MT5 to create it...","timestamp":"2026-03-29 08:37:20"}
{"level":"warn","message":"Price feed has stale data:","staleCount":4,"timestamp":"2026-03-29 08:37:20","total":4}
{"level":"warn","message":"DWX market data file not found — waiting for MT5 to create it...","timestamp":"2026-03-29 08:37:21"}
{"level":"warn","message":"Price feed has stale data:","staleCount":4,"timestamp":"2026-03-29 08:37:21","total":4}
{"level":"warn","message":"DWX market data file not found — waiting for MT5 to create it...","timestamp":"2026-03-29 08:37:22"}
{"level":"warn","message":"Price feed has stale data:","staleCount":4,"timestamp":"2026-03-29 08:37:22","total":4}
{"level":"warn","message":"DWX market data file not found — waiting for MT5 to create it...","timestamp":"2026-03-29 08:37:23"}
{"level":"warn","message":"Price feed has stale data:","staleCount":4,"timestamp":"2026-03-29 08:37:23","total":4}
{"level":"warn","message":"DWX market data file not found — waiting for MT5 to create it...","timestamp":"2026-03-29 08:37:24"}
{"level":"warn","message":"Price feed has stale data:","staleCount":4,"timestamp":"2026-03-29 08:37:24","total":4}
{"level":"warn","message":"DWX file not found — will retry watcher in 5s...","timestamp":"2026-03-29 08:37:25"}
{"level":"warn","message":"DWX market data file not found — waiting for MT5 to create it...","timestamp":"2026-03-29 08:37:25"}
{"level":"warn","message":"Price feed has stale data:","staleCount":4,"timestamp":"2026-03-29 08:37:25","total":4}
{"level":"warn","message":"DWX market data file not found — waiting for MT5 to create it...","timestamp":"2026-03-29 08:37:26"}
{"level":"warn","message":"Price feed has stale data:","staleCount":4,"timestamp":"2026-03-29 08:37:26","total":4}
{"level":"warn","message":"DWX market data file not found — waiting for MT5 to create it...","timestamp":"2026-03-29 08:37:27"}
{"level":"warn","message":"Price feed has stale data:","staleCount":4,"timestamp":"2026-03-29 08:37:27","total":4}
{"level":"warn","message":"DWX market data file not found — waiting for MT5 to create it...","timestamp":"2026-03-29 08:37:28"}
{"level":"warn","message":"Price feed has stale data:","staleCount":4,"timestamp":"2026-03-29 08:37:28","total":4}
{"level":"warn","message":"DWX market data file not found — waiting for MT5 to create it...","timestamp":"2026-03-29 08:37:29"}
{"level":"warn","message":"Price feed has stale data:","staleCount":4,"timestamp":"2026-03-29 08:37:29","total":4}
{"level":"warn","message":"DWX file not found — will retry watcher in 5s...","timestamp":"2026-03-29 08:37:30"}
{"level":"warn","message":"DWX market data file not found — waiting for MT5 to create it...","timestamp":"2026-03-29 08:37:30"}
{"level":"warn","message":"Price feed has stale data:","staleCount":4,"timestamp":"2026-03-29 08:37:30","total":4}
{"level":"warn","message":"DWX market data file not found — waiting for MT5 to create it...","timestamp":"2026-03-29 08:37:31"}
{"level":"warn","message":"Price feed has stale data:","staleCount":4,"timestamp":"2026-03-29 08:37:31","total":4}
{"level":"warn","message":"DWX market data file not found — waiting for MT5 to create it...","timestamp":"2026-03-29 08:37:32"}
{"level":"warn","message":"Price feed has stale data:","staleCount":4,"timestamp":"2026-03-29 08:37:32","total":4}
{"level":"warn","message":"DWX market data file not found — waiting for MT5 to create it...","timestamp":"2026-03-29 08:37:33"}
{"level":"warn","message":"Price feed has stale data:","staleCount":4,"timestamp":"2026-03-29 08:37:33","total":4}
{"level":"warn","message":"DWX market data file not found — waiting for MT5 to create it...","timestamp":"2026-03-29 08:37:34"}
{"level":"warn","message":"Price feed has stale data:","staleCount":4,"timestamp":"2026-03-29 08:37:34","total":4}
{"level":"warn","message":"DWX file not found — will retry watcher in 5s...","timestamp":"2026-03-29 08:37:35"}
{"level":"warn","message":"DWX market data file not found — waiting for MT5 to create it...","timestamp":"2026-03-29 08:37:35"}
{"level":"warn","message":"Price feed has stale data:","staleCount":4,"timestamp":"2026-03-29 08:37:35","total":4}
{"level":"warn","message":"DWX market data file not found — waiting for MT5 to create it...","timestamp":"2026-03-29 08:37:36"}
{"level":"warn","message":"Price feed has stale data:","staleCount":4,"timestamp":"2026-03-29 08:37:36","total":4}
{"level":"warn","message":"DWX market data file not found — waiting for MT5 to create it...","timestamp":"2026-03-29 08:37:37"}
{"level":"warn","message":"Price feed has stale data:","staleCount":4,"timestamp":"2026-03-29 08:37:37","total":4}
{"level":"warn","message":"DWX market data file not found — waiting for MT5 to create it...","timestamp":"2026-03-29 08:37:38"}
{"level":"warn","message":"Price feed has stale data:","staleCount":4,"timestamp":"2026-03-29 08:37:38","total":4}
{"level":"warn","message":"DWX market data file not found — waiting for MT5 to create it...","timestamp":"2026-03-29 08:37:39"}
{"level":"warn","message":"Price feed has stale data:","staleCount":4,"timestamp":"2026-03-29 08:37:39","total":4}
{"level":"warn","message":"DWX file not found — will retry watcher in 5s...","timestamp":"2026-03-29 08:37:40"}
{"level":"warn","message":"DWX market data file not found — waiting for MT5 to create it...","timestamp":"2026-03-29 08:37:40"}
{"level":"warn","message":"Price feed has stale data:","staleCount":4,"timestamp":"2026-03-29 08:37:40","total":4}
{"level":"warn","message":"DWX market data file not found — waiting for MT5 to create it...","timestamp":"2026-03-29 08:37:42"}
{"level":"warn","message":"Price feed has stale data:","staleCount":4,"timestamp":"2026-03-29 08:37:42","total":4}
{"level":"warn","message":"DWX market data file not found — waiting for MT5 to create it...","timestamp":"2026-03-29 08:37:43"}
{"level":"warn","message":"Price feed has stale data:","staleCount":4,"timestamp":"2026-03-29 08:37:43","total":4}
{"level":"warn","message":"DWX market data file not found — waiting for MT5 to create it...","timestamp":"2026-03-29 08:37:44"}
{"level":"warn","message":"Price feed has stale data:","staleCount":4,"timestamp":"2026-03-29 08:37:44","total":4}
{"level":"warn","message":"DWX market data file not found — waiting for MT5 to create it...","timestamp":"2026-03-29 08:37:45"}
{"level":"warn","message":"Price feed has stale data:","staleCount":4,"timestamp":"2026-03-29 08:37:45","total":4}
{"level":"warn","message":"DWX file not found — will retry watcher in 5s...","timestamp":"2026-03-29 08:37:45"}
{"level":"warn","message":"DWX market data file not found — waiting for MT5 to create it...","timestamp":"2026-03-29 08:37:46"}
{"level":"warn","message":"Price feed has stale data:","staleCount":4,"timestamp":"2026-03-29 08:37:46","total":4}
{"level":"warn","message":"DWX market data file not found — waiting for MT5 to create it...","timestamp":"2026-03-29 08:37:47"}
{"level":"warn","message":"Price feed has stale data:","staleCount":4,"timestamp":"2026-03-29 08:37:47","total":4}
{"level":"warn","message":"DWX market data file not found — waiting for MT5 to create it...","timestamp":"2026-03-29 08:37:48"}
{"level":"warn","message":"Price feed has stale data:","staleCount":4,"timestamp":"2026-03-29 08:37:48","total":4}
{"level":"warn","message":"DWX market data file not found — waiting for MT5 to create it...","timestamp":"2026-03-29 08:37:49"}
{"level":"warn","message":"Price feed has stale data:","staleCount":4,"timestamp":"2026-03-29 08:37:49","total":4}
{"level":"warn","message":"DWX market data file not found — waiting for MT5 to create it...","timestamp":"2026-03-29 08:37:50"}
{"level":"warn","message":"Price feed has stale data:","staleCount":4,"timestamp":"2026-03-29 08:37:50","total":4}
{"level":"warn","message":"DWX file not found — will retry watcher in 5s...","timestamp":"2026-03-29 08:37:50"}
{"level":"warn","message":"DWX market data file not found — waiting for MT5 to create it...","timestamp":"2026-03-29 08:37:51"}
{"level":"warn","message":"Price feed has stale data:","staleCount":4,"timestamp":"2026-03-29 08:37:51","total":4}
{"level":"warn","message":"DWX market data file not found — waiting for MT5 to create it...","timestamp":"2026-03-29 08:37:52"}
{"level":"warn","message":"Price feed has stale data:","staleCount":4,"timestamp":"2026-03-29 08:37:52","total":4}
{"level":"warn","message":"DWX market data file not found — waiting for MT5 to create it...","timestamp":"2026-03-29 08:37:53"}
{"level":"warn","message":"Price feed has stale data:","staleCount":4,"timestamp":"2026-03-29 08:37:53","total":4}
{"level":"warn","message":"DWX market data file not found — waiting for MT5 to create it...","timestamp":"2026-03-29 08:37:54"}
{"level":"warn","message":"Price feed has stale data:","staleCount":4,"timestamp":"2026-03-29 08:37:54","total":4}
{"level":"warn","message":"DWX market data file not found — waiting for MT5 to create it...","timestamp":"2026-03-29 08:37:55"}
{"level":"warn","message":"Price feed has stale data:","staleCount":4,"timestamp":"2026-03-29 08:37:55","total":4}
{"level":"warn","message":"DWX file not found — will retry watcher in 5s...","timestamp":"2026-03-29 08:37:55"}
{"level":"warn","message":"DWX market data file not found — waiting for MT5 to create it...","timestamp":"2026-03-29 08:37:56"}
{"level":"warn","message":"Price feed has stale data:","staleCount":4,"timestamp":"2026-03-29 08:37:56","total":4}
{"level":"warn","message":"DWX market data file not found — waiting for MT5 to create it...","timestamp":"2026-03-29 08:37:57"}
{"level":"warn","message":"Price feed has stale data:","staleCount":4,"timestamp":"2026-03-29 08:37:57","total":4}
{"level":"warn","message":"DWX market data file not found — waiting for MT5 to create it...","timestamp":"2026-03-29 08:37:58"}
{"level":"warn","message":"Price feed has stale data:","staleCount":4,"timestamp":"2026-03-29 08:37:58","total":4}
{"level":"warn","message":"DWX market data file not found — waiting for MT5 to create it...","timestamp":"2026-03-29 08:37:59"}
{"level":"warn","message":"Price feed has stale data:","staleCount":4,"timestamp":"2026-03-29 08:37:59","total":4}
{"level":"warn","message":"DWX market data file not found — waiting for MT5 to create it...","timestamp":"2026-03-29 08:38:00"}
{"level":"warn","message":"Price feed has stale data:","staleCount":4,"timestamp":"2026-03-29 08:38:00","total":4}
{"level":"warn","message":"DWX file not found — will retry watcher in 5s...","timestamp":"2026-03-29 08:38:00"}
{"level":"warn","message":"DWX market data file not found — waiting for MT5 to create it...","timestamp":"2026-03-29 08:38:01"}
{"level":"warn","message":"Price feed has stale data:","staleCount":4,"timestamp":"2026-03-29 08:38:01","total":4}
{"level":"warn","message":"DWX market data file not found — waiting for MT5 to create it...","timestamp":"2026-03-29 08:38:02"}
{"level":"warn","message":"Price feed has stale data:","staleCount":4,"timestamp":"2026-03-29 08:38:02","total":4}
{"level":"warn","message":"DWX market data file not found — waiting for MT5 to create it...","timestamp":"2026-03-29 08:38:03"}
{"level":"warn","message":"Price feed has stale data:","staleCount":4,"timestamp":"2026-03-29 08:38:03","total":4}
{"level":"warn","message":"DWX market data file not found — waiting for MT5 to create it...","timestamp":"2026-03-29 08:38:04"}
{"level":"warn","message":"Price feed has stale data:","staleCount":4,"timestamp":"2026-03-29 08:38:04","total":4}
{"level":"warn","message":"DWX market data file not found — waiting for MT5 to create it...","timestamp":"2026-03-29 08:38:05"}
{"level":"warn","message":"Price feed has stale data:","staleCount":4,"timestamp":"2026-03-29 08:38:05","total":4}
{"level":"warn","message":"DWX file not found — will retry watcher in 5s...","timestamp":"2026-03-29 08:38:05"}
{"level":"warn","message":"DWX market data file not found — waiting for MT5 to create it...","timestamp":"2026-03-29 08:38:06"}
{"level":"warn","message":"Price feed has stale data:","staleCount":4,"timestamp":"2026-03-29 08:38:06","total":4}
{"level":"warn","message":"DWX market data file not found — waiting for MT5 to create it...","timestamp":"2026-03-29 08:38:07"}
{"level":"warn","message":"Price feed has stale data:","staleCount":4,"timestamp":"2026-03-29 08:38:07","total":4}
{"level":"warn","message":"DWX market data file not found — waiting for MT5 to create it...","timestamp":"2026-03-29 08:38:08"}
{"level":"warn","message":"Price feed has stale data:","staleCount":4,"timestamp":"2026-03-29 08:38:08","total":4}
{"level":"warn","message":"DWX market data file not found — waiting for MT5 to create it...","timestamp":"2026-03-29 08:38:09"}
{"level":"warn","message":"Price feed has stale data:","staleCount":4,"timestamp":"2026-03-29 08:38:09","total":4}
{"level":"warn","message":"DWX market data file not found — waiting for MT5 to create it...","timestamp":"2026-03-29 08:38:10"}
{"level":"warn","message":"Price feed has stale data:","staleCount":4,"timestamp":"2026-03-29 08:38:10","total":4}
{"level":"warn","message":"DWX file not found — will retry watcher in 5s...","timestamp":"2026-03-29 08:38:10"}
{"level":"warn","message":"DWX market data file not found — waiting for MT5 to create it...","timestamp":"2026-03-29 08:38:11"}
{"level":"warn","message":"Price feed has stale data:","staleCount":4,"timestamp":"2026-03-29 08:38:11","total":4}
{"level":"warn","message":"DWX market data file not found — waiting for MT5 to create it...","timestamp":"2026-03-29 08:38:12"}
{"level":"warn","message":"Price feed has stale data:","staleCount":4,"timestamp":"2026-03-29 08:38:12","total":4}
{"level":"warn","message":"DWX market data file not found — waiting for MT5 to create it...","timestamp":"2026-03-29 08:38:13"}
{"level":"warn","message":"Price feed has stale data:","staleCount":4,"timestamp":"2026-03-29 08:38:13","total":4}
{"level":"warn","message":"DWX market data file not found — waiting for MT5 to create it...","timestamp":"2026-03-29 08:38:14"}
{"level":"warn","message":"Price feed has stale data:","staleCount":4,"timestamp":"2026-03-29 08:38:14","total":4}
{"level":"warn","message":"DWX market data file not found — waiting for MT5 to create it...","timestamp":"2026-03-29 08:38:15"}
{"level":"warn","message":"Price feed has stale data:","staleCount":4,"timestamp":"2026-03-29 08:38:15","total":4}
{"level":"warn","message":"DWX file not found — will retry watcher in 5s...","timestamp":"2026-03-29 08:38:15"}
{"level":"warn","message":"DWX market data file not found — waiting for MT5 to create it...","timestamp":"2026-03-29 08:38:16"}
{"level":"warn","message":"Price feed has stale data:","staleCount":4,"timestamp":"2026-03-29 08:38:16","total":4}
{"level":"warn","message":"DWX market data file not found — waiting for MT5 to create it...","timestamp":"2026-03-29 08:38:17"}
{"level":"warn","message":"Price feed has stale data:","staleCount":4,"timestamp":"2026-03-29 08:38:17","total":4}
{"level":"warn","message":"DWX market data file not found — waiting for MT5 to create it...","timestamp":"2026-03-29 08:38:18"}
{"level":"warn","message":"Price feed has stale data:","staleCount":4,"timestamp":"2026-03-29 08:38:18","total":4}
{"level":"warn","message":"DWX market data file not found — waiting for MT5 to create it...","timestamp":"2026-03-29 08:38:19"}
{"level":"warn","message":"Price feed has stale data:","staleCount":4,"timestamp":"2026-03-29 08:38:19","total":4}
{"level":"warn","message":"DWX market data file not found — waiting for MT5 to create it...","timestamp":"2026-03-29 08:38:20"}
{"level":"warn","message":"Price feed has stale data:","staleCount":4,"timestamp":"2026-03-29 08:38:20","total":4}
{"level":"warn","message":"DWX file not found — will retry watcher in 5s...","timestamp":"2026-03-29 08:38:20"}
{"level":"warn","message":"DWX market data file not found — waiting for MT5 to create it...","timestamp":"2026-03-29 08:38:21"}
{"level":"warn","message":"Price feed has stale data:","staleCount":4,"timestamp":"2026-03-29 08:38:21","total":4}
{"level":"warn","message":"DWX market data file not found — waiting for MT5 to create it...","timestamp":"2026-03-29 08:38:22"}
{"level":"warn","message":"Price feed has stale data:","staleCount":4,"timestamp":"2026-03-29 08:38:22","total":4}
{"level":"warn","message":"DWX market data file not found — waiting for MT5 to create it...","timestamp":"2026-03-29 08:38:23"}
{"level":"warn","message":"Price feed has stale data:","staleCount":4,"timestamp":"2026-03-29 08:38:23","total":4}
{"level":"warn","message":"DWX market data file not found — waiting for MT5 to create it...","timestamp":"2026-03-29 08:38:24"}
{"level":"warn","message":"Price feed has stale data:","staleCount":4,"timestamp":"2026-03-29 08:38:24","total":4}
{"level":"warn","message":"DWX market data file not found — waiting for MT5 to create it...","timestamp":"2026-03-29 08:38:25"}
{"level":"warn","message":"Price feed has stale data:","staleCount":4,"timestamp":"2026-03-29 08:38:25","total":4}
{"level":"warn","message":"DWX file not found — will retry watcher in 5s...","timestamp":"2026-03-29 08:38:25"}
{"level":"warn","message":"DWX market data file not found — waiting for MT5 to create it...","timestamp":"2026-03-29 08:38:26"}
{"level":"warn","message":"Price feed has stale data:","staleCount":4,"timestamp":"2026-03-29 08:38:26","total":4}
{"level":"warn","message":"DWX market data file not found — waiting for MT5 to create it...","timestamp":"2026-03-29 08:38:27"}
{"level":"warn","message":"Price feed has stale data:","staleCount":4,"timestamp":"2026-03-29 08:38:27","total":4}
{"level":"warn","message":"DWX market data file not found — waiting for MT5 to create it...","timestamp":"2026-03-29 08:38:28"}
{"level":"warn","message":"Price feed has stale data:","staleCount":4,"timestamp":"2026-03-29 08:38:28","total":4}
{"level":"warn","message":"DWX market data file not found — waiting for MT5 to create it...","timestamp":"2026-03-29 08:38:29"}
{"level":"warn","message":"Price feed has stale data:","staleCount":4,"timestamp":"2026-03-29 08:38:29","total":4}
{"level":"warn","message":"DWX market data file not found — waiting for MT5 to create it...","timestamp":"2026-03-29 08:38:30"}
{"level":"warn","message":"Price feed has stale data:","staleCount":4,"timestamp":"2026-03-29 08:38:30","total":4}
{"level":"warn","message":"DWX file not found — will retry watcher in 5s...","timestamp":"2026-03-29 08:38:30"}
{"level":"warn","message":"DWX market data file not found — waiting for MT5 to create it...","timestamp":"2026-03-29 08:38:31"}
{"level":"warn","message":"Price feed has stale data:","staleCount":4,"timestamp":"2026-03-29 08:38:31","total":4}
{"level":"warn","message":"DWX market data file not found — waiting for MT5 to create it...","timestamp":"2026-03-29 08:38:32"}
{"level":"warn","message":"Price feed has stale data:","staleCount":4,"timestamp":"2026-03-29 08:38:32","total":4}
{"level":"warn","message":"DWX market data file not found — waiting for MT5 to create it...","timestamp":"2026-03-29 08:38:33"}
{"level":"warn","message":"Price feed has stale data:","staleCount":4,"timestamp":"2026-03-29 08:38:33","total":4}
{"level":"warn","message":"DWX market data file not found — waiting for MT5 to create it...","timestamp":"2026-03-29 08:38:34"}
{"level":"warn","message":"Price feed has stale data:","staleCount":4,"timestamp":"2026-03-29 08:38:34","total":4}
{"level":"warn","message":"DWX market data file not found — waiting for MT5 to create it...","timestamp":"2026-03-29 08:38:35"}
{"level":"warn","message":"Price feed has stale data:","staleCount":4,"timestamp":"2026-03-29 08:38:35","total":4}
{"level":"warn","message":"DWX file not found — will retry watcher in 5s...","timestamp":"2026-03-29 08:38:35"}
{"level":"warn","message":"DWX market data file not found — waiting for MT5 to create it...","timestamp":"2026-03-29 08:38:36"}
{"level":"warn","message":"Price feed has stale data:","staleCount":4,"timestamp":"2026-03-29 08:38:36","total":4}
{"level":"warn","message":"DWX market data file not found — waiting for MT5 to create it...","timestamp":"2026-03-29 08:38:37"}
{"level":"warn","message":"Price feed has stale data:","staleCount":4,"timestamp":"2026-03-29 08:38:37","total":4}
{"level":"warn","message":"DWX market data file not found — waiting for MT5 to create it...","timestamp":"2026-03-29 08:38:38"}
{"level":"warn","message":"Price feed has stale data:","staleCount":4,"timestamp":"2026-03-29 08:38:38","total":4}
{"level":"warn","message":"DWX market data file not found — waiting for MT5 to create it...","timestamp":"2026-03-29 08:38:39"}
{"level":"warn","message":"Price feed has stale data:","staleCount":4,"timestamp":"2026-03-29 08:38:39","total":4}
{"level":"warn","message":"DWX market data file not found — waiting for MT5 to create it...","timestamp":"2026-03-29 08:38:40"}
{"level":"warn","message":"Price feed has stale data:","staleCount":4,"timestamp":"2026-03-29 08:38:40","total":4}
{"level":"warn","message":"DWX file not found — will retry watcher in 5s...","timestamp":"2026-03-29 08:38:40"}
{"level":"warn","message":"DWX market data file not found — waiting for MT5 to create it...","timestamp":"2026-03-29 08:38:41"}
{"level":"warn","message":"Price feed has stale data:","staleCount":4,"timestamp":"2026-03-29 08:38:41","total":4}
{"level":"warn","message":"DWX market data file not found — waiting for MT5 to create it...","timestamp":"2026-03-29 08:38:42"}
{"level":"warn","message":"Price feed has stale data:","staleCount":4,"timestamp":"2026-03-29 08:38:42","total":4}
{"level":"warn","message":"DWX market data file not found — waiting for MT5 to create it...","timestamp":"2026-03-29 08:38:43"}
{"level":"warn","message":"Price feed has stale data:","staleCount":4,"timestamp":"2026-03-29 08:38:43","total":4}
{"level":"warn","message":"DWX market data file not found — waiting for MT5 to create it...","timestamp":"2026-03-29 08:38:44"}
{"level":"warn","message":"Price feed has stale data:","staleCount":4,"timestamp":"2026-03-29 08:38:44","total":4}
{"level":"warn","message":"DWX market data file not found — waiting for MT5 to create it...","timestamp":"2026-03-29 08:38:45"}
{"level":"warn","message":"Price feed has stale data:","staleCount":4,"timestamp":"2026-03-29 08:38:45","total":4}
{"level":"warn","message":"DWX file not found — will retry watcher in 5s...","timestamp":"2026-03-29 08:38:45"}
{"level":"warn","message":"DWX market data file not found — waiting for MT5 to create it...","timestamp":"2026-03-29 08:38:46"}
{"level":"warn","message":"Price feed has stale data:","staleCount":4,"timestamp":"2026-03-29 08:38:46","total":4}
{"level":"warn","message":"DWX market data file not found — waiting for MT5 to create it...","timestamp":"2026-03-29 08:38:47"}
{"level":"warn","message":"Price feed has stale data:","staleCount":4,"timestamp":"2026-03-29 08:38:47","total":4}
{"level":"warn","message":"DWX market data file not found — waiting for MT5 to create it...","timestamp":"2026-03-29 08:38:48"}
{"level":"warn","message":"Price feed has stale data:","staleCount":4,"timestamp":"2026-03-29 08:38:48","total":4}
{"level":"warn","message":"DWX market data file not found — waiting for MT5 to create it...","timestamp":"2026-03-29 08:38:49"}
{"level":"warn","message":"Price feed has stale data:","staleCount":4,"timestamp":"2026-03-29 08:38:49","total":4}
{"level":"warn","message":"DWX market data file not found — waiting for MT5 to create it...","timestamp":"2026-03-29 08:38:50"}
{"level":"warn","message":"Price feed has stale data:","staleCount":4,"timestamp":"2026-03-29 08:38:50","total":4}
{"level":"warn","message":"DWX file not found — will retry watcher in 5s...","timestamp":"2026-03-29 08:38:50"}
{"level":"warn","message":"DWX market data file not found — waiting for MT5 to create it...","timestamp":"2026-03-29 08:38:51"}
{"level":"warn","message":"Price feed has stale data:","staleCount":4,"timestamp":"2026-03-29 08:38:51","total":4}
{"level":"warn","message":"DWX market data file not found — waiting for MT5 to create it...","timestamp":"2026-03-29 08:38:52"}
{"level":"warn","message":"Price feed has stale data:","staleCount":4,"timestamp":"2026-03-29 08:38:52","total":4}
{"level":"warn","message":"DWX market data file not found — waiting for MT5 to create it...","timestamp":"2026-03-29 08:38:53"}
{"level":"warn","message":"Price feed has stale data:","staleCount":4,"timestamp":"2026-03-29 08:38:53","total":4}
{"level":"warn","message":"DWX market data file not found — waiting for MT5 to create it...","timestamp":"2026-03-29 08:38:54"}
{"level":"warn","message":"Price feed has stale data:","staleCount":4,"timestamp":"2026-03-29 08:38:54","total":4}
{"level":"warn","message":"DWX market data file not found — waiting for MT5 to create it...","timestamp":"2026-03-29 08:38:55"}
{"level":"warn","message":"Price feed has stale data:","staleCount":4,"timestamp":"2026-03-29 08:38:55","total":4}
{"level":"warn","message":"DWX file not found — will retry watcher in 5s...","timestamp":"2026-03-29 08:38:55"}
{"level":"warn","message":"DWX market data file not found — waiting for MT5 to create it...","timestamp":"2026-03-29 08:38:56"}
{"level":"warn","message":"Price feed has stale data:","staleCount":4,"timestamp":"2026-03-29 08:38:56","total":4}
{"level":"warn","message":"DWX market data file not found — waiting for MT5 to create it...","timestamp":"2026-03-29 08:38:57"}
{"level":"warn","message":"Price feed has stale data:","staleCount":4,"timestamp":"2026-03-29 08:38:57","total":4}
{"level":"warn","message":"DWX market data file not found — waiting for MT5 to create it...","timestamp":"2026-03-29 08:38:58"}
{"level":"warn","message":"Price feed has stale data:","staleCount":4,"timestamp":"2026-03-29 08:38:58","total":4}
{"level":"warn","message":"DWX market data file not found — waiting for MT5 to create it...","timestamp":"2026-03-29 08:38:59"}
{"level":"warn","message":"Price feed has stale data:","staleCount":4,"timestamp":"2026-03-29 08:38:59","total":4}
{"level":"warn","message":"DWX market data file not found — waiting for MT5 to create it...","timestamp":"2026-03-29 08:39:00"}
{"level":"warn","message":"Price feed has stale data:","staleCount":4,"timestamp":"2026-03-29 08:39:00","total":4}
{"level":"warn","message":"DWX file not found — will retry watcher in 5s...","timestamp":"2026-03-29 08:39:00"}
{"level":"warn","message":"DWX market data file not found — waiting for MT5 to create it...","timestamp":"2026-03-29 08:39:01"}
{"level":"warn","message":"Price feed has stale data:","staleCount":4,"timestamp":"2026-03-29 08:39:01","total":4}
{"level":"warn","message":"DWX market data file not found — waiting for MT5 to create it...","timestamp":"2026-03-29 08:39:02"}
{"level":"warn","message":"Price feed has stale data:","staleCount":4,"timestamp":"2026-03-29 08:39:02","total":4}
{"level":"warn","message":"DWX market data file not found — waiting for MT5 to create it...","timestamp":"2026-03-29 08:39:03"}
{"level":"warn","message":"Price feed has stale data:","staleCount":4,"timestamp":"2026-03-29 08:39:03","total":4}
{"level":"warn","message":"DWX market data file not found — waiting for MT5 to create it...","timestamp":"2026-03-29 08:39:04"}
{"level":"warn","message":"Price feed has stale data:","staleCount":4,"timestamp":"2026-03-29 08:39:04","total":4}
{"level":"warn","message":"DWX market data file not found — waiting for MT5 to create it...","timestamp":"2026-03-29 08:39:05"}
{"level":"warn","message":"Price feed has stale data:","staleCount":4,"timestamp":"2026-03-29 08:39:05","total":4}
{"level":"warn","message":"DWX file not found — will retry watcher in 5s...","timestamp":"2026-03-29 08:39:05"}
{"level":"warn","message":"DWX market data file not found — waiting for MT5 to create it...","timestamp":"2026-03-29 08:39:06"}
{"level":"warn","message":"Price feed has stale data:","staleCount":4,"timestamp":"2026-03-29 08:39:06","total":4}
{"level":"warn","message":"DWX market data file not found — waiting for MT5 to create it...","timestamp":"2026-03-29 08:39:07"}
{"level":"warn","message":"Price feed has stale data:","staleCount":4,"timestamp":"2026-03-29 08:39:07","total":4}
{"level":"warn","message":"DWX market data file not found — waiting for MT5 to create it...","timestamp":"2026-03-29 08:39:08"}
{"level":"warn","message":"Price feed has stale data:","staleCount":4,"timestamp":"2026-03-29 08:39:08","total":4}
{"level":"warn","message":"DWX market data file not found — waiting for MT5 to create it...","timestamp":"2026-03-29 08:39:09"}
{"level":"warn","message":"Price feed has stale data:","staleCount":4,"timestamp":"2026-03-29 08:39:09","total":4}
{"level":"warn","message":"DWX market data file not found — waiting for MT5 to create it...","timestamp":"2026-03-29 08:39:10"}
{"level":"warn","message":"Price feed has stale data:","staleCount":4,"timestamp":"2026-03-29 08:39:10","total":4}
{"level":"warn","message":"DWX file not found — will retry watcher in 5s...","timestamp":"2026-03-29 08:39:10"}
{"level":"warn","message":"DWX market data file not found — waiting for MT5 to create it...","timestamp":"2026-03-29 08:39:11"}
{"level":"warn","message":"Price feed has stale data:","staleCount":4,"timestamp":"2026-03-29 08:39:11","total":4}
{"level":"warn","message":"DWX market data file not found — waiting for MT5 to create it...","timestamp":"2026-03-29 08:39:12"}
{"level":"warn","message":"Price feed has stale data:","staleCount":4,"timestamp":"2026-03-29 08:39:12","total":4}
{"level":"warn","message":"DWX market data file not found — waiting for MT5 to create it...","timestamp":"2026-03-29 08:39:13"}
{"level":"warn","message":"Price feed has stale data:","staleCount":4,"timestamp":"2026-03-29 08:39:13","total":4}
{"level":"warn","message":"DWX market data file not found — waiting for MT5 to create it...","timestamp":"2026-03-29 08:39:14"}
{"level":"warn","message":"Price feed has stale data:","staleCount":4,"timestamp":"2026-03-29 08:39:14","total":4}
{"level":"warn","message":"DWX market data file not found — waiting for MT5 to create it...","timestamp":"2026-03-29 08:39:15"}
{"level":"warn","message":"Price feed has stale data:","staleCount":4,"timestamp":"2026-03-29 08:39:15","total":4}
{"level":"warn","message":"DWX file not found — will retry watcher in 5s...","timestamp":"2026-03-29 08:39:15"}
{"level":"warn","message":"DWX market data file not found — waiting for MT5 to create it...","timestamp":"2026-03-29 08:39:16"}
{"level":"warn","message":"Price feed has stale data:","staleCount":4,"timestamp":"2026-03-29 08:39:16","total":4}
{"level":"warn","message":"DWX market data file not found — waiting for MT5 to create it...","timestamp":"2026-03-29 08:39:17"}
{"level":"warn","message":"Price feed has stale data:","staleCount":4,"timestamp":"2026-03-29 08:39:17","total":4}
{"level":"warn","message":"DWX market data file not found — waiting for MT5 to create it...","timestamp":"2026-03-29 08:39:18"}
{"level":"warn","message":"Price feed has stale data:","staleCount":4,"timestamp":"2026-03-29 08:39:18","total":4}
{"level":"warn","message":"DWX market data file not found — waiting for MT5 to create it...","timestamp":"2026-03-29 08:39:19"}
{"level":"warn","message":"Price feed has stale data:","staleCount":4,"timestamp":"2026-03-29 08:39:19","total":4}
{"level":"warn","message":"DWX market data file not found — waiting for MT5 to create it...","timestamp":"2026-03-29 08:39:20"}
{"level":"warn","message":"Price feed has stale data:","staleCount":4,"timestamp":"2026-03-29 08:39:20","total":4}
{"level":"warn","message":"DWX file not found — will retry watcher in 5s...","timestamp":"2026-03-29 08:39:20"}
{"level":"warn","message":"DWX market data file not found — waiting for MT5 to create it...","timestamp":"2026-03-29 08:39:21"}
{"level":"warn","message":"Price feed has stale data:","staleCount":4,"timestamp":"2026-03-29 08:39:21","total":4}
{"level":"warn","message":"DWX market data file not found — waiting for MT5 to create it...","timestamp":"2026-03-29 08:39:22"}
{"level":"warn","message":"Price feed has stale data:","staleCount":4,"timestamp":"2026-03-29 08:39:22","total":4}
{"level":"warn","message":"DWX market data file not found — waiting for MT5 to create it...","timestamp":"2026-03-29 08:39:23"}
{"level":"warn","message":"Price feed has stale data:","staleCount":4,"timestamp":"2026-03-29 08:39:23","total":4}
{"level":"warn","message":"DWX market data file not found — waiting for MT5 to create it...","timestamp":"2026-03-29 08:39:24"}
{"level":"warn","message":"Price feed has stale data:","staleCount":4,"timestamp":"2026-03-29 08:39:24","total":4}
{"level":"warn","message":"DWX market data file not found — waiting for MT5 to create it...","timestamp":"2026-03-29 08:39:25"}
{"level":"warn","message":"Price feed has stale data:","staleCount":4,"timestamp":"2026-03-29 08:39:25","total":4}
{"level":"warn","message":"DWX file not found — will retry watcher in 5s...","timestamp":"2026-03-29 08:39:25"}
{"level":"warn","message":"DWX market data file not found — waiting for MT5 to create it...","timestamp":"2026-03-29 08:39:26"}
{"level":"warn","message":"Price feed has stale data:","staleCount":4,"timestamp":"2026-03-29 08:39:26","total":4}
{"level":"warn","message":"DWX market data file not found — waiting for MT5 to create it...","timestamp":"2026-03-29 08:39:27"}
{"level":"warn","message":"Price feed has stale data:","staleCount":4,"timestamp":"2026-03-29 08:39:27","total":4}
{"level":"warn","message":"DWX market data file not found — waiting for MT5 to create it...","timestamp":"2026-03-29 08:39:28"}
{"level":"warn","message":"Price feed has stale data:","staleCount":4,"timestamp":"2026-03-29 08:39:28","total":4}
{"level":"warn","message":"DWX market data file not found — waiting for MT5 to create it...","timestamp":"2026-03-29 08:39:29"}
{"level":"warn","message":"Price feed has stale data:","staleCount":4,"timestamp":"2026-03-29 08:39:29","total":4}
{"level":"warn","message":"DWX market data file not found — waiting for MT5 to create it...","timestamp":"2026-03-29 08:39:30"}
{"level":"warn","message":"Price feed has stale data:","staleCount":4,"timestamp":"2026-03-29 08:39:30","total":4}
{"level":"warn","message":"DWX file not found — will retry watcher in 5s...","timestamp":"2026-03-29 08:39:30"}
{"level":"warn","message":"DWX market data file not found — waiting for MT5 to create it...","timestamp":"2026-03-29 08:39:31"}
{"level":"warn","message":"Price feed has stale data:","staleCount":4,"timestamp":"2026-03-29 08:39:31","total":4}
{"level":"warn","message":"DWX market data file not found — waiting for MT5 to create it...","timestamp":"2026-03-29 08:39:32"}
{"level":"warn","message":"Price feed has stale data:","staleCount":4,"timestamp":"2026-03-29 08:39:32","total":4}
{"level":"warn","message":"DWX market data file not found — waiting for MT5 to create it...","timestamp":"2026-03-29 08:39:33"}
{"level":"warn","message":"Price feed has stale data:","staleCount":4,"timestamp":"2026-03-29 08:39:33","total":4}
{"level":"warn","message":"DWX market data file not found — waiting for MT5 to create it...","timestamp":"2026-03-29 08:39:34"}
{"level":"warn","message":"Price feed has stale data:","staleCount":4,"timestamp":"2026-03-29 08:39:34","total":4}
{"level":"warn","message":"DWX market data file not found — waiting for MT5 to create it...","timestamp":"2026-03-29 08:39:35"}
{"level":"warn","message":"Price feed has stale data:","staleCount":4,"timestamp":"2026-03-29 08:39:35","total":4}
{"level":"warn","message":"DWX file not found — will retry watcher in 5s...","timestamp":"2026-03-29 08:39:35"}
{"level":"warn","message":"DWX market data file not found — waiting for MT5 to create it...","timestamp":"2026-03-29 08:39:36"}
{"level":"warn","message":"Price feed has stale data:","staleCount":4,"timestamp":"2026-03-29 08:39:36","total":4}
{"level":"warn","message":"DWX market data file not found — waiting for MT5 to create it...","timestamp":"2026-03-29 08:39:37"}
{"level":"warn","message":"Price feed has stale data:","staleCount":4,"timestamp":"2026-03-29 08:39:37","total":4}
{"level":"warn","message":"DWX market data file not found — waiting for MT5 to create it...","timestamp":"2026-03-29 08:39:38"}
{"level":"warn","message":"Price feed has stale data:","staleCount":4,"timestamp":"2026-03-29 08:39:38","total":4}
{"level":"warn","message":"DWX market data file not found — waiting for MT5 to create it...","timestamp":"2026-03-29 08:39:39"}
{"level":"warn","message":"Price feed has stale data:","staleCount":4,"timestamp":"2026-03-29 08:39:39","total":4}
{"level":"warn","message":"DWX market data file not found — waiting for MT5 to create it...","timestamp":"2026-03-29 08:39:40"}
{"level":"warn","message":"Price feed has stale data:","staleCount":4,"timestamp":"2026-03-29 08:39:40","total":4}
{"level":"warn","message":"DWX file not found — will retry watcher in 5s...","timestamp":"2026-03-29 08:39:40"}
{"level":"warn","message":"DWX market data file not found — waiting for MT5 to create it...","timestamp":"2026-03-29 08:39:41"}
{"level":"warn","message":"Price feed has stale data:","staleCount":4,"timestamp":"2026-03-29 08:39:41","total":4}
{"level":"warn","message":"DWX market data file not found — waiting for MT5 to create it...","timestamp":"2026-03-29 08:39:42"}
{"level":"warn","message":"Price feed has stale data:","staleCount":4,"timestamp":"2026-03-29 08:39:42","total":4}
{"level":"warn","message":"DWX market data file not found — waiting for MT5 to create it...","timestamp":"2026-03-29 08:39:43"}
{"level":"warn","message":"Price feed has stale data:","staleCount":4,"timestamp":"2026-03-29 08:39:43","total":4}
{"level":"warn","message":"DWX market data file not found — waiting for MT5 to create it...","timestamp":"2026-03-29 08:39:44"}
{"level":"warn","message":"Price feed has stale data:","staleCount":4,"timestamp":"2026-03-29 08:39:44","total":4}
{"level":"warn","message":"DWX market data file not found — waiting for MT5 to create it...","timestamp":"2026-03-29 08:39:45"}
{"level":"warn","message":"Price feed has stale data:","staleCount":4,"timestamp":"2026-03-29 08:39:45","total":4}
{"level":"warn","message":"DWX file not found — will retry watcher in 5s...","timestamp":"2026-03-29 08:39:45"}
{"level":"warn","message":"DWX market data file not found — waiting for MT5 to create it...","timestamp":"2026-03-29 08:39:46"}
{"level":"warn","message":"Price feed has stale data:","staleCount":4,"timestamp":"2026-03-29 08:39:46","total":4}
{"level":"warn","message":"DWX market data file not found — waiting for MT5 to create it...","timestamp":"2026-03-29 08:39:47"}
{"level":"warn","message":"Price feed has stale data:","staleCount":4,"timestamp":"2026-03-29 08:39:47","total":4}
{"level":"warn","message":"DWX market data file not found — waiting for MT5 to create it...","timestamp":"2026-03-29 08:39:48"}
{"level":"warn","message":"Price feed has stale data:","staleCount":4,"timestamp":"2026-03-29 08:39:48","total":4}
{"level":"warn","message":"DWX market data file not found — waiting for MT5 to create it...","timestamp":"2026-03-29 08:39:49"}
{"level":"warn","message":"Price feed has stale data:","staleCount":4,"timestamp":"2026-03-29 08:39:49","total":4}
{"level":"warn","message":"DWX market data file not found — waiting for MT5 to create it...","timestamp":"2026-03-29 08:39:50"}
{"level":"warn","message":"Price feed has stale data:","staleCount":4,"timestamp":"2026-03-29 08:39:50","total":4}
{"level":"warn","message":"DWX file not found — will retry watcher in 5s...","timestamp":"2026-03-29 08:39:50"}
{"level":"warn","message":"DWX market data file not found — waiting for MT5 to create it...","timestamp":"2026-03-29 08:39:51"}
{"level":"warn","message":"Price feed has stale data:","staleCount":4,"timestamp":"2026-03-29 08:39:51","total":4}
{"level":"warn","message":"DWX market data file not found — waiting for MT5 to create it...","timestamp":"2026-03-29 08:39:52"}
{"level":"warn","message":"Price feed has stale data:","staleCount":4,"timestamp":"2026-03-29 08:39:52","total":4}
{"level":"warn","message":"DWX market data file not found — waiting for MT5 to create it...","timestamp":"2026-03-29 08:39:53"}
{"level":"warn","message":"Price feed has stale data:","staleCount":4,"timestamp":"2026-03-29 08:39:53","total":4}
{"level":"warn","message":"DWX market data file not found — waiting for MT5 to create it...","timestamp":"2026-03-29 08:39:54"}
{"level":"warn","message":"Price feed has stale data:","staleCount":4,"timestamp":"2026-03-29 08:39:54","total":4}
{"level":"warn","message":"DWX file not found — will retry watcher in 5s...","timestamp":"2026-03-29 08:39:55"}
{"level":"warn","message":"DWX market data file not found — waiting for MT5 to create it...","timestamp":"2026-03-29 08:39:55"}
{"level":"warn","message":"Price feed has stale data:","staleCount":4,"timestamp":"2026-03-29 08:39:55","total":4}
{"level":"warn","message":"DWX market data file not found — waiting for MT5 to create it...","timestamp":"2026-03-29 08:39:56"}
{"level":"warn","message":"Price feed has stale data:","staleCount":4,"timestamp":"2026-03-29 08:39:56","total":4}
{"level":"warn","message":"DWX market data file not found — waiting for MT5 to create it...","timestamp":"2026-03-29 08:39:57"}
{"level":"warn","message":"Price feed has stale data:","staleCount":4,"timestamp":"2026-03-29 08:39:57","total":4}
{"level":"warn","message":"DWX market data file not found — waiting for MT5 to create it...","timestamp":"2026-03-29 08:39:58"}
{"level":"warn","message":"Price feed has stale data:","staleCount":4,"timestamp":"2026-03-29 08:39:58","total":4}
{"level":"warn","message":"DWX market data file not found — waiting for MT5 to create it...","timestamp":"2026-03-29 08:39:59"}
{"level":"warn","message":"Price feed has stale data:","staleCount":4,"timestamp":"2026-03-29 08:39:59","total":4}
{"level":"warn","message":"DWX file not found — will retry watcher in 5s...","timestamp":"2026-03-29 08:40:00"}
{"level":"warn","message":"DWX market data file not found — waiting for MT5 to create it...","timestamp":"2026-03-29 08:40:00"}
{"level":"warn","message":"Price feed has stale data:","staleCount":4,"timestamp":"2026-03-29 08:40:00","total":4}
{"level":"warn","message":"DWX market data file not found — waiting for MT5 to create it...","timestamp":"2026-03-29 08:40:01"}
{"level":"warn","message":"Price feed has stale data:","staleCount":4,"timestamp":"2026-03-29 08:40:01","total":4}
{"level":"warn","message":"DWX market data file not found — waiting for MT5 to create it...","timestamp":"2026-03-29 08:40:02"}
{"level":"warn","message":"Price feed has stale data:","staleCount":4,"timestamp":"2026-03-29 08:40:02","total":4}
{"level":"warn","message":"DWX market data file not found — waiting for MT5 to create it...","timestamp":"2026-03-29 08:40:03"}
{"level":"warn","message":"Price feed has stale data:","staleCount":4,"timestamp":"2026-03-29 08:40:03","total":4}
{"level":"warn","message":"DWX market data file not found — waiting for MT5 to create it...","timestamp":"2026-03-29 08:40:04"}
{"level":"warn","message":"Price feed has stale data:","staleCount":4,"timestamp":"2026-03-29 08:40:04","total":4}
{"level":"warn","message":"DWX file not found — will retry watcher in 5s...","timestamp":"2026-03-29 08:40:05"}
{"level":"warn","message":"DWX market data file not found — waiting for MT5 to create it...","timestamp":"2026-03-29 08:40:06"}
{"level":"warn","message":"Price feed has stale data:","staleCount":4,"timestamp":"2026-03-29 08:40:06","total":4}
{"level":"warn","message":"DWX market data file not found — waiting for MT5 to create it...","timestamp":"2026-03-29 08:40:07"}
{"level":"warn","message":"Price feed has stale data:","staleCount":4,"timestamp":"2026-03-29 08:40:07","total":4}
{"level":"warn","message":"DWX market data file not found — waiting for MT5 to create it...","timestamp":"2026-03-29 08:40:08"}
{"level":"warn","message":"Price feed has stale data:","staleCount":4,"timestamp":"2026-03-29 08:40:08","total":4}
{"level":"warn","message":"DWX market data file not found — waiting for MT5 to create it...","timestamp":"2026-03-29 08:40:09"}
{"level":"warn","message":"Price feed has stale data:","staleCount":4,"timestamp":"2026-03-29 08:40:09","total":4}
{"level":"warn","message":"DWX market data file not found — waiting for MT5 to create it...","timestamp":"2026-03-29 08:40:10"}
{"level":"warn","message":"Price feed has stale data:","staleCount":4,"timestamp":"2026-03-29 08:40:10","total":4}
{"level":"warn","message":"DWX file not found — will retry watcher in 5s...","timestamp":"2026-03-29 08:40:10"}
{"level":"warn","message":"DWX market data file not found — waiting for MT5 to create it...","timestamp":"2026-03-29 08:40:11"}
{"level":"warn","message":"Price feed has stale data:","staleCount":4,"timestamp":"2026-03-29 08:40:11","total":4}
{"level":"warn","message":"DWX market data file not found — waiting for MT5 to create it...","timestamp":"2026-03-29 08:40:12"}
{"level":"warn","message":"Price feed has stale data:","staleCount":4,"timestamp":"2026-03-29 08:40:12","total":4}
{"level":"warn","message":"DWX market data file not found — waiting for MT5 to create it...","timestamp":"2026-03-29 08:40:13"}
{"level":"warn","message":"Price feed has stale data:","staleCount":4,"timestamp":"2026-03-29 08:40:13","total":4}
{"level":"warn","message":"DWX market data file not found — waiting for MT5 to create it...","timestamp":"2026-03-29 08:40:14"}
{"level":"warn","message":"Price feed has stale data:","staleCount":4,"timestamp":"2026-03-29 08:40:14","total":4}
{"level":"warn","message":"DWX market data file not found — waiting for MT5 to create it...","timestamp":"2026-03-29 08:40:15"}
{"level":"warn","message":"Price feed has stale data:","staleCount":4,"timestamp":"2026-03-29 08:40:15","total":4}
{"level":"warn","message":"DWX file not found — will retry watcher in 5s...","timestamp":"2026-03-29 08:40:15"}
{"level":"warn","message":"DWX market data file not found — waiting for MT5 to create it...","timestamp":"2026-03-29 08:40:16"}
{"level":"warn","message":"Price feed has stale data:","staleCount":4,"timestamp":"2026-03-29 08:40:16","total":4}
{"level":"warn","message":"DWX market data file not found — waiting for MT5 to create it...","timestamp":"2026-03-29 08:40:17"}
{"level":"warn","message":"Price feed has stale data:","staleCount":4,"timestamp":"2026-03-29 08:40:17","total":4}
{"level":"warn","message":"DWX market data file not found — waiting for MT5 to create it...","timestamp":"2026-03-29 08:40:18"}
{"level":"warn","message":"Price feed has stale data:","staleCount":4,"timestamp":"2026-03-29 08:40:18","total":4}
{"level":"warn","message":"DWX market data file not found — waiting for MT5 to create it...","timestamp":"2026-03-29 08:40:19"}
{"level":"warn","message":"Price feed has stale data:","staleCount":4,"timestamp":"2026-03-29 08:40:19","total":4}
{"level":"warn","message":"DWX market data file not found — waiting for MT5 to create it...","timestamp":"2026-03-29 08:40:20"}
{"level":"warn","message":"Price feed has stale data:","staleCount":4,"timestamp":"2026-03-29 08:40:20","total":4}
{"level":"warn","message":"DWX file not found — will retry watcher in 5s...","timestamp":"2026-03-29 08:40:20"}
{"level":"warn","message":"DWX market data file not found — waiting for MT5 to create it...","timestamp":"2026-03-29 08:40:21"}
{"level":"warn","message":"Price feed has stale data:","staleCount":4,"timestamp":"2026-03-29 08:40:21","total":4}
{"level":"warn","message":"DWX market data file not found — waiting for MT5 to create it...","timestamp":"2026-03-29 08:40:22"}
{"level":"warn","message":"Price feed has stale data:","staleCount":4,"timestamp":"2026-03-29 08:40:22","total":4}
{"level":"warn","message":"DWX market data file not found — waiting for MT5 to create it...","timestamp":"2026-03-29 08:40:23"}
{"level":"warn","message":"Price feed has stale data:","staleCount":4,"timestamp":"2026-03-29 08:40:23","total":4}
{"level":"warn","message":"DWX market data file not found — waiting for MT5 to create it...","timestamp":"2026-03-29 08:40:24"}
{"level":"warn","message":"Price feed has stale data:","staleCount":4,"timestamp":"2026-03-29 08:40:24","total":4}
{"level":"warn","message":"DWX market data file not found — waiting for MT5 to create it...","timestamp":"2026-03-29 08:40:25"}
{"level":"warn","message":"Price feed has stale data:","staleCount":4,"timestamp":"2026-03-29 08:40:25","total":4}
{"level":"warn","message":"DWX file not found — will retry watcher in 5s...","timestamp":"2026-03-29 08:40:25"}
{"level":"warn","message":"DWX market data file not found — waiting for MT5 to create it...","timestamp":"2026-03-29 08:40:26"}
{"level":"warn","message":"Price feed has stale data:","staleCount":4,"timestamp":"2026-03-29 08:40:26","total":4}
{"level":"warn","message":"DWX market data file not found — waiting for MT5 to create it...","timestamp":"2026-03-29 08:40:27"}
{"level":"warn","message":"Price feed has stale data:","staleCount":4,"timestamp":"2026-03-29 08:40:27","total":4}
{"level":"warn","message":"DWX market data file not found — waiting for MT5 to create it...","timestamp":"2026-03-29 08:40:28"}
{"level":"warn","message":"Price feed has stale data:","staleCount":4,"timestamp":"2026-03-29 08:40:28","total":4}
{"level":"warn","message":"DWX market data file not found — waiting for MT5 to create it...","timestamp":"2026-03-29 08:40:29"}
{"level":"warn","message":"Price feed has stale data:","staleCount":4,"timestamp":"2026-03-29 08:40:29","total":4}
{"level":"warn","message":"DWX market data file not found — waiting for MT5 to create it...","timestamp":"2026-03-29 08:40:30"}
{"level":"warn","message":"Price feed has stale data:","staleCount":4,"timestamp":"2026-03-29 08:40:30","total":4}
{"level":"warn","message":"DWX file not found — will retry watcher in 5s...","timestamp":"2026-03-29 08:40:30"}
{"level":"warn","message":"DWX market data file not found — waiting for MT5 to create it...","timestamp":"2026-03-29 08:40:31"}
{"level":"warn","message":"Price feed has stale data:","staleCount":4,"timestamp":"2026-03-29 08:40:31","total":4}
{"level":"warn","message":"DWX market data file not found — waiting for MT5 to create it...","timestamp":"2026-03-29 08:40:32"}
{"level":"warn","message":"Price feed has stale data:","staleCount":4,"timestamp":"2026-03-29 08:40:32","total":4}
{"level":"warn","message":"DWX market data file not found — waiting for MT5 to create it...","timestamp":"2026-03-29 08:40:33"}
{"level":"warn","message":"Price feed has stale data:","staleCount":4,"timestamp":"2026-03-29 08:40:33","total":4}
{"level":"warn","message":"DWX market data file not found — waiting for MT5 to create it...","timestamp":"2026-03-29 08:40:34"}
{"level":"warn","message":"Price feed has stale data:","staleCount":4,"timestamp":"2026-03-29 08:40:34","total":4}
{"level":"warn","message":"DWX market data file not found — waiting for MT5 to create it...","timestamp":"2026-03-29 08:40:35"}
{"level":"warn","message":"Price feed has stale data:","staleCount":4,"timestamp":"2026-03-29 08:40:35","total":4}
{"level":"warn","message":"DWX file not found — will retry watcher in 5s...","timestamp":"2026-03-29 08:40:35"}
{"level":"warn","message":"DWX market data file not found — waiting for MT5 to create it...","timestamp":"2026-03-29 08:40:36"}
{"level":"warn","message":"Price feed has stale data:","staleCount":4,"timestamp":"2026-03-29 08:40:36","total":4}
{"level":"warn","message":"DWX market data file not found — waiting for MT5 to create it...","timestamp":"2026-03-29 08:40:37"}
{"level":"warn","message":"Price feed has stale data:","staleCount":4,"timestamp":"2026-03-29 08:40:37","total":4}
{"level":"warn","message":"DWX market data file not found — waiting for MT5 to create it...","timestamp":"2026-03-29 08:40:38"}
{"level":"warn","message":"Price feed has stale data:","staleCount":4,"timestamp":"2026-03-29 08:40:38","total":4}
{"level":"warn","message":"DWX market data file not found — waiting for MT5 to create it...","timestamp":"2026-03-29 08:40:39"}
{"level":"warn","message":"Price feed has stale data:","staleCount":4,"timestamp":"2026-03-29 08:40:39","total":4}
{"level":"warn","message":"DWX market data file not found — waiting for MT5 to create it...","timestamp":"2026-03-29 08:40:40"}
{"level":"warn","message":"Price feed has stale data:","staleCount":4,"timestamp":"2026-03-29 08:40:40","total":4}
{"level":"warn","message":"DWX file not found — will retry watcher in 5s...","timestamp":"2026-03-29 08:40:41"}
{"level":"warn","message":"DWX market data file not found — waiting for MT5 to create it...","timestamp":"2026-03-29 08:40:41"}
{"level":"warn","message":"Price feed has stale data:","staleCount":4,"timestamp":"2026-03-29 08:40:41","total":4}
{"level":"warn","message":"DWX market data file not found — waiting for MT5 to create it...","timestamp":"2026-03-29 08:40:42"}
{"level":"warn","message":"Price feed has stale data:","staleCount":4,"timestamp":"2026-03-29 08:40:42","total":4}
{"level":"warn","message":"DWX market data file not found — waiting for MT5 to create it...","timestamp":"2026-03-29 08:40:43"}
{"level":"warn","message":"Price feed has stale data:","staleCount":4,"timestamp":"2026-03-29 08:40:43","total":4}
{"level":"warn","message":"DWX market data file not found — waiting for MT5 to create it...","timestamp":"2026-03-29 08:40:44"}
{"level":"warn","message":"Price feed has stale data:","staleCount":4,"timestamp":"2026-03-29 08:40:44","total":4}
{"level":"warn","message":"DWX market data file not found — waiting for MT5 to create it...","timestamp":"2026-03-29 08:40:45"}
{"level":"warn","message":"Price feed has stale data:","staleCount":4,"timestamp":"2026-03-29 08:40:45","total":4}
{"level":"warn","message":"DWX file not found — will retry watcher in 5s...","timestamp":"2026-03-29 08:40:46"}
{"level":"warn","message":"DWX market data file not found — waiting for MT5 to create it...","timestamp":"2026-03-29 08:40:46"}
{"level":"warn","message":"Price feed has stale data:","staleCount":4,"timestamp":"2026-03-29 08:40:46","total":4}
{"level":"warn","message":"DWX market data file not found — waiting for MT5 to create it...","timestamp":"2026-03-29 08:40:47"}
{"level":"warn","message":"Price feed has stale data:","staleCount":4,"timestamp":"2026-03-29 08:40:47","total":4}
{"level":"warn","message":"DWX market data file not found — waiting for MT5 to create it...","timestamp":"2026-03-29 08:40:48"}
{"level":"warn","message":"Price feed has stale data:","staleCount":4,"timestamp":"2026-03-29 08:40:48","total":4}
{"level":"warn","message":"DWX market data file not found — waiting for MT5 to create it...","timestamp":"2026-03-29 08:40:49"}
{"level":"warn","message":"Price feed has stale data:","staleCount":4,"timestamp":"2026-03-29 08:40:49","total":4}
{"level":"warn","message":"DWX market data file not found — waiting for MT5 to create it...","timestamp":"2026-03-29 08:40:50"}
{"level":"warn","message":"Price feed has stale data:","staleCount":4,"timestamp":"2026-03-29 08:40:50","total":4}
{"level":"warn","message":"DWX file not found — will retry watcher in 5s...","timestamp":"2026-03-29 08:40:51"}
{"level":"warn","message":"DWX market data file not found — waiting for MT5 to create it...","timestamp":"2026-03-29 08:40:51"}
{"level":"warn","message":"Price feed has stale data:","staleCount":4,"timestamp":"2026-03-29 08:40:51","total":4}
{"level":"warn","message":"DWX market data file not found — waiting for MT5 to create it...","timestamp":"2026-03-29 08:40:52"}
{"level":"warn","message":"Price feed has stale data:","staleCount":4,"timestamp":"2026-03-29 08:40:52","total":4}
{"level":"warn","message":"DWX market data file not found — waiting for MT5 to create it...","timestamp":"2026-03-29 08:40:53"}
{"level":"warn","message":"Price feed has stale data:","staleCount":4,"timestamp":"2026-03-29 08:40:53","total":4}
{"level":"warn","message":"DWX market data file not found — waiting for MT5 to create it...","timestamp":"2026-03-29 08:40:54"}
{"level":"warn","message":"Price feed has stale data:","staleCount":4,"timestamp":"2026-03-29 08:40:54","total":4}
{"level":"warn","message":"DWX market data file not found — waiting for MT5 to create it...","timestamp":"2026-03-29 08:40:55"}
{"level":"warn","message":"Price feed has stale data:","staleCount":4,"timestamp":"2026-03-29 08:40:55","total":4}
{"level":"warn","message":"DWX file not found — will retry watcher in 5s...","timestamp":"2026-03-29 08:40:56"}
{"level":"warn","message":"DWX market data file not found — waiting for MT5 to create it...","timestamp":"2026-03-29 08:40:56"}
{"level":"warn","message":"Price feed has stale data:","staleCount":4,"timestamp":"2026-03-29 08:40:56","total":4}
{"level":"warn","message":"DWX market data file not found — waiting for MT5 to create it...","timestamp":"2026-03-29 08:40:57"}
{"level":"warn","message":"Price feed has stale data:","staleCount":4,"timestamp":"2026-03-29 08:40:57","total":4}
{"level":"warn","message":"DWX market data file not found — waiting for MT5 to create it...","timestamp":"2026-03-29 08:40:58"}
{"level":"warn","message":"Price feed has stale data:","staleCount":4,"timestamp":"2026-03-29 08:40:58","total":4}
{"level":"warn","message":"DWX market data file not found — waiting for MT5 to create it...","timestamp":"2026-03-29 08:40:59"}
{"level":"warn","message":"Price feed has stale data:","staleCount":4,"timestamp":"2026-03-29 08:40:59","total":4}
{"level":"warn","message":"DWX market data file not found — waiting for MT5 to create it...","timestamp":"2026-03-29 08:41:00"}
{"level":"warn","message":"Price feed has stale data:","staleCount":4,"timestamp":"2026-03-29 08:41:00","total":4}
{"level":"warn","message":"DWX file not found — will retry watcher in 5s...","timestamp":"2026-03-29 08:41:01"}
{"level":"warn","message":"DWX market data file not found — waiting for MT5 to create it...","timestamp":"2026-03-29 08:41:01"}
{"level":"warn","message":"Price feed has stale data:","staleCount":4,"timestamp":"2026-03-29 08:41:01","total":4}
{"level":"warn","message":"DWX market data file not found — waiting for MT5 to create it...","timestamp":"2026-03-29 08:41:02"}
{"level":"warn","message":"Price feed has stale data:","staleCount":4,"timestamp":"2026-03-29 08:41:02","total":4}
{"level":"warn","message":"DWX market data file not found — waiting for MT5 to create it...","timestamp":"2026-03-29 08:41:03"}
{"level":"warn","message":"Price feed has stale data:","staleCount":4,"timestamp":"2026-03-29 08:41:03","total":4}
{"level":"warn","message":"DWX market data file not found — waiting for MT5 to create it...","timestamp":"2026-03-29 08:41:04"}
{"level":"warn","message":"Price feed has stale data:","staleCount":4,"timestamp":"2026-03-29 08:41:04","total":4}
{"level":"warn","message":"DWX market data file not found — waiting for MT5 to create it...","timestamp":"2026-03-29 08:41:05"}
{"level":"warn","message":"Price feed has stale data:","staleCount":4,"timestamp":"2026-03-29 08:41:05","total":4}
{"level":"warn","message":"DWX file not found — will retry watcher in 5s...","timestamp":"2026-03-29 08:41:06"}
{"level":"warn","message":"DWX market data file not found — waiting for MT5 to create it...","timestamp":"2026-03-29 08:41:06"}
{"level":"warn","message":"Price feed has stale data:","staleCount":4,"timestamp":"2026-03-29 08:41:06","total":4}
{"level":"warn","message":"DWX market data file not found — waiting for MT5 to create it...","timestamp":"2026-03-29 08:41:07"}
{"level":"warn","message":"Price feed has stale data:","staleCount":4,"timestamp":"2026-03-29 08:41:07","total":4}
{"level":"warn","message":"DWX market data file not found — waiting for MT5 to create it...","timestamp":"2026-03-29 08:41:08"}
{"level":"warn","message":"Price feed has stale data:","staleCount":4,"timestamp":"2026-03-29 08:41:08","total":4}
{"level":"warn","message":"DWX market data file not found — waiting for MT5 to create it...","timestamp":"2026-03-29 08:41:09"}
{"level":"warn","message":"Price feed has stale data:","staleCount":4,"timestamp":"2026-03-29 08:41:09","total":4}
{"level":"warn","message":"DWX market data file not found — waiting for MT5 to create it...","timestamp":"2026-03-29 08:41:10"}
{"level":"warn","message":"Price feed has stale data:","staleCount":4,"timestamp":"2026-03-29 08:41:10","total":4}
{"level":"warn","message":"DWX file not found — will retry watcher in 5s...","timestamp":"2026-03-29 08:41:11"}
{"level":"warn","message":"DWX market data file not found — waiting for MT5 to create it...","timestamp":"2026-03-29 08:41:11"}
{"level":"warn","message":"Price feed has stale data:","staleCount":4,"timestamp":"2026-03-29 08:41:11","total":4}
{"level":"warn","message":"DWX market data file not found — waiting for MT5 to create it...","timestamp":"2026-03-29 08:41:12"}
{"level":"warn","message":"Price feed has stale data:","staleCount":4,"timestamp":"2026-03-29 08:41:12","total":4}
{"level":"warn","message":"DWX market data file not found — waiting for MT5 to create it...","timestamp":"2026-03-29 08:41:13"}
{"level":"warn","message":"Price feed has stale data:","staleCount":4,"timestamp":"2026-03-29 08:41:13","total":4}
{"level":"warn","message":"DWX market data file not found — waiting for MT5 to create it...","timestamp":"2026-03-29 08:41:14"}
{"level":"warn","message":"Price feed has stale data:","staleCount":4,"timestamp":"2026-03-29 08:41:14","total":4}
{"level":"warn","message":"DWX market data file not found — waiting for MT5 to create it...","timestamp":"2026-03-29 08:41:15"}
{"level":"warn","message":"Price feed has stale data:","staleCount":4,"timestamp":"2026-03-29 08:41:15","total":4}
{"level":"warn","message":"DWX file not found — will retry watcher in 5s...","timestamp":"2026-03-29 08:41:16"}
{"level":"warn","message":"DWX market data file not found — waiting for MT5 to create it...","timestamp":"2026-03-29 08:41:16"}
{"level":"warn","message":"Price feed has stale data:","staleCount":4,"timestamp":"2026-03-29 08:41:16","total":4}
{"level":"warn","message":"DWX market data file not found — waiting for MT5 to create it...","timestamp":"2026-03-29 08:41:17"}
{"level":"warn","message":"Price feed has stale data:","staleCount":4,"timestamp":"2026-03-29 08:41:17","total":4}
{"level":"warn","message":"DWX market data file not found — waiting for MT5 to create it...","timestamp":"2026-03-29 08:41:18"}
{"level":"warn","message":"Price feed has stale data:","staleCount":4,"timestamp":"2026-03-29 08:41:18","total":4}
{"level":"warn","message":"DWX market data file not found — waiting for MT5 to create it...","timestamp":"2026-03-29 08:41:19"}
{"level":"warn","message":"Price feed has stale data:","staleCount":4,"timestamp":"2026-03-29 08:41:19","total":4}
{"level":"warn","message":"DWX market data file not found — waiting for MT5 to create it...","timestamp":"2026-03-29 08:41:20"}
{"level":"warn","message":"Price feed has stale data:","staleCount":4,"timestamp":"2026-03-29 08:41:20","total":4}
{"level":"warn","message":"DWX file not found — will retry watcher in 5s...","timestamp":"2026-03-29 08:41:21"}
{"level":"warn","message":"DWX market data file not found — waiting for MT5 to create it...","timestamp":"2026-03-29 08:41:21"}
{"level":"warn","message":"Price feed has stale data:","staleCount":4,"timestamp":"2026-03-29 08:41:21","total":4}
{"level":"warn","message":"DWX market data file not found — waiting for MT5 to create it...","timestamp":"2026-03-29 08:41:22"}
{"level":"warn","message":"Price feed has stale data:","staleCount":4,"timestamp":"2026-03-29 08:41:22","total":4}
{"level":"warn","message":"DWX market data file not found — waiting for MT5 to create it...","timestamp":"2026-03-29 08:41:23"}
{"level":"warn","message":"Price feed has stale data:","staleCount":4,"timestamp":"2026-03-29 08:41:23","total":4}
{"level":"warn","message":"DWX market data file not found — waiting for MT5 to create it...","timestamp":"2026-03-29 08:41:24"}
{"level":"warn","message":"Price feed has stale data:","staleCount":4,"timestamp":"2026-03-29 08:41:24","total":4}
{"level":"warn","message":"DWX market data file not found — waiting for MT5 to create it...","timestamp":"2026-03-29 08:41:25"}
{"level":"warn","message":"Price feed has stale data:","staleCount":4,"timestamp":"2026-03-29 08:41:25","total":4}
{"level":"warn","message":"DWX file not found — will retry watcher in 5s...","timestamp":"2026-03-29 08:41:26"}
{"level":"warn","message":"DWX market data file not found — waiting for MT5 to create it...","timestamp":"2026-03-29 08:41:26"}
{"level":"warn","message":"Price feed has stale data:","staleCount":4,"timestamp":"2026-03-29 08:41:26","total":4}
{"level":"warn","message":"DWX market data file not found — waiting for MT5 to create it...","timestamp":"2026-03-29 08:41:27"}
{"level":"warn","message":"Price feed has stale data:","staleCount":4,"timestamp":"2026-03-29 08:41:27","total":4}
{"level":"warn","message":"DWX market data file not found — waiting for MT5 to create it...","timestamp":"2026-03-29 08:41:28"}
{"level":"warn","message":"Price feed has stale data:","staleCount":4,"timestamp":"2026-03-29 08:41:28","total":4}
{"level":"warn","message":"DWX market data file not found — waiting for MT5 to create it...","timestamp":"2026-03-29 08:41:29"}
{"level":"warn","message":"Price feed has stale data:","staleCount":4,"timestamp":"2026-03-29 08:41:29","total":4}
{"level":"warn","message":"DWX market data file not found — waiting for MT5 to create it...","timestamp":"2026-03-29 08:41:30"}
{"level":"warn","message":"Price feed has stale data:","staleCount":4,"timestamp":"2026-03-29 08:41:30","total":4}
{"level":"warn","message":"DWX file not found — will retry watcher in 5s...","timestamp":"2026-03-29 08:41:31"}
{"duration_ms":5,"ip":"::1","level":"http","message":"GET /favicon.ico","status":404,"timestamp":"2026-03-29 08:41:31","userAgent":"Mozilla/5.0 (Windows NT 10.0; Win64; x64) AppleWebKit/537.36 (KHTML, like Gecko) Chrome/146.0.0.0 Safari/537.36"}
{"level":"warn","message":"DWX market data file not found — waiting for MT5 to create it...","timestamp":"2026-03-29 08:41:31"}
{"level":"warn","message":"Price feed has stale data:","staleCount":4,"timestamp":"2026-03-29 08:41:31","total":4}
{"level":"warn","message":"DWX market data file not found — waiting for MT5 to create it...","timestamp":"2026-03-29 08:41:32"}
{"level":"warn","message":"Price feed has stale data:","staleCount":4,"timestamp":"2026-03-29 08:41:32","total":4}
{"level":"warn","message":"DWX market data file not found — waiting for MT5 to create it...","timestamp":"2026-03-29 08:41:33"}
{"level":"warn","message":"Price feed has stale data:","staleCount":4,"timestamp":"2026-03-29 08:41:33","total":4}
{"level":"warn","message":"DWX market data file not found — waiting for MT5 to create it...","timestamp":"2026-03-29 08:41:34"}
{"level":"warn","message":"Price feed has stale data:","staleCount":4,"timestamp":"2026-03-29 08:41:34","total":4}
{"level":"warn","message":"DWX market data file not found — waiting for MT5 to create it...","timestamp":"2026-03-29 08:41:35"}
{"level":"warn","message":"Price feed has stale data:","staleCount":4,"timestamp":"2026-03-29 08:41:35","total":4}
{"level":"warn","message":"DWX file not found — will retry watcher in 5s...","timestamp":"2026-03-29 08:41:36"}
{"level":"warn","message":"DWX market data file not found — waiting for MT5 to create it...","timestamp":"2026-03-29 08:41:36"}
{"level":"warn","message":"Price feed has stale data:","staleCount":4,"timestamp":"2026-03-29 08:41:36","total":4}
{"level":"warn","message":"DWX market data file not found — waiting for MT5 to create it...","timestamp":"2026-03-29 08:41:37"}
{"level":"warn","message":"Price feed has stale data:","staleCount":4,"timestamp":"2026-03-29 08:41:37","total":4}
{"level":"warn","message":"DWX market data file not found — waiting for MT5 to create it...","timestamp":"2026-03-29 08:41:38"}
{"level":"warn","message":"Price feed has stale data:","staleCount":4,"timestamp":"2026-03-29 08:41:38","total":4}
{"level":"warn","message":"DWX market data file not found — waiting for MT5 to create it...","timestamp":"2026-03-29 08:41:39"}
{"level":"warn","message":"Price feed has stale data:","staleCount":4,"timestamp":"2026-03-29 08:41:39","total":4}
{"level":"warn","message":"DWX market data file not found — waiting for MT5 to create it...","timestamp":"2026-03-29 08:41:40"}
{"level":"warn","message":"Price feed has stale data:","staleCount":4,"timestamp":"2026-03-29 08:41:40","total":4}
{"level":"warn","message":"DWX file not found — will retry watcher in 5s...","timestamp":"2026-03-29 08:41:41"}
{"level":"warn","message":"DWX market data file not found — waiting for MT5 to create it...","timestamp":"2026-03-29 08:41:41"}
{"level":"warn","message":"Price feed has stale data:","staleCount":4,"timestamp":"2026-03-29 08:41:41","total":4}
{"level":"warn","message":"DWX market data file not found — waiting for MT5 to create it...","timestamp":"2026-03-29 08:41:42"}
{"level":"warn","message":"Price feed has stale data:","staleCount":4,"timestamp":"2026-03-29 08:41:42","total":4}
{"level":"warn","message":"DWX market data file not found — waiting for MT5 to create it...","timestamp":"2026-03-29 08:41:43"}
{"level":"warn","message":"Price feed has stale data:","staleCount":4,"timestamp":"2026-03-29 08:41:43","total":4}
{"level":"warn","message":"DWX market data file not found — waiting for MT5 to create it...","timestamp":"2026-03-29 08:41:44"}
{"level":"warn","message":"Price feed has stale data:","staleCount":4,"timestamp":"2026-03-29 08:41:44","total":4}
{"level":"warn","message":"DWX market data file not found — waiting for MT5 to create it...","timestamp":"2026-03-29 08:41:45"}
{"level":"warn","message":"Price feed has stale data:","staleCount":4,"timestamp":"2026-03-29 08:41:45","total":4}
{"level":"warn","message":"DWX file not found — will retry watcher in 5s...","timestamp":"2026-03-29 08:41:46"}
{"duration_ms":4,"ip":"::1","level":"http","message":"GET /admin","status":404,"timestamp":"2026-03-29 08:41:46","userAgent":"Mozilla/5.0 (Windows NT 10.0; Win64; x64) AppleWebKit/537.36 (KHTML, like Gecko) Chrome/146.0.0.0 Safari/537.36"}
{"level":"warn","message":"DWX market data file not found — waiting for MT5 to create it...","timestamp":"2026-03-29 08:41:46"}
{"level":"warn","message":"Price feed has stale data:","staleCount":4,"timestamp":"2026-03-29 08:41:46","total":4}
{"level":"warn","message":"DWX market data file not found — waiting for MT5 to create it...","timestamp":"2026-03-29 08:41:47"}
{"level":"warn","message":"Price feed has stale data:","staleCount":4,"timestamp":"2026-03-29 08:41:47","total":4}
{"level":"warn","message":"DWX market data file not found — waiting for MT5 to create it...","timestamp":"2026-03-29 08:41:48"}
{"level":"warn","message":"Price feed has stale data:","staleCount":4,"timestamp":"2026-03-29 08:41:48","total":4}
{"level":"warn","message":"DWX market data file not found — waiting for MT5 to create it...","timestamp":"2026-03-29 08:41:49"}
{"level":"warn","message":"Price feed has stale data:","staleCount":4,"timestamp":"2026-03-29 08:41:49","total":4}
{"level":"warn","message":"DWX market data file not found — waiting for MT5 to create it...","timestamp":"2026-03-29 08:41:50"}
{"level":"warn","message":"Price feed has stale data:","staleCount":4,"timestamp":"2026-03-29 08:41:50","total":4}
{"level":"warn","message":"DWX file not found — will retry watcher in 5s...","timestamp":"2026-03-29 08:41:51"}
{"level":"warn","message":"DWX market data file not found — waiting for MT5 to create it...","timestamp":"2026-03-29 08:41:51"}
{"level":"warn","message":"Price feed has stale data:","staleCount":4,"timestamp":"2026-03-29 08:41:51","total":4}
{"level":"warn","message":"DWX market data file not found — waiting for MT5 to create it...","timestamp":"2026-03-29 08:41:52"}
{"level":"warn","message":"Price feed has stale data:","staleCount":4,"timestamp":"2026-03-29 08:41:52","total":4}
{"level":"warn","message":"DWX market data file not found — waiting for MT5 to create it...","timestamp":"2026-03-29 08:41:53"}
{"level":"warn","message":"Price feed has stale data:","staleCount":4,"timestamp":"2026-03-29 08:41:53","total":4}
{"level":"warn","message":"DWX market data file not found — waiting for MT5 to create it...","timestamp":"2026-03-29 08:41:54"}
{"level":"warn","message":"Price feed has stale data:","staleCount":4,"timestamp":"2026-03-29 08:41:54","total":4}
{"level":"warn","message":"DWX market data file not found — waiting for MT5 to create it...","timestamp":"2026-03-29 08:41:55"}
{"level":"warn","message":"Price feed has stale data:","staleCount":4,"timestamp":"2026-03-29 08:41:55","total":4}
{"level":"warn","message":"DWX file not found — will retry watcher in 5s...","timestamp":"2026-03-29 08:41:56"}
{"level":"warn","message":"DWX market data file not found — waiting for MT5 to create it...","timestamp":"2026-03-29 08:41:56"}
{"level":"warn","message":"Price feed has stale data:","staleCount":4,"timestamp":"2026-03-29 08:41:56","total":4}
{"level":"warn","message":"DWX market data file not found — waiting for MT5 to create it...","timestamp":"2026-03-29 08:41:57"}
{"level":"warn","message":"Price feed has stale data:","staleCount":4,"timestamp":"2026-03-29 08:41:57","total":4}
{"level":"warn","message":"DWX market data file not found — waiting for MT5 to create it...","timestamp":"2026-03-29 08:41:58"}
{"level":"warn","message":"Price feed has stale data:","staleCount":4,"timestamp":"2026-03-29 08:41:58","total":4}
{"level":"warn","message":"DWX market data file not found — waiting for MT5 to create it...","timestamp":"2026-03-29 08:41:59"}
{"level":"warn","message":"Price feed has stale data:","staleCount":4,"timestamp":"2026-03-29 08:41:59","total":4}
{"level":"warn","message":"DWX market data file not found — waiting for MT5 to create it...","timestamp":"2026-03-29 08:42:00"}
{"level":"warn","message":"Price feed has stale data:","staleCount":4,"timestamp":"2026-03-29 08:42:00","total":4}
{"level":"warn","message":"DWX file not found — will retry watcher in 5s...","timestamp":"2026-03-29 08:42:01"}
{"level":"warn","message":"DWX market data file not found — waiting for MT5 to create it...","timestamp":"2026-03-29 08:42:01"}
{"level":"warn","message":"Price feed has stale data:","staleCount":4,"timestamp":"2026-03-29 08:42:01","total":4}
{"level":"warn","message":"DWX market data file not found — waiting for MT5 to create it...","timestamp":"2026-03-29 08:42:02"}
{"level":"warn","message":"Price feed has stale data:","staleCount":4,"timestamp":"2026-03-29 08:42:02","total":4}
{"level":"warn","message":"DWX market data file not found — waiting for MT5 to create it...","timestamp":"2026-03-29 08:42:03"}
{"level":"warn","message":"Price feed has stale data:","staleCount":4,"timestamp":"2026-03-29 08:42:03","total":4}
{"level":"warn","message":"DWX market data file not found — waiting for MT5 to create it...","timestamp":"2026-03-29 08:42:04"}
{"level":"warn","message":"Price feed has stale data:","staleCount":4,"timestamp":"2026-03-29 08:42:04","total":4}
{"level":"warn","message":"DWX market data file not found — waiting for MT5 to create it...","timestamp":"2026-03-29 08:42:05"}
{"level":"warn","message":"Price feed has stale data:","staleCount":4,"timestamp":"2026-03-29 08:42:05","total":4}
{"level":"warn","message":"DWX file not found — will retry watcher in 5s...","timestamp":"2026-03-29 08:42:06"}
{"level":"warn","message":"DWX market data file not found — waiting for MT5 to create it...","timestamp":"2026-03-29 08:42:06"}
{"level":"warn","message":"Price feed has stale data:","staleCount":4,"timestamp":"2026-03-29 08:42:06","total":4}
{"level":"warn","message":"DWX market data file not found — waiting for MT5 to create it...","timestamp":"2026-03-29 08:42:07"}
{"level":"warn","message":"Price feed has stale data:","staleCount":4,"timestamp":"2026-03-29 08:42:07","total":4}
{"level":"warn","message":"DWX market data file not found — waiting for MT5 to create it...","timestamp":"2026-03-29 08:42:08"}
{"level":"warn","message":"Price feed has stale data:","staleCount":4,"timestamp":"2026-03-29 08:42:08","total":4}
{"level":"warn","message":"DWX market data file not found — waiting for MT5 to create it...","timestamp":"2026-03-29 08:42:09"}
{"level":"warn","message":"Price feed has stale data:","staleCount":4,"timestamp":"2026-03-29 08:42:09","total":4}
{"level":"warn","message":"DWX market data file not found — waiting for MT5 to create it...","timestamp":"2026-03-29 08:42:10"}
{"level":"warn","message":"Price feed has stale data:","staleCount":4,"timestamp":"2026-03-29 08:42:10","total":4}
{"level":"warn","message":"DWX file not found — will retry watcher in 5s...","timestamp":"2026-03-29 08:42:11"}
{"level":"warn","message":"DWX market data file not found — waiting for MT5 to create it...","timestamp":"2026-03-29 08:42:11"}
{"level":"warn","message":"Price feed has stale data:","staleCount":4,"timestamp":"2026-03-29 08:42:11","total":4}
{"level":"warn","message":"DWX market data file not found — waiting for MT5 to create it...","timestamp":"2026-03-29 08:42:12"}
{"level":"warn","message":"Price feed has stale data:","staleCount":4,"timestamp":"2026-03-29 08:42:12","total":4}
{"level":"warn","message":"DWX market data file not found — waiting for MT5 to create it...","timestamp":"2026-03-29 08:42:13"}
{"level":"warn","message":"Price feed has stale data:","staleCount":4,"timestamp":"2026-03-29 08:42:13","total":4}
{"level":"warn","message":"DWX market data file not found — waiting for MT5 to create it...","timestamp":"2026-03-29 08:42:14"}
{"level":"warn","message":"Price feed has stale data:","staleCount":4,"timestamp":"2026-03-29 08:42:14","total":4}
{"level":"warn","message":"DWX market data file not found — waiting for MT5 to create it...","timestamp":"2026-03-29 08:42:15"}
{"level":"warn","message":"Price feed has stale data:","staleCount":4,"timestamp":"2026-03-29 08:42:15","total":4}
{"level":"warn","message":"DWX file not found — will retry watcher in 5s...","timestamp":"2026-03-29 08:42:16"}
{"level":"warn","message":"DWX market data file not found — waiting for MT5 to create it...","timestamp":"2026-03-29 08:42:16"}
{"level":"warn","message":"Price feed has stale data:","staleCount":4,"timestamp":"2026-03-29 08:42:16","total":4}
{"level":"warn","message":"DWX market data file not found — waiting for MT5 to create it...","timestamp":"2026-03-29 08:42:17"}
{"level":"warn","message":"Price feed has stale data:","staleCount":4,"timestamp":"2026-03-29 08:42:17","total":4}
{"level":"warn","message":"DWX market data file not found — waiting for MT5 to create it...","timestamp":"2026-03-29 08:42:18"}
{"level":"warn","message":"Price feed has stale data:","staleCount":4,"timestamp":"2026-03-29 08:42:18","total":4}
{"level":"warn","message":"DWX market data file not found — waiting for MT5 to create it...","timestamp":"2026-03-29 08:42:19"}
{"level":"warn","message":"Price feed has stale data:","staleCount":4,"timestamp":"2026-03-29 08:42:19","total":4}
{"level":"warn","message":"DWX market data file not found — waiting for MT5 to create it...","timestamp":"2026-03-29 08:42:20"}
{"level":"warn","message":"Price feed has stale data:","staleCount":4,"timestamp":"2026-03-29 08:42:20","total":4}
{"level":"warn","message":"DWX file not found — will retry watcher in 5s...","timestamp":"2026-03-29 08:42:21"}
{"level":"warn","message":"DWX market data file not found — waiting for MT5 to create it...","timestamp":"2026-03-29 08:42:21"}
{"level":"warn","message":"Price feed has stale data:","staleCount":4,"timestamp":"2026-03-29 08:42:21","total":4}
{"level":"warn","message":"DWX market data file not found — waiting for MT5 to create it...","timestamp":"2026-03-29 08:42:22"}
{"level":"warn","message":"Price feed has stale data:","staleCount":4,"timestamp":"2026-03-29 08:42:22","total":4}
{"level":"warn","message":"DWX market data file not found — waiting for MT5 to create it...","timestamp":"2026-03-29 08:42:23"}
{"level":"warn","message":"Price feed has stale data:","staleCount":4,"timestamp":"2026-03-29 08:42:23","total":4}
{"level":"warn","message":"DWX market data file not found — waiting for MT5 to create it...","timestamp":"2026-03-29 08:42:24"}
{"level":"warn","message":"Price feed has stale data:","staleCount":4,"timestamp":"2026-03-29 08:42:24","total":4}
{"level":"warn","message":"DWX market data file not found — waiting for MT5 to create it...","timestamp":"2026-03-29 08:42:25"}
{"level":"warn","message":"Price feed has stale data:","staleCount":4,"timestamp":"2026-03-29 08:42:25","total":4}
{"level":"warn","message":"DWX file not found — will retry watcher in 5s...","timestamp":"2026-03-29 08:42:26"}
{"level":"warn","message":"DWX market data file not found — waiting for MT5 to create it...","timestamp":"2026-03-29 08:42:26"}
{"level":"warn","message":"Price feed has stale data:","staleCount":4,"timestamp":"2026-03-29 08:42:26","total":4}
{"level":"warn","message":"DWX market data file not found — waiting for MT5 to create it...","timestamp":"2026-03-29 08:42:27"}
{"level":"warn","message":"Price feed has stale data:","staleCount":4,"timestamp":"2026-03-29 08:42:27","total":4}
{"level":"warn","message":"DWX market data file not found — waiting for MT5 to create it...","timestamp":"2026-03-29 08:42:28"}
{"level":"warn","message":"Price feed has stale data:","staleCount":4,"timestamp":"2026-03-29 08:42:28","total":4}
{"level":"warn","message":"DWX market data file not found — waiting for MT5 to create it...","timestamp":"2026-03-29 08:42:29"}
{"level":"warn","message":"Price feed has stale data:","staleCount":4,"timestamp":"2026-03-29 08:42:29","total":4}
{"level":"warn","message":"DWX market data file not found — waiting for MT5 to create it...","timestamp":"2026-03-29 08:42:30"}
{"level":"warn","message":"Price feed has stale data:","staleCount":4,"timestamp":"2026-03-29 08:42:30","total":4}
{"level":"warn","message":"DWX file not found — will retry watcher in 5s...","timestamp":"2026-03-29 08:42:31"}
{"level":"warn","message":"DWX market data file not found — waiting for MT5 to create it...","timestamp":"2026-03-29 08:42:31"}
{"level":"warn","message":"Price feed has stale data:","staleCount":4,"timestamp":"2026-03-29 08:42:31","total":4}
{"level":"warn","message":"DWX market data file not found — waiting for MT5 to create it...","timestamp":"2026-03-29 08:42:32"}
{"level":"warn","message":"Price feed has stale data:","staleCount":4,"timestamp":"2026-03-29 08:42:32","total":4}
{"level":"warn","message":"DWX market data file not found — waiting for MT5 to create it...","timestamp":"2026-03-29 08:42:33"}
{"level":"warn","message":"Price feed has stale data:","staleCount":4,"timestamp":"2026-03-29 08:42:33","total":4}
{"level":"warn","message":"DWX market data file not found — waiting for MT5 to create it...","timestamp":"2026-03-29 08:42:34"}
{"level":"warn","message":"Price feed has stale data:","staleCount":4,"timestamp":"2026-03-29 08:42:34","total":4}
{"level":"warn","message":"DWX market data file not found — waiting for MT5 to create it...","timestamp":"2026-03-29 08:42:35"}
{"level":"warn","message":"Price feed has stale data:","staleCount":4,"timestamp":"2026-03-29 08:42:35","total":4}
{"level":"warn","message":"DWX file not found — will retry watcher in 5s...","timestamp":"2026-03-29 08:42:36"}
{"level":"warn","message":"DWX market data file not found — waiting for MT5 to create it...","timestamp":"2026-03-29 08:42:36"}
{"level":"warn","message":"Price feed has stale data:","staleCount":4,"timestamp":"2026-03-29 08:42:36","total":4}
{"level":"warn","message":"DWX market data file not found — waiting for MT5 to create it...","timestamp":"2026-03-29 08:42:37"}
{"level":"warn","message":"Price feed has stale data:","staleCount":4,"timestamp":"2026-03-29 08:42:37","total":4}
{"level":"warn","message":"DWX market data file not found — waiting for MT5 to create it...","timestamp":"2026-03-29 08:42:38"}
{"level":"warn","message":"Price feed has stale data:","staleCount":4,"timestamp":"2026-03-29 08:42:38","total":4}
{"level":"warn","message":"DWX market data file not found — waiting for MT5 to create it...","timestamp":"2026-03-29 08:42:39"}
{"level":"warn","message":"Price feed has stale data:","staleCount":4,"timestamp":"2026-03-29 08:42:39","total":4}
{"level":"warn","message":"DWX market data file not found — waiting for MT5 to create it...","timestamp":"2026-03-29 08:42:40"}
{"level":"warn","message":"Price feed has stale data:","staleCount":4,"timestamp":"2026-03-29 08:42:40","total":4}
{"level":"warn","message":"DWX file not found — will retry watcher in 5s...","timestamp":"2026-03-29 08:42:41"}
{"level":"warn","message":"DWX market data file not found — waiting for MT5 to create it...","timestamp":"2026-03-29 08:42:41"}
{"level":"warn","message":"Price feed has stale data:","staleCount":4,"timestamp":"2026-03-29 08:42:41","total":4}
{"level":"warn","message":"DWX market data file not found — waiting for MT5 to create it...","timestamp":"2026-03-29 08:42:42"}
{"level":"warn","message":"Price feed has stale data:","staleCount":4,"timestamp":"2026-03-29 08:42:42","total":4}
{"level":"warn","message":"DWX market data file not found — waiting for MT5 to create it...","timestamp":"2026-03-29 08:42:43"}
{"level":"warn","message":"Price feed has stale data:","staleCount":4,"timestamp":"2026-03-29 08:42:43","total":4}
{"level":"warn","message":"DWX market data file not found — waiting for MT5 to create it...","timestamp":"2026-03-29 08:42:45"}
{"level":"warn","message":"Price feed has stale data:","staleCount":4,"timestamp":"2026-03-29 08:42:45","total":4}
{"level":"warn","message":"DWX market data file not found — waiting for MT5 to create it...","timestamp":"2026-03-29 08:42:46"}
{"level":"warn","message":"Price feed has stale data:","staleCount":4,"timestamp":"2026-03-29 08:42:46","total":4}
{"level":"warn","message":"DWX file not found — will retry watcher in 5s...","timestamp":"2026-03-29 08:42:46"}
{"level":"warn","message":"DWX market data file not found — waiting for MT5 to create it...","timestamp":"2026-03-29 08:42:47"}
{"level":"warn","message":"Price feed has stale data:","staleCount":4,"timestamp":"2026-03-29 08:42:47","total":4}
{"level":"warn","message":"DWX market data file not found — waiting for MT5 to create it...","timestamp":"2026-03-29 08:42:48"}
{"level":"warn","message":"Price feed has stale data:","staleCount":4,"timestamp":"2026-03-29 08:42:48","total":4}
{"level":"warn","message":"DWX market data file not found — waiting for MT5 to create it...","timestamp":"2026-03-29 08:42:49"}
{"level":"warn","message":"Price feed has stale data:","staleCount":4,"timestamp":"2026-03-29 08:42:49","total":4}
{"level":"warn","message":"DWX market data file not found — waiting for MT5 to create it...","timestamp":"2026-03-29 08:42:50"}
{"level":"warn","message":"Price feed has stale data:","staleCount":4,"timestamp":"2026-03-29 08:42:50","total":4}
{"level":"warn","message":"DWX market data file not found — waiting for MT5 to create it...","timestamp":"2026-03-29 08:42:51"}
{"level":"warn","message":"Price feed has stale data:","staleCount":4,"timestamp":"2026-03-29 08:42:51","total":4}
{"level":"warn","message":"DWX file not found — will retry watcher in 5s...","timestamp":"2026-03-29 08:42:51"}
{"level":"warn","message":"DWX market data file not found — waiting for MT5 to create it...","timestamp":"2026-03-29 08:42:52"}
{"level":"warn","message":"Price feed has stale data:","staleCount":4,"timestamp":"2026-03-29 08:42:52","total":4}
{"level":"warn","message":"DWX market data file not found — waiting for MT5 to create it...","timestamp":"2026-03-29 08:42:53"}
{"level":"warn","message":"Price feed has stale data:","staleCount":4,"timestamp":"2026-03-29 08:42:53","total":4}
{"level":"warn","message":"DWX market data file not found — waiting for MT5 to create it...","timestamp":"2026-03-29 08:42:54"}
{"level":"warn","message":"Price feed has stale data:","staleCount":4,"timestamp":"2026-03-29 08:42:54","total":4}
{"level":"warn","message":"DWX market data file not found — waiting for MT5 to create it...","timestamp":"2026-03-29 08:42:55"}
{"level":"warn","message":"Price feed has stale data:","staleCount":4,"timestamp":"2026-03-29 08:42:55","total":4}
{"level":"warn","message":"DWX market data file not found — waiting for MT5 to create it...","timestamp":"2026-03-29 08:42:56"}
{"level":"warn","message":"Price feed has stale data:","staleCount":4,"timestamp":"2026-03-29 08:42:56","total":4}
{"level":"warn","message":"DWX file not found — will retry watcher in 5s...","timestamp":"2026-03-29 08:42:56"}
{"level":"warn","message":"DWX market data file not found — waiting for MT5 to create it...","timestamp":"2026-03-29 08:42:57"}
{"level":"warn","message":"Price feed has stale data:","staleCount":4,"timestamp":"2026-03-29 08:42:57","total":4}
{"level":"warn","message":"DWX market data file not found — waiting for MT5 to create it...","timestamp":"2026-03-29 08:42:58"}
{"level":"warn","message":"Price feed has stale data:","staleCount":4,"timestamp":"2026-03-29 08:42:58","total":4}
{"level":"warn","message":"DWX market data file not found — waiting for MT5 to create it...","timestamp":"2026-03-29 08:42:59"}
{"level":"warn","message":"Price feed has stale data:","staleCount":4,"timestamp":"2026-03-29 08:42:59","total":4}
{"level":"warn","message":"DWX market data file not found — waiting for MT5 to create it...","timestamp":"2026-03-29 08:43:00"}
{"level":"warn","message":"Price feed has stale data:","staleCount":4,"timestamp":"2026-03-29 08:43:00","total":4}
{"level":"warn","message":"DWX market data file not found — waiting for MT5 to create it...","timestamp":"2026-03-29 08:43:01"}
{"level":"warn","message":"Price feed has stale data:","staleCount":4,"timestamp":"2026-03-29 08:43:01","total":4}
{"level":"warn","message":"DWX file not found — will retry watcher in 5s...","timestamp":"2026-03-29 08:43:01"}
{"level":"warn","message":"DWX market data file not found — waiting for MT5 to create it...","timestamp":"2026-03-29 08:43:02"}
{"level":"warn","message":"Price feed has stale data:","staleCount":4,"timestamp":"2026-03-29 08:43:02","total":4}
{"level":"warn","message":"DWX market data file not found — waiting for MT5 to create it...","timestamp":"2026-03-29 08:43:03"}
{"level":"warn","message":"Price feed has stale data:","staleCount":4,"timestamp":"2026-03-29 08:43:03","total":4}
{"level":"warn","message":"DWX market data file not found — waiting for MT5 to create it...","timestamp":"2026-03-29 08:43:04"}
{"level":"warn","message":"Price feed has stale data:","staleCount":4,"timestamp":"2026-03-29 08:43:04","total":4}
{"level":"warn","message":"DWX market data file not found — waiting for MT5 to create it...","timestamp":"2026-03-29 08:43:05"}
{"level":"warn","message":"Price feed has stale data:","staleCount":4,"timestamp":"2026-03-29 08:43:05","total":4}
{"level":"warn","message":"DWX market data file not found — waiting for MT5 to create it...","timestamp":"2026-03-29 08:43:06"}
{"level":"warn","message":"Price feed has stale data:","staleCount":4,"timestamp":"2026-03-29 08:43:06","total":4}
{"level":"warn","message":"DWX file not found — will retry watcher in 5s...","timestamp":"2026-03-29 08:43:06"}
{"level":"warn","message":"DWX market data file not found — waiting for MT5 to create it...","timestamp":"2026-03-29 08:43:07"}
{"level":"warn","message":"Price feed has stale data:","staleCount":4,"timestamp":"2026-03-29 08:43:07","total":4}
{"level":"warn","message":"DWX market data file not found — waiting for MT5 to create it...","timestamp":"2026-03-29 08:43:08"}
{"level":"warn","message":"Price feed has stale data:","staleCount":4,"timestamp":"2026-03-29 08:43:08","total":4}
{"level":"warn","message":"DWX market data file not found — waiting for MT5 to create it...","timestamp":"2026-03-29 08:43:09"}
{"level":"warn","message":"Price feed has stale data:","staleCount":4,"timestamp":"2026-03-29 08:43:09","total":4}
{"level":"warn","message":"DWX market data file not found — waiting for MT5 to create it...","timestamp":"2026-03-29 08:43:10"}
{"level":"warn","message":"Price feed has stale data:","staleCount":4,"timestamp":"2026-03-29 08:43:10","total":4}
{"level":"warn","message":"DWX market data file not found — waiting for MT5 to create it...","timestamp":"2026-03-29 08:43:11"}
{"level":"warn","message":"Price feed has stale data:","staleCount":4,"timestamp":"2026-03-29 08:43:11","total":4}
{"level":"warn","message":"DWX file not found — will retry watcher in 5s...","timestamp":"2026-03-29 08:43:11"}
{"level":"warn","message":"DWX market data file not found — waiting for MT5 to create it...","timestamp":"2026-03-29 08:43:12"}
{"level":"warn","message":"Price feed has stale data:","staleCount":4,"timestamp":"2026-03-29 08:43:12","total":4}
{"level":"warn","message":"DWX market data file not found — waiting for MT5 to create it...","timestamp":"2026-03-29 08:43:13"}
{"level":"warn","message":"Price feed has stale data:","staleCount":4,"timestamp":"2026-03-29 08:43:13","total":4}
{"level":"warn","message":"DWX market data file not found — waiting for MT5 to create it...","timestamp":"2026-03-29 08:43:14"}
{"level":"warn","message":"Price feed has stale data:","staleCount":4,"timestamp":"2026-03-29 08:43:14","total":4}
{"level":"warn","message":"DWX market data file not found — waiting for MT5 to create it...","timestamp":"2026-03-29 08:43:15"}
{"level":"warn","message":"Price feed has stale data:","staleCount":4,"timestamp":"2026-03-29 08:43:15","total":4}
{"level":"warn","message":"DWX market data file not found — waiting for MT5 to create it...","timestamp":"2026-03-29 08:43:16"}
{"level":"warn","message":"Price feed has stale data:","staleCount":4,"timestamp":"2026-03-29 08:43:16","total":4}
{"level":"warn","message":"DWX file not found — will retry watcher in 5s...","timestamp":"2026-03-29 08:43:16"}
{"level":"warn","message":"DWX market data file not found — waiting for MT5 to create it...","timestamp":"2026-03-29 08:43:17"}
{"level":"warn","message":"Price feed has stale data:","staleCount":4,"timestamp":"2026-03-29 08:43:17","total":4}
{"level":"warn","message":"DWX market data file not found — waiting for MT5 to create it...","timestamp":"2026-03-29 08:43:18"}
{"level":"warn","message":"Price feed has stale data:","staleCount":4,"timestamp":"2026-03-29 08:43:18","total":4}
{"level":"warn","message":"DWX market data file not found — waiting for MT5 to create it...","timestamp":"2026-03-29 08:43:19"}
{"level":"warn","message":"Price feed has stale data:","staleCount":4,"timestamp":"2026-03-29 08:43:19","total":4}
{"level":"warn","message":"DWX market data file not found — waiting for MT5 to create it...","timestamp":"2026-03-29 08:43:20"}
{"level":"warn","message":"Price feed has stale data:","staleCount":4,"timestamp":"2026-03-29 08:43:20","total":4}
{"level":"warn","message":"DWX market data file not found — waiting for MT5 to create it...","timestamp":"2026-03-29 08:43:21"}
{"level":"warn","message":"Price feed has stale data:","staleCount":4,"timestamp":"2026-03-29 08:43:21","total":4}
{"level":"warn","message":"DWX file not found — will retry watcher in 5s...","timestamp":"2026-03-29 08:43:21"}
{"level":"warn","message":"DWX market data file not found — waiting for MT5 to create it...","timestamp":"2026-03-29 08:43:22"}
{"level":"warn","message":"Price feed has stale data:","staleCount":4,"timestamp":"2026-03-29 08:43:22","total":4}
{"level":"warn","message":"DWX market data file not found — waiting for MT5 to create it...","timestamp":"2026-03-29 08:43:23"}
{"level":"warn","message":"Price feed has stale data:","staleCount":4,"timestamp":"2026-03-29 08:43:23","total":4}
{"level":"warn","message":"DWX market data file not found — waiting for MT5 to create it...","timestamp":"2026-03-29 08:43:24"}
{"level":"warn","message":"Price feed has stale data:","staleCount":4,"timestamp":"2026-03-29 08:43:24","total":4}
{"level":"warn","message":"DWX market data file not found — waiting for MT5 to create it...","timestamp":"2026-03-29 08:43:25"}
{"level":"warn","message":"Price feed has stale data:","staleCount":4,"timestamp":"2026-03-29 08:43:25","total":4}
{"level":"warn","message":"DWX file not found — will retry watcher in 5s...","timestamp":"2026-03-29 08:43:26"}
{"level":"warn","message":"DWX market data file not found — waiting for MT5 to create it...","timestamp":"2026-03-29 08:43:26"}
{"level":"warn","message":"Price feed has stale data:","staleCount":4,"timestamp":"2026-03-29 08:43:26","total":4}
{"level":"warn","message":"DWX market data file not found — waiting for MT5 to create it...","timestamp":"2026-03-29 08:43:27"}
{"level":"warn","message":"Price feed has stale data:","staleCount":4,"timestamp":"2026-03-29 08:43:27","total":4}
{"level":"warn","message":"DWX market data file not found — waiting for MT5 to create it...","timestamp":"2026-03-29 08:43:28"}
{"level":"warn","message":"Price feed has stale data:","staleCount":4,"timestamp":"2026-03-29 08:43:28","total":4}
{"level":"warn","message":"DWX market data file not found — waiting for MT5 to create it...","timestamp":"2026-03-29 08:43:29"}
{"level":"warn","message":"Price feed has stale data:","staleCount":4,"timestamp":"2026-03-29 08:43:29","total":4}
{"level":"warn","message":"DWX market data file not found — waiting for MT5 to create it...","timestamp":"2026-03-29 08:43:30"}
{"level":"warn","message":"Price feed has stale data:","staleCount":4,"timestamp":"2026-03-29 08:43:30","total":4}
{"level":"warn","message":"DWX file not found — will retry watcher in 5s...","timestamp":"2026-03-29 08:43:31"}
{"level":"warn","message":"DWX market data file not found — waiting for MT5 to create it...","timestamp":"2026-03-29 08:43:31"}
{"level":"warn","message":"Price feed has stale data:","staleCount":4,"timestamp":"2026-03-29 08:43:31","total":4}
{"level":"warn","message":"DWX market data file not found — waiting for MT5 to create it...","timestamp":"2026-03-29 08:43:32"}
{"level":"warn","message":"Price feed has stale data:","staleCount":4,"timestamp":"2026-03-29 08:43:32","total":4}
{"level":"warn","message":"DWX market data file not found — waiting for MT5 to create it...","timestamp":"2026-03-29 08:43:33"}
{"level":"warn","message":"Price feed has stale data:","staleCount":4,"timestamp":"2026-03-29 08:43:33","total":4}
{"level":"warn","message":"DWX market data file not found — waiting for MT5 to create it...","timestamp":"2026-03-29 08:43:34"}
{"level":"warn","message":"Price feed has stale data:","staleCount":4,"timestamp":"2026-03-29 08:43:34","total":4}
{"level":"warn","message":"DWX market data file not found — waiting for MT5 to create it...","timestamp":"2026-03-29 08:43:35"}
{"level":"warn","message":"Price feed has stale data:","staleCount":4,"timestamp":"2026-03-29 08:43:35","total":4}
{"level":"warn","message":"DWX file not found — will retry watcher in 5s...","timestamp":"2026-03-29 08:43:36"}
{"level":"warn","message":"DWX market data file not found — waiting for MT5 to create it...","timestamp":"2026-03-29 08:43:36"}
{"level":"warn","message":"Price feed has stale data:","staleCount":4,"timestamp":"2026-03-29 08:43:36","total":4}
{"level":"warn","message":"DWX market data file not found — waiting for MT5 to create it...","timestamp":"2026-03-29 08:43:37"}
{"level":"warn","message":"Price feed has stale data:","staleCount":4,"timestamp":"2026-03-29 08:43:37","total":4}
{"level":"warn","message":"DWX market data file not found — waiting for MT5 to create it...","timestamp":"2026-03-29 08:43:38"}
{"level":"warn","message":"Price feed has stale data:","staleCount":4,"timestamp":"2026-03-29 08:43:38","total":4}
{"level":"warn","message":"DWX market data file not found — waiting for MT5 to create it...","timestamp":"2026-03-29 08:43:39"}
{"level":"warn","message":"Price feed has stale data:","staleCount":4,"timestamp":"2026-03-29 08:43:39","total":4}
{"level":"warn","message":"DWX market data file not found — waiting for MT5 to create it...","timestamp":"2026-03-29 08:43:40"}
{"level":"warn","message":"Price feed has stale data:","staleCount":4,"timestamp":"2026-03-29 08:43:40","total":4}
{"level":"warn","message":"DWX file not found — will retry watcher in 5s...","timestamp":"2026-03-29 08:43:41"}
{"level":"warn","message":"DWX market data file not found — waiting for MT5 to create it...","timestamp":"2026-03-29 08:43:41"}
{"level":"warn","message":"Price feed has stale data:","staleCount":4,"timestamp":"2026-03-29 08:43:41","total":4}
{"level":"warn","message":"DWX market data file not found — waiting for MT5 to create it...","timestamp":"2026-03-29 08:43:42"}
{"level":"warn","message":"Price feed has stale data:","staleCount":4,"timestamp":"2026-03-29 08:43:42","total":4}
{"level":"warn","message":"DWX market data file not found — waiting for MT5 to create it...","timestamp":"2026-03-29 08:43:43"}
{"level":"warn","message":"Price feed has stale data:","staleCount":4,"timestamp":"2026-03-29 08:43:43","total":4}
{"level":"warn","message":"DWX market data file not found — waiting for MT5 to create it...","timestamp":"2026-03-29 08:43:44"}
{"level":"warn","message":"Price feed has stale data:","staleCount":4,"timestamp":"2026-03-29 08:43:44","total":4}
{"level":"warn","message":"DWX market data file not found — waiting for MT5 to create it...","timestamp":"2026-03-29 08:43:45"}
{"level":"warn","message":"Price feed has stale data:","staleCount":4,"timestamp":"2026-03-29 08:43:45","total":4}
{"level":"warn","message":"DWX file not found — will retry watcher in 5s...","timestamp":"2026-03-29 08:43:46"}
{"level":"warn","message":"DWX market data file not found — waiting for MT5 to create it...","timestamp":"2026-03-29 08:43:46"}
{"level":"warn","message":"Price feed has stale data:","staleCount":4,"timestamp":"2026-03-29 08:43:46","total":4}
{"level":"warn","message":"DWX market data file not found — waiting for MT5 to create it...","timestamp":"2026-03-29 08:43:47"}
{"level":"warn","message":"Price feed has stale data:","staleCount":4,"timestamp":"2026-03-29 08:43:47","total":4}
{"level":"warn","message":"DWX market data file not found — waiting for MT5 to create it...","timestamp":"2026-03-29 08:43:48"}
{"level":"warn","message":"Price feed has stale data:","staleCount":4,"timestamp":"2026-03-29 08:43:48","total":4}
{"level":"warn","message":"DWX market data file not found — waiting for MT5 to create it...","timestamp":"2026-03-29 08:43:49"}
{"level":"warn","message":"Price feed has stale data:","staleCount":4,"timestamp":"2026-03-29 08:43:49","total":4}
{"level":"warn","message":"DWX market data file not found — waiting for MT5 to create it...","timestamp":"2026-03-29 08:43:50"}
{"level":"warn","message":"Price feed has stale data:","staleCount":4,"timestamp":"2026-03-29 08:43:50","total":4}
{"level":"warn","message":"DWX file not found — will retry watcher in 5s...","timestamp":"2026-03-29 08:43:51"}
{"level":"warn","message":"DWX market data file not found — waiting for MT5 to create it...","timestamp":"2026-03-29 08:43:51"}
{"level":"warn","message":"Price feed has stale data:","staleCount":4,"timestamp":"2026-03-29 08:43:51","total":4}
{"level":"warn","message":"DWX market data file not found — waiting for MT5 to create it...","timestamp":"2026-03-29 08:43:52"}
{"level":"warn","message":"Price feed has stale data:","staleCount":4,"timestamp":"2026-03-29 08:43:52","total":4}
{"level":"warn","message":"DWX market data file not found — waiting for MT5 to create it...","timestamp":"2026-03-29 08:43:53"}
{"level":"warn","message":"Price feed has stale data:","staleCount":4,"timestamp":"2026-03-29 08:43:53","total":4}
{"level":"warn","message":"DWX market data file not found — waiting for MT5 to create it...","timestamp":"2026-03-29 08:43:54"}
{"level":"warn","message":"Price feed has stale data:","staleCount":4,"timestamp":"2026-03-29 08:43:54","total":4}
{"level":"warn","message":"DWX market data file not found — waiting for MT5 to create it...","timestamp":"2026-03-29 08:43:55"}
{"level":"warn","message":"Price feed has stale data:","staleCount":4,"timestamp":"2026-03-29 08:43:55","total":4}
{"level":"warn","message":"DWX file not found — will retry watcher in 5s...","timestamp":"2026-03-29 08:43:56"}
{"level":"warn","message":"DWX market data file not found — waiting for MT5 to create it...","timestamp":"2026-03-29 08:43:56"}
{"level":"warn","message":"Price feed has stale data:","staleCount":4,"timestamp":"2026-03-29 08:43:56","total":4}
{"level":"warn","message":"DWX market data file not found — waiting for MT5 to create it...","timestamp":"2026-03-29 08:43:57"}
{"level":"warn","message":"Price feed has stale data:","staleCount":4,"timestamp":"2026-03-29 08:43:57","total":4}
{"level":"warn","message":"DWX market data file not found — waiting for MT5 to create it...","timestamp":"2026-03-29 08:43:58"}
{"level":"warn","message":"Price feed has stale data:","staleCount":4,"timestamp":"2026-03-29 08:43:58","total":4}
{"level":"warn","message":"DWX market data file not found — waiting for MT5 to create it...","timestamp":"2026-03-29 08:43:59"}
{"level":"warn","message":"Price feed has stale data:","staleCount":4,"timestamp":"2026-03-29 08:43:59","total":4}
{"level":"warn","message":"DWX market data file not found — waiting for MT5 to create it...","timestamp":"2026-03-29 08:44:00"}
{"level":"warn","message":"Price feed has stale data:","staleCount":4,"timestamp":"2026-03-29 08:44:00","total":4}
{"level":"warn","message":"DWX file not found — will retry watcher in 5s...","timestamp":"2026-03-29 08:44:01"}
{"level":"warn","message":"DWX market data file not found — waiting for MT5 to create it...","timestamp":"2026-03-29 08:44:01"}
{"level":"warn","message":"Price feed has stale data:","staleCount":4,"timestamp":"2026-03-29 08:44:01","total":4}
{"level":"warn","message":"DWX market data file not found — waiting for MT5 to create it...","timestamp":"2026-03-29 08:44:02"}
{"level":"warn","message":"Price feed has stale data:","staleCount":4,"timestamp":"2026-03-29 08:44:02","total":4}
{"level":"warn","message":"DWX market data file not found — waiting for MT5 to create it...","timestamp":"2026-03-29 08:44:03"}
{"level":"warn","message":"Price feed has stale data:","staleCount":4,"timestamp":"2026-03-29 08:44:03","total":4}
{"level":"warn","message":"DWX market data file not found — waiting for MT5 to create it...","timestamp":"2026-03-29 08:44:04"}
{"level":"warn","message":"Price feed has stale data:","staleCount":4,"timestamp":"2026-03-29 08:44:04","total":4}
{"level":"warn","message":"DWX market data file not found — waiting for MT5 to create it...","timestamp":"2026-03-29 08:44:05"}
{"level":"warn","message":"Price feed has stale data:","staleCount":4,"timestamp":"2026-03-29 08:44:05","total":4}
{"level":"warn","message":"DWX file not found — will retry watcher in 5s...","timestamp":"2026-03-29 08:44:06"}
{"level":"warn","message":"DWX market data file not found — waiting for MT5 to create it...","timestamp":"2026-03-29 08:44:06"}
{"level":"warn","message":"Price feed has stale data:","staleCount":4,"timestamp":"2026-03-29 08:44:06","total":4}
{"level":"warn","message":"DWX market data file not found — waiting for MT5 to create it...","timestamp":"2026-03-29 08:44:07"}
{"level":"warn","message":"Price feed has stale data:","staleCount":4,"timestamp":"2026-03-29 08:44:07","total":4}
{"level":"warn","message":"DWX market data file not found — waiting for MT5 to create it...","timestamp":"2026-03-29 08:44:08"}
{"level":"warn","message":"Price feed has stale data:","staleCount":4,"timestamp":"2026-03-29 08:44:08","total":4}
{"level":"warn","message":"DWX market data file not found — waiting for MT5 to create it...","timestamp":"2026-03-29 08:44:09"}
{"level":"warn","message":"Price feed has stale data:","staleCount":4,"timestamp":"2026-03-29 08:44:09","total":4}
{"level":"warn","message":"DWX market data file not found — waiting for MT5 to create it...","timestamp":"2026-03-29 08:44:10"}
{"level":"warn","message":"Price feed has stale data:","staleCount":4,"timestamp":"2026-03-29 08:44:10","total":4}
{"level":"warn","message":"DWX file not found — will retry watcher in 5s...","timestamp":"2026-03-29 08:44:11"}
{"level":"warn","message":"DWX market data file not found — waiting for MT5 to create it...","timestamp":"2026-03-29 08:44:11"}
{"level":"warn","message":"Price feed has stale data:","staleCount":4,"timestamp":"2026-03-29 08:44:11","total":4}
{"level":"warn","message":"DWX market data file not found — waiting for MT5 to create it...","timestamp":"2026-03-29 08:44:12"}
{"level":"warn","message":"Price feed has stale data:","staleCount":4,"timestamp":"2026-03-29 08:44:12","total":4}
{"level":"warn","message":"DWX market data file not found — waiting for MT5 to create it...","timestamp":"2026-03-29 08:44:13"}
{"level":"warn","message":"Price feed has stale data:","staleCount":4,"timestamp":"2026-03-29 08:44:13","total":4}
{"level":"warn","message":"DWX market data file not found — waiting for MT5 to create it...","timestamp":"2026-03-29 08:44:14"}
{"level":"warn","message":"Price feed has stale data:","staleCount":4,"timestamp":"2026-03-29 08:44:14","total":4}
{"level":"warn","message":"DWX market data file not found — waiting for MT5 to create it...","timestamp":"2026-03-29 08:44:15"}
{"level":"warn","message":"Price feed has stale data:","staleCount":4,"timestamp":"2026-03-29 08:44:15","total":4}
{"level":"warn","message":"DWX file not found — will retry watcher in 5s...","timestamp":"2026-03-29 08:44:16"}
{"level":"warn","message":"DWX market data file not found — waiting for MT5 to create it...","timestamp":"2026-03-29 08:44:16"}
{"level":"warn","message":"Price feed has stale data:","staleCount":4,"timestamp":"2026-03-29 08:44:16","total":4}
{"level":"warn","message":"DWX market data file not found — waiting for MT5 to create it...","timestamp":"2026-03-29 08:44:17"}
{"level":"warn","message":"Price feed has stale data:","staleCount":4,"timestamp":"2026-03-29 08:44:17","total":4}
{"level":"warn","message":"DWX market data file not found — waiting for MT5 to create it...","timestamp":"2026-03-29 08:44:18"}
{"level":"warn","message":"Price feed has stale data:","staleCount":4,"timestamp":"2026-03-29 08:44:18","total":4}
{"level":"warn","message":"DWX market data file not found — waiting for MT5 to create it...","timestamp":"2026-03-29 08:44:19"}
{"level":"warn","message":"Price feed has stale data:","staleCount":4,"timestamp":"2026-03-29 08:44:19","total":4}
{"level":"warn","message":"DWX market data file not found — waiting for MT5 to create it...","timestamp":"2026-03-29 08:44:20"}
{"level":"warn","message":"Price feed has stale data:","staleCount":4,"timestamp":"2026-03-29 08:44:20","total":4}
{"level":"warn","message":"DWX file not found — will retry watcher in 5s...","timestamp":"2026-03-29 08:44:21"}
{"level":"warn","message":"DWX market data file not found — waiting for MT5 to create it...","timestamp":"2026-03-29 08:44:21"}
{"level":"warn","message":"Price feed has stale data:","staleCount":4,"timestamp":"2026-03-29 08:44:21","total":4}
{"level":"warn","message":"DWX market data file not found — waiting for MT5 to create it...","timestamp":"2026-03-29 08:44:22"}
{"level":"warn","message":"Price feed has stale data:","staleCount":4,"timestamp":"2026-03-29 08:44:22","total":4}
{"level":"warn","message":"DWX market data file not found — waiting for MT5 to create it...","timestamp":"2026-03-29 08:44:23"}
{"level":"warn","message":"Price feed has stale data:","staleCount":4,"timestamp":"2026-03-29 08:44:23","total":4}
{"level":"warn","message":"DWX market data file not found — waiting for MT5 to create it...","timestamp":"2026-03-29 08:44:24"}
{"level":"warn","message":"Price feed has stale data:","staleCount":4,"timestamp":"2026-03-29 08:44:24","total":4}
{"level":"warn","message":"DWX market data file not found — waiting for MT5 to create it...","timestamp":"2026-03-29 08:44:25"}
{"level":"warn","message":"Price feed has stale data:","staleCount":4,"timestamp":"2026-03-29 08:44:25","total":4}
{"level":"warn","message":"DWX file not found — will retry watcher in 5s...","timestamp":"2026-03-29 08:44:26"}
{"level":"warn","message":"DWX market data file not found — waiting for MT5 to create it...","timestamp":"2026-03-29 08:44:26"}
{"level":"warn","message":"Price feed has stale data:","staleCount":4,"timestamp":"2026-03-29 08:44:26","total":4}
{"level":"warn","message":"DWX market data file not found — waiting for MT5 to create it...","timestamp":"2026-03-29 08:44:27"}
{"level":"warn","message":"Price feed has stale data:","staleCount":4,"timestamp":"2026-03-29 08:44:27","total":4}
{"level":"warn","message":"DWX market data file not found — waiting for MT5 to create it...","timestamp":"2026-03-29 08:44:28"}
{"level":"warn","message":"Price feed has stale data:","staleCount":4,"timestamp":"2026-03-29 08:44:28","total":4}
{"level":"warn","message":"DWX market data file not found — waiting for MT5 to create it...","timestamp":"2026-03-29 08:44:29"}
{"level":"warn","message":"Price feed has stale data:","staleCount":4,"timestamp":"2026-03-29 08:44:29","total":4}
{"level":"warn","message":"DWX market data file not found — waiting for MT5 to create it...","timestamp":"2026-03-29 08:44:30"}
{"level":"warn","message":"Price feed has stale data:","staleCount":4,"timestamp":"2026-03-29 08:44:30","total":4}
{"level":"warn","message":"DWX file not found — will retry watcher in 5s...","timestamp":"2026-03-29 08:44:31"}
{"level":"warn","message":"DWX market data file not found — waiting for MT5 to create it...","timestamp":"2026-03-29 08:44:31"}
{"level":"warn","message":"Price feed has stale data:","staleCount":4,"timestamp":"2026-03-29 08:44:31","total":4}
{"level":"warn","message":"DWX market data file not found — waiting for MT5 to create it...","timestamp":"2026-03-29 08:44:32"}
{"level":"warn","message":"Price feed has stale data:","staleCount":4,"timestamp":"2026-03-29 08:44:32","total":4}
{"duration_ms":2,"ip":"::ffff:127.0.0.1","level":"http","message":"GET /api/health","status":404,"timestamp":"2026-03-29 08:44:33","userAgent":"Mozilla/5.0 (Windows NT 10.0; Win64; x64) AppleWebKit/537.36 (KHTML, like Gecko) Chrome/146.0.0.0 Safari/537.36"}
{"level":"warn","message":"DWX market data file not found — waiting for MT5 to create it...","timestamp":"2026-03-29 08:44:33"}
{"level":"warn","message":"Price feed has stale data:","staleCount":4,"timestamp":"2026-03-29 08:44:33","total":4}
{"level":"warn","message":"DWX market data file not found — waiting for MT5 to create it...","timestamp":"2026-03-29 08:44:34"}
{"level":"warn","message":"Price feed has stale data:","staleCount":4,"timestamp":"2026-03-29 08:44:34","total":4}
{"level":"warn","message":"DWX market data file not found — waiting for MT5 to create it...","timestamp":"2026-03-29 08:44:35"}
{"level":"warn","message":"Price feed has stale data:","staleCount":4,"timestamp":"2026-03-29 08:44:35","total":4}
{"level":"warn","message":"DWX file not found — will retry watcher in 5s...","timestamp":"2026-03-29 08:44:36"}
{"level":"warn","message":"DWX market data file not found — waiting for MT5 to create it...","timestamp":"2026-03-29 08:44:36"}
{"level":"warn","message":"Price feed has stale data:","staleCount":4,"timestamp":"2026-03-29 08:44:36","total":4}
{"level":"warn","message":"DWX market data file not found — waiting for MT5 to create it...","timestamp":"2026-03-29 08:44:37"}
{"level":"warn","message":"Price feed has stale data:","staleCount":4,"timestamp":"2026-03-29 08:44:37","total":4}
{"level":"warn","message":"DWX market data file not found — waiting for MT5 to create it...","timestamp":"2026-03-29 08:44:38"}
{"level":"warn","message":"Price feed has stale data:","staleCount":4,"timestamp":"2026-03-29 08:44:38","total":4}
{"level":"warn","message":"DWX market data file not found — waiting for MT5 to create it...","timestamp":"2026-03-29 08:44:39"}
{"level":"warn","message":"Price feed has stale data:","staleCount":4,"timestamp":"2026-03-29 08:44:39","total":4}
{"level":"warn","message":"DWX market data file not found — waiting for MT5 to create it...","timestamp":"2026-03-29 08:44:40"}
{"level":"warn","message":"Price feed has stale data:","staleCount":4,"timestamp":"2026-03-29 08:44:40","total":4}
{"level":"warn","message":"DWX file not found — will retry watcher in 5s...","timestamp":"2026-03-29 08:44:41"}
{"level":"warn","message":"DWX market data file not found — waiting for MT5 to create it...","timestamp":"2026-03-29 08:44:41"}
{"level":"warn","message":"Price feed has stale data:","staleCount":4,"timestamp":"2026-03-29 08:44:41","total":4}
{"level":"warn","message":"DWX market data file not found — waiting for MT5 to create it...","timestamp":"2026-03-29 08:44:42"}
{"level":"warn","message":"Price feed has stale data:","staleCount":4,"timestamp":"2026-03-29 08:44:42","total":4}
{"level":"warn","message":"DWX market data file not found — waiting for MT5 to create it...","timestamp":"2026-03-29 08:44:43"}
{"level":"warn","message":"Price feed has stale data:","staleCount":4,"timestamp":"2026-03-29 08:44:43","total":4}
{"level":"warn","message":"DWX market data file not found — waiting for MT5 to create it...","timestamp":"2026-03-29 08:44:44"}
{"level":"warn","message":"Price feed has stale data:","staleCount":4,"timestamp":"2026-03-29 08:44:44","total":4}
{"level":"warn","message":"DWX market data file not found — waiting for MT5 to create it...","timestamp":"2026-03-29 08:44:45"}
{"level":"warn","message":"Price feed has stale data:","staleCount":4,"timestamp":"2026-03-29 08:44:45","total":4}
{"level":"warn","message":"DWX file not found — will retry watcher in 5s...","timestamp":"2026-03-29 08:44:46"}
{"level":"warn","message":"DWX market data file not found — waiting for MT5 to create it...","timestamp":"2026-03-29 08:44:46"}
{"level":"warn","message":"Price feed has stale data:","staleCount":4,"timestamp":"2026-03-29 08:44:46","total":4}
{"level":"warn","message":"DWX market data file not found — waiting for MT5 to create it...","timestamp":"2026-03-29 08:44:47"}
{"level":"warn","message":"Price feed has stale data:","staleCount":4,"timestamp":"2026-03-29 08:44:47","total":4}
{"level":"warn","message":"DWX market data file not found — waiting for MT5 to create it...","timestamp":"2026-03-29 08:44:48"}
{"level":"warn","message":"Price feed has stale data:","staleCount":4,"timestamp":"2026-03-29 08:44:48","total":4}
{"level":"warn","message":"DWX market data file not found — waiting for MT5 to create it...","timestamp":"2026-03-29 08:44:49"}
{"level":"warn","message":"Price feed has stale data:","staleCount":4,"timestamp":"2026-03-29 08:44:49","total":4}
{"level":"warn","message":"DWX market data file not found — waiting for MT5 to create it...","timestamp":"2026-03-29 08:44:50"}
{"level":"warn","message":"Price feed has stale data:","staleCount":4,"timestamp":"2026-03-29 08:44:50","total":4}
{"level":"warn","message":"DWX file not found — will retry watcher in 5s...","timestamp":"2026-03-29 08:44:51"}
{"level":"warn","message":"DWX market data file not found — waiting for MT5 to create it...","timestamp":"2026-03-29 08:44:51"}
{"level":"warn","message":"Price feed has stale data:","staleCount":4,"timestamp":"2026-03-29 08:44:51","total":4}
{"level":"warn","message":"DWX market data file not found — waiting for MT5 to create it...","timestamp":"2026-03-29 08:44:52"}
{"level":"warn","message":"Price feed has stale data:","staleCount":4,"timestamp":"2026-03-29 08:44:52","total":4}
{"level":"warn","message":"DWX market data file not found — waiting for MT5 to create it...","timestamp":"2026-03-29 08:44:53"}
{"level":"warn","message":"Price feed has stale data:","staleCount":4,"timestamp":"2026-03-29 08:44:53","total":4}
{"level":"warn","message":"DWX market data file not found — waiting for MT5 to create it...","timestamp":"2026-03-29 08:44:54"}
{"level":"warn","message":"Price feed has stale data:","staleCount":4,"timestamp":"2026-03-29 08:44:54","total":4}
{"level":"warn","message":"DWX market data file not found — waiting for MT5 to create it...","timestamp":"2026-03-29 08:44:55"}
{"level":"warn","message":"Price feed has stale data:","staleCount":4,"timestamp":"2026-03-29 08:44:55","total":4}
{"level":"warn","message":"DWX file not found — will retry watcher in 5s...","timestamp":"2026-03-29 08:44:56"}
{"level":"warn","message":"DWX market data file not found — waiting for MT5 to create it...","timestamp":"2026-03-29 08:44:56"}
{"level":"warn","message":"Price feed has stale data:","staleCount":4,"timestamp":"2026-03-29 08:44:56","total":4}
{"level":"warn","message":"DWX market data file not found — waiting for MT5 to create it...","timestamp":"2026-03-29 08:44:57"}
{"level":"warn","message":"Price feed has stale data:","staleCount":4,"timestamp":"2026-03-29 08:44:57","total":4}
{"level":"warn","message":"DWX market data file not found — waiting for MT5 to create it...","timestamp":"2026-03-29 08:44:58"}
{"level":"warn","message":"Price feed has stale data:","staleCount":4,"timestamp":"2026-03-29 08:44:58","total":4}
{"level":"warn","message":"DWX market data file not found — waiting for MT5 to create it...","timestamp":"2026-03-29 08:44:59"}
{"level":"warn","message":"Price feed has stale data:","staleCount":4,"timestamp":"2026-03-29 08:44:59","total":4}
{"level":"warn","message":"DWX market data file not found — waiting for MT5 to create it...","timestamp":"2026-03-29 08:45:00"}
{"level":"warn","message":"Price feed has stale data:","staleCount":4,"timestamp":"2026-03-29 08:45:00","total":4}
{"level":"warn","message":"DWX file not found — will retry watcher in 5s...","timestamp":"2026-03-29 08:45:01"}
{"level":"warn","message":"DWX market data file not found — waiting for MT5 to create it...","timestamp":"2026-03-29 08:45:01"}
{"level":"warn","message":"Price feed has stale data:","staleCount":4,"timestamp":"2026-03-29 08:45:01","total":4}
{"level":"warn","message":"DWX market data file not found — waiting for MT5 to create it...","timestamp":"2026-03-29 08:45:02"}
{"level":"warn","message":"Price feed has stale data:","staleCount":4,"timestamp":"2026-03-29 08:45:02","total":4}
{"level":"warn","message":"DWX market data file not found — waiting for MT5 to create it...","timestamp":"2026-03-29 08:45:03"}
{"level":"warn","message":"Price feed has stale data:","staleCount":4,"timestamp":"2026-03-29 08:45:03","total":4}
{"level":"warn","message":"DWX market data file not found — waiting for MT5 to create it...","timestamp":"2026-03-29 08:45:04"}
{"level":"warn","message":"Price feed has stale data:","staleCount":4,"timestamp":"2026-03-29 08:45:04","total":4}
{"level":"warn","message":"DWX market data file not found — waiting for MT5 to create it...","timestamp":"2026-03-29 08:45:05"}
{"level":"warn","message":"Price feed has stale data:","staleCount":4,"timestamp":"2026-03-29 08:45:05","total":4}
{"level":"warn","message":"DWX file not found — will retry watcher in 5s...","timestamp":"2026-03-29 08:45:06"}
{"level":"warn","message":"DWX market data file not found — waiting for MT5 to create it...","timestamp":"2026-03-29 08:45:06"}
{"level":"warn","message":"Price feed has stale data:","staleCount":4,"timestamp":"2026-03-29 08:45:06","total":4}
{"level":"warn","message":"DWX market data file not found — waiting for MT5 to create it...","timestamp":"2026-03-29 08:45:07"}
{"level":"warn","message":"Price feed has stale data:","staleCount":4,"timestamp":"2026-03-29 08:45:07","total":4}
{"level":"warn","message":"DWX market data file not found — waiting for MT5 to create it...","timestamp":"2026-03-29 08:45:08"}
{"level":"warn","message":"Price feed has stale data:","staleCount":4,"timestamp":"2026-03-29 08:45:08","total":4}
{"level":"warn","message":"DWX market data file not found — waiting for MT5 to create it...","timestamp":"2026-03-29 08:45:09"}
{"level":"warn","message":"Price feed has stale data:","staleCount":4,"timestamp":"2026-03-29 08:45:09","total":4}
{"level":"warn","message":"DWX market data file not found — waiting for MT5 to create it...","timestamp":"2026-03-29 08:45:10"}
{"level":"warn","message":"Price feed has stale data:","staleCount":4,"timestamp":"2026-03-29 08:45:10","total":4}
{"level":"warn","message":"DWX file not found — will retry watcher in 5s...","timestamp":"2026-03-29 08:45:11"}
{"level":"warn","message":"DWX market data file not found — waiting for MT5 to create it...","timestamp":"2026-03-29 08:45:11"}
{"level":"warn","message":"Price feed has stale data:","staleCount":4,"timestamp":"2026-03-29 08:45:11","total":4}
{"level":"warn","message":"DWX market data file not found — waiting for MT5 to create it...","timestamp":"2026-03-29 08:45:12"}
{"level":"warn","message":"Price feed has stale data:","staleCount":4,"timestamp":"2026-03-29 08:45:12","total":4}
{"level":"warn","message":"DWX market data file not found — waiting for MT5 to create it...","timestamp":"2026-03-29 08:45:13"}
{"level":"warn","message":"Price feed has stale data:","staleCount":4,"timestamp":"2026-03-29 08:45:13","total":4}
{"level":"warn","message":"DWX market data file not found — waiting for MT5 to create it...","timestamp":"2026-03-29 08:45:14"}
{"level":"warn","message":"Price feed has stale data:","staleCount":4,"timestamp":"2026-03-29 08:45:14","total":4}
{"level":"warn","message":"DWX market data file not found — waiting for MT5 to create it...","timestamp":"2026-03-29 08:45:15"}
{"level":"warn","message":"Price feed has stale data:","staleCount":4,"timestamp":"2026-03-29 08:45:15","total":4}
{"level":"warn","message":"DWX file not found — will retry watcher in 5s...","timestamp":"2026-03-29 08:45:16"}
{"level":"warn","message":"DWX market data file not found — waiting for MT5 to create it...","timestamp":"2026-03-29 08:45:16"}
{"level":"warn","message":"Price feed has stale data:","staleCount":4,"timestamp":"2026-03-29 08:45:16","total":4}
{"duration_ms":2,"ip":"::1","level":"http","message":"GET /api/admin/announcement","status":404,"timestamp":"2026-03-29 08:45:17","userAgent":"Mozilla/5.0 (Windows NT 10.0; Win64; x64) AppleWebKit/537.36 (KHTML, like Gecko) Chrome/146.0.0.0 Safari/537.36 Edg/146.0.0.0"}
{"level":"warn","message":"Price feed has stale data:","staleCount":4,"timestamp":"2026-03-29 08:45:17","total":4}
{"duration_ms":2,"ip":"::1","level":"http","message":"GET /api/admin/announcement","status":404,"timestamp":"2026-03-29 08:45:17","userAgent":"Mozilla/5.0 (Windows NT 10.0; Win64; x64) AppleWebKit/537.36 (KHTML, like Gecko) Chrome/146.0.0.0 Safari/537.36 Edg/146.0.0.0"}
{"level":"warn","message":"Price feed has stale data:","staleCount":4,"timestamp":"2026-03-29 08:45:17","total":4}
{"level":"warn","message":"DWX market data file not found — waiting for MT5 to create it...","timestamp":"2026-03-29 08:45:17"}
{"level":"warn","message":"Price feed has stale data:","staleCount":4,"timestamp":"2026-03-29 08:45:17","total":4}
{"isAdmin":"[admin]","level":"http","message":"Socket connected:","socketId":"jE-PpKB-p-vntVLjAAAC","timestamp":"2026-03-29 08:45:18"}
{"level":"warn","message":"DWX market data file not found — waiting for MT5 to create it...","timestamp":"2026-03-29 08:45:18"}
{"level":"warn","message":"Price feed has stale data:","staleCount":4,"timestamp":"2026-03-29 08:45:18","total":4}
{"level":"warn","message":"DWX market data file not found — waiting for MT5 to create it...","timestamp":"2026-03-29 08:45:19"}
{"level":"warn","message":"Price feed has stale data:","staleCount":4,"timestamp":"2026-03-29 08:45:19","total":4}
{"level":"warn","message":"DWX market data file not found — waiting for MT5 to create it...","timestamp":"2026-03-29 08:45:20"}
{"level":"warn","message":"Price feed has stale data:","staleCount":4,"timestamp":"2026-03-29 08:45:20","total":4}
{"level":"warn","message":"DWX file not found — will retry watcher in 5s...","timestamp":"2026-03-29 08:45:21"}
{"level":"warn","message":"DWX market data file not found — waiting for MT5 to create it...","timestamp":"2026-03-29 08:45:21"}
{"level":"warn","message":"Price feed has stale data:","staleCount":4,"timestamp":"2026-03-29 08:45:21","total":4}
{"level":"warn","message":"DWX market data file not found — waiting for MT5 to create it...","timestamp":"2026-03-29 08:45:22"}
{"level":"warn","message":"Price feed has stale data:","staleCount":4,"timestamp":"2026-03-29 08:45:22","total":4}
{"level":"warn","message":"DWX market data file not found — waiting for MT5 to create it...","timestamp":"2026-03-29 08:45:23"}
{"level":"warn","message":"Price feed has stale data:","staleCount":4,"timestamp":"2026-03-29 08:45:23","total":4}
{"level":"warn","message":"DWX market data file not found — waiting for MT5 to create it...","timestamp":"2026-03-29 08:45:24"}
{"level":"warn","message":"Price feed has stale data:","staleCount":4,"timestamp":"2026-03-29 08:45:24","total":4}
{"level":"warn","message":"DWX market data file not found — waiting for MT5 to create it...","timestamp":"2026-03-29 08:45:25"}
{"level":"warn","message":"Price feed has stale data:","staleCount":4,"timestamp":"2026-03-29 08:45:25","total":4}
{"level":"warn","message":"DWX file not found — will retry watcher in 5s...","timestamp":"2026-03-29 08:45:26"}
{"level":"warn","message":"DWX market data file not found — waiting for MT5 to create it...","timestamp":"2026-03-29 08:45:26"}
{"level":"warn","message":"Price feed has stale data:","staleCount":4,"timestamp":"2026-03-29 08:45:26","total":4}
{"level":"warn","message":"DWX market data file not found — waiting for MT5 to create it...","timestamp":"2026-03-29 08:45:27"}
{"level":"warn","message":"Price feed has stale data:","staleCount":4,"timestamp":"2026-03-29 08:45:27","total":4}
{"level":"warn","message":"DWX market data file not found — waiting for MT5 to create it...","timestamp":"2026-03-29 08:45:28"}
{"level":"warn","message":"Price feed has stale data:","staleCount":4,"timestamp":"2026-03-29 08:45:28","total":4}
{"level":"warn","message":"DWX market data file not found — waiting for MT5 to create it...","timestamp":"2026-03-29 08:45:30"}
{"level":"warn","message":"Price feed has stale data:","staleCount":4,"timestamp":"2026-03-29 08:45:30","total":4}
{"level":"warn","message":"DWX market data file not found — waiting for MT5 to create it...","timestamp":"2026-03-29 08:45:31"}
{"level":"warn","message":"Price feed has stale data:","staleCount":4,"timestamp":"2026-03-29 08:45:31","total":4}
{"level":"warn","message":"DWX file not found — will retry watcher in 5s...","timestamp":"2026-03-29 08:45:31"}
{"level":"warn","message":"DWX market data file not found — waiting for MT5 to create it...","timestamp":"2026-03-29 08:45:32"}
{"level":"warn","message":"Price feed has stale data:","staleCount":4,"timestamp":"2026-03-29 08:45:32","total":4}
{"level":"warn","message":"DWX market data file not found — waiting for MT5 to create it...","timestamp":"2026-03-29 08:45:33"}
{"level":"warn","message":"Price feed has stale data:","staleCount":4,"timestamp":"2026-03-29 08:45:33","total":4}
{"level":"warn","message":"DWX market data file not found — waiting for MT5 to create it...","timestamp":"2026-03-29 08:45:34"}
{"level":"warn","message":"Price feed has stale data:","staleCount":4,"timestamp":"2026-03-29 08:45:34","total":4}
{"level":"warn","message":"DWX market data file not found — waiting for MT5 to create it...","timestamp":"2026-03-29 08:45:35"}
{"level":"warn","message":"Price feed has stale data:","staleCount":4,"timestamp":"2026-03-29 08:45:35","total":4}
{"level":"warn","message":"DWX market data file not found — waiting for MT5 to create it...","timestamp":"2026-03-29 08:45:36"}
{"level":"warn","message":"Price feed has stale data:","staleCount":4,"timestamp":"2026-03-29 08:45:36","total":4}
{"level":"warn","message":"DWX file not found — will retry watcher in 5s...","timestamp":"2026-03-29 08:45:36"}
{"level":"warn","message":"DWX market data file not found — waiting for MT5 to create it...","timestamp":"2026-03-29 08:45:37"}
{"level":"warn","message":"Price feed has stale data:","staleCount":4,"timestamp":"2026-03-29 08:45:37","total":4}
{"level":"warn","message":"DWX market data file not found — waiting for MT5 to create it...","timestamp":"2026-03-29 08:45:38"}
{"level":"warn","message":"Price feed has stale data:","staleCount":4,"timestamp":"2026-03-29 08:45:38","total":4}
{"level":"warn","message":"DWX market data file not found — waiting for MT5 to create it...","timestamp":"2026-03-29 08:45:39"}
{"level":"warn","message":"Price feed has stale data:","staleCount":4,"timestamp":"2026-03-29 08:45:39","total":4}
{"level":"warn","message":"DWX market data file not found — waiting for MT5 to create it...","timestamp":"2026-03-29 08:45:40"}
{"level":"warn","message":"Price feed has stale data:","staleCount":4,"timestamp":"2026-03-29 08:45:40","total":4}
{"level":"warn","message":"DWX market data file not found — waiting for MT5 to create it...","timestamp":"2026-03-29 08:45:41"}
{"level":"warn","message":"Price feed has stale data:","staleCount":4,"timestamp":"2026-03-29 08:45:41","total":4}
{"level":"warn","message":"DWX file not found — will retry watcher in 5s...","timestamp":"2026-03-29 08:45:41"}
{"level":"warn","message":"DWX market data file not found — waiting for MT5 to create it...","timestamp":"2026-03-29 08:45:42"}
{"level":"warn","message":"Price feed has stale data:","staleCount":4,"timestamp":"2026-03-29 08:45:42","total":4}
{"level":"warn","message":"DWX market data file not found — waiting for MT5 to create it...","timestamp":"2026-03-29 08:45:43"}
{"level":"warn","message":"Price feed has stale data:","staleCount":4,"timestamp":"2026-03-29 08:45:43","total":4}
{"level":"warn","message":"DWX market data file not found — waiting for MT5 to create it...","timestamp":"2026-03-29 08:45:44"}
{"level":"warn","message":"Price feed has stale data:","staleCount":4,"timestamp":"2026-03-29 08:45:44","total":4}
{"level":"warn","message":"DWX market data file not found — waiting for MT5 to create it...","timestamp":"2026-03-29 08:45:45"}
{"level":"warn","message":"Price feed has stale data:","staleCount":4,"timestamp":"2026-03-29 08:45:45","total":4}
{"level":"warn","message":"DWX market data file not found — waiting for MT5 to create it...","timestamp":"2026-03-29 08:45:46"}
{"level":"warn","message":"Price feed has stale data:","staleCount":4,"timestamp":"2026-03-29 08:45:46","total":4}
{"level":"warn","message":"DWX file not found — will retry watcher in 5s...","timestamp":"2026-03-29 08:45:46"}
{"level":"warn","message":"DWX market data file not found — waiting for MT5 to create it...","timestamp":"2026-03-29 08:45:47"}
{"level":"warn","message":"Price feed has stale data:","staleCount":4,"timestamp":"2026-03-29 08:45:47","total":4}
{"level":"warn","message":"DWX market data file not found — waiting for MT5 to create it...","timestamp":"2026-03-29 08:45:48"}
{"level":"warn","message":"Price feed has stale data:","staleCount":4,"timestamp":"2026-03-29 08:45:48","total":4}
{"level":"warn","message":"DWX market data file not found — waiting for MT5 to create it...","timestamp":"2026-03-29 08:45:49"}
{"level":"warn","message":"Price feed has stale data:","staleCount":4,"timestamp":"2026-03-29 08:45:49","total":4}
{"level":"warn","message":"DWX market data file not found — waiting for MT5 to create it...","timestamp":"2026-03-29 08:45:50"}
{"level":"warn","message":"Price feed has stale data:","staleCount":4,"timestamp":"2026-03-29 08:45:50","total":4}
{"level":"warn","message":"DWX market data file not found — waiting for MT5 to create it...","timestamp":"2026-03-29 08:45:51"}
{"level":"warn","message":"Price feed has stale data:","staleCount":4,"timestamp":"2026-03-29 08:45:51","total":4}
{"level":"warn","message":"DWX file not found — will retry watcher in 5s...","timestamp":"2026-03-29 08:45:51"}
{"level":"warn","message":"DWX market data file not found — waiting for MT5 to create it...","timestamp":"2026-03-29 08:45:52"}
{"level":"warn","message":"Price feed has stale data:","staleCount":4,"timestamp":"2026-03-29 08:45:52","total":4}
{"level":"warn","message":"DWX market data file not found — waiting for MT5 to create it...","timestamp":"2026-03-29 08:45:53"}
{"level":"warn","message":"Price feed has stale data:","staleCount":4,"timestamp":"2026-03-29 08:45:53","total":4}
{"level":"warn","message":"DWX market data file not found — waiting for MT5 to create it...","timestamp":"2026-03-29 08:45:54"}
{"level":"warn","message":"Price feed has stale data:","staleCount":4,"timestamp":"2026-03-29 08:45:54","total":4}
{"level":"warn","message":"DWX market data file not found — waiting for MT5 to create it...","timestamp":"2026-03-29 08:45:55"}
{"level":"warn","message":"Price feed has stale data:","staleCount":4,"timestamp":"2026-03-29 08:45:55","total":4}
{"level":"warn","message":"DWX market data file not found — waiting for MT5 to create it...","timestamp":"2026-03-29 08:45:56"}
{"level":"warn","message":"Price feed has stale data:","staleCount":4,"timestamp":"2026-03-29 08:45:56","total":4}
{"level":"warn","message":"DWX file not found — will retry watcher in 5s...","timestamp":"2026-03-29 08:45:56"}
{"level":"warn","message":"DWX market data file not found — waiting for MT5 to create it...","timestamp":"2026-03-29 08:45:57"}
{"level":"warn","message":"Price feed has stale data:","staleCount":4,"timestamp":"2026-03-29 08:45:57","total":4}
{"level":"warn","message":"DWX market data file not found — waiting for MT5 to create it...","timestamp":"2026-03-29 08:45:58"}
{"level":"warn","message":"Price feed has stale data:","staleCount":4,"timestamp":"2026-03-29 08:45:58","total":4}
{"level":"warn","message":"DWX market data file not found — waiting for MT5 to create it...","timestamp":"2026-03-29 08:45:59"}
{"level":"warn","message":"Price feed has stale data:","staleCount":4,"timestamp":"2026-03-29 08:45:59","total":4}
{"level":"warn","message":"DWX market data file not found — waiting for MT5 to create it...","timestamp":"2026-03-29 08:46:00"}
{"level":"warn","message":"Price feed has stale data:","staleCount":4,"timestamp":"2026-03-29 08:46:00","total":4}
{"level":"warn","message":"DWX market data file not found — waiting for MT5 to create it...","timestamp":"2026-03-29 08:46:01"}
{"level":"warn","message":"Price feed has stale data:","staleCount":4,"timestamp":"2026-03-29 08:46:01","total":4}
{"level":"warn","message":"DWX file not found — will retry watcher in 5s...","timestamp":"2026-03-29 08:46:01"}
{"level":"warn","message":"DWX market data file not found — waiting for MT5 to create it...","timestamp":"2026-03-29 08:46:02"}
{"level":"warn","message":"Price feed has stale data:","staleCount":4,"timestamp":"2026-03-29 08:46:02","total":4}
{"level":"warn","message":"DWX market data file not found — waiting for MT5 to create it...","timestamp":"2026-03-29 08:46:03"}
{"level":"warn","message":"Price feed has stale data:","staleCount":4,"timestamp":"2026-03-29 08:46:03","total":4}
{"level":"warn","message":"DWX market data file not found — waiting for MT5 to create it...","timestamp":"2026-03-29 08:46:04"}
{"level":"warn","message":"Price feed has stale data:","staleCount":4,"timestamp":"2026-03-29 08:46:04","total":4}
{"level":"warn","message":"DWX market data file not found — waiting for MT5 to create it...","timestamp":"2026-03-29 08:46:05"}
{"level":"warn","message":"Price feed has stale data:","staleCount":4,"timestamp":"2026-03-29 08:46:05","total":4}
{"level":"warn","message":"DWX market data file not found — waiting for MT5 to create it...","timestamp":"2026-03-29 08:46:06"}
{"level":"warn","message":"Price feed has stale data:","staleCount":4,"timestamp":"2026-03-29 08:46:06","total":4}
{"level":"warn","message":"DWX file not found — will retry watcher in 5s...","timestamp":"2026-03-29 08:46:06"}
{"level":"warn","message":"DWX market data file not found — waiting for MT5 to create it...","timestamp":"2026-03-29 08:46:07"}
{"level":"warn","message":"Price feed has stale data:","staleCount":4,"timestamp":"2026-03-29 08:46:07","total":4}
{"duration_ms":1,"ip":"::1","level":"http","message":"GET /api/admin/kyc/stale","status":404,"timestamp":"2026-03-29 08:46:07","userAgent":"Mozilla/5.0 (Windows NT 10.0; Win64; x64) AppleWebKit/537.36 (KHTML, like Gecko) Chrome/146.0.0.0 Safari/537.36"}
{"duration_ms":1,"ip":"::1","level":"http","message":"GET /api/admin/kyc/stale","status":404,"timestamp":"2026-03-29 08:46:07","userAgent":"Mozilla/5.0 (Windows NT 10.0; Win64; x64) AppleWebKit/537.36 (KHTML, like Gecko) Chrome/146.0.0.0 Safari/537.36"}
{"level":"warn","message":"DWX market data file not found — waiting for MT5 to create it...","timestamp":"2026-03-29 08:46:08"}
{"level":"warn","message":"Price feed has stale data:","staleCount":4,"timestamp":"2026-03-29 08:46:08","total":4}
{"level":"warn","message":"DWX market data file not found — waiting for MT5 to create it...","timestamp":"2026-03-29 08:46:09"}
{"level":"warn","message":"Price feed has stale data:","staleCount":4,"timestamp":"2026-03-29 08:46:09","total":4}
{"level":"warn","message":"DWX market data file not found — waiting for MT5 to create it...","timestamp":"2026-03-29 08:46:10"}
{"level":"warn","message":"Price feed has stale data:","staleCount":4,"timestamp":"2026-03-29 08:46:10","total":4}
{"level":"warn","message":"DWX market data file not found — waiting for MT5 to create it...","timestamp":"2026-03-29 08:46:11"}
{"level":"warn","message":"Price feed has stale data:","staleCount":4,"timestamp":"2026-03-29 08:46:11","total":4}
{"level":"warn","message":"DWX file not found — will retry watcher in 5s...","timestamp":"2026-03-29 08:46:11"}
{"level":"warn","message":"DWX market data file not found — waiting for MT5 to create it...","timestamp":"2026-03-29 08:46:12"}
{"level":"warn","message":"Price feed has stale data:","staleCount":4,"timestamp":"2026-03-29 08:46:12","total":4}
{"level":"warn","message":"DWX market data file not found — waiting for MT5 to create it...","timestamp":"2026-03-29 08:46:13"}
{"level":"warn","message":"Price feed has stale data:","staleCount":4,"timestamp":"2026-03-29 08:46:13","total":4}
{"level":"warn","message":"DWX market data file not found — waiting for MT5 to create it...","timestamp":"2026-03-29 08:46:14"}
{"level":"warn","message":"Price feed has stale data:","staleCount":4,"timestamp":"2026-03-29 08:46:14","total":4}
{"level":"warn","message":"DWX market data file not found — waiting for MT5 to create it...","timestamp":"2026-03-29 08:46:15"}
{"level":"warn","message":"Price feed has stale data:","staleCount":4,"timestamp":"2026-03-29 08:46:15","total":4}
{"level":"warn","message":"DWX market data file not found — waiting for MT5 to create it...","timestamp":"2026-03-29 08:46:16"}
{"level":"warn","message":"Price feed has stale data:","staleCount":4,"timestamp":"2026-03-29 08:46:16","total":4}
{"level":"warn","message":"DWX file not found — will retry watcher in 5s...","timestamp":"2026-03-29 08:46:16"}
{"level":"warn","message":"DWX market data file not found — waiting for MT5 to create it...","timestamp":"2026-03-29 08:46:17"}
{"level":"warn","message":"Price feed has stale data:","staleCount":4,"timestamp":"2026-03-29 08:46:17","total":4}
{"level":"warn","message":"DWX market data file not found — waiting for MT5 to create it...","timestamp":"2026-03-29 08:46:18"}
{"level":"warn","message":"Price feed has stale data:","staleCount":4,"timestamp":"2026-03-29 08:46:18","total":4}
{"level":"warn","message":"DWX market data file not found — waiting for MT5 to create it...","timestamp":"2026-03-29 08:46:19"}
{"level":"warn","message":"Price feed has stale data:","staleCount":4,"timestamp":"2026-03-29 08:46:19","total":4}
{"level":"warn","message":"DWX market data file not found — waiting for MT5 to create it...","timestamp":"2026-03-29 08:46:20"}
{"level":"warn","message":"Price feed has stale data:","staleCount":4,"timestamp":"2026-03-29 08:46:20","total":4}
{"level":"warn","message":"DWX market data file not found — waiting for MT5 to create it...","timestamp":"2026-03-29 08:46:21"}
{"level":"warn","message":"Price feed has stale data:","staleCount":4,"timestamp":"2026-03-29 08:46:21","total":4}
{"level":"warn","message":"DWX file not found — will retry watcher in 5s...","timestamp":"2026-03-29 08:46:21"}
{"level":"warn","message":"DWX market data file not found — waiting for MT5 to create it...","timestamp":"2026-03-29 08:46:22"}
{"level":"warn","message":"Price feed has stale data:","staleCount":4,"timestamp":"2026-03-29 08:46:22","total":4}
{"level":"warn","message":"DWX market data file not found — waiting for MT5 to create it...","timestamp":"2026-03-29 08:46:23"}
{"level":"warn","message":"Price feed has stale data:","staleCount":4,"timestamp":"2026-03-29 08:46:23","total":4}
{"level":"warn","message":"DWX market data file not found — waiting for MT5 to create it...","timestamp":"2026-03-29 08:46:24"}
{"level":"warn","message":"Price feed has stale data:","staleCount":4,"timestamp":"2026-03-29 08:46:24","total":4}
{"level":"warn","message":"DWX market data file not found — waiting for MT5 to create it...","timestamp":"2026-03-29 08:46:25"}
{"level":"warn","message":"Price feed has stale data:","staleCount":4,"timestamp":"2026-03-29 08:46:25","total":4}
{"level":"warn","message":"DWX market data file not found — waiting for MT5 to create it...","timestamp":"2026-03-29 08:46:26"}
{"level":"warn","message":"Price feed has stale data:","staleCount":4,"timestamp":"2026-03-29 08:46:26","total":4}
{"level":"warn","message":"DWX file not found — will retry watcher in 5s...","timestamp":"2026-03-29 08:46:26"}
{"level":"warn","message":"DWX market data file not found — waiting for MT5 to create it...","timestamp":"2026-03-29 08:46:27"}
{"level":"warn","message":"Price feed has stale data:","staleCount":4,"timestamp":"2026-03-29 08:46:27","total":4}
{"level":"warn","message":"DWX market data file not found — waiting for MT5 to create it...","timestamp":"2026-03-29 08:46:28"}
{"level":"warn","message":"Price feed has stale data:","staleCount":4,"timestamp":"2026-03-29 08:46:28","total":4}
{"level":"warn","message":"DWX market data file not found — waiting for MT5 to create it...","timestamp":"2026-03-29 08:46:29"}
{"level":"warn","message":"Price feed has stale data:","staleCount":4,"timestamp":"2026-03-29 08:46:29","total":4}
{"level":"warn","message":"DWX market data file not found — waiting for MT5 to create it...","timestamp":"2026-03-29 08:46:30"}
{"level":"warn","message":"Price feed has stale data:","staleCount":4,"timestamp":"2026-03-29 08:46:30","total":4}
{"level":"warn","message":"DWX market data file not found — waiting for MT5 to create it...","timestamp":"2026-03-29 08:46:31"}
{"level":"warn","message":"Price feed has stale data:","staleCount":4,"timestamp":"2026-03-29 08:46:31","total":4}
{"level":"warn","message":"DWX file not found — will retry watcher in 5s...","timestamp":"2026-03-29 08:46:31"}
{"level":"warn","message":"DWX market data file not found — waiting for MT5 to create it...","timestamp":"2026-03-29 08:46:32"}
{"level":"warn","message":"Price feed has stale data:","staleCount":4,"timestamp":"2026-03-29 08:46:32","total":4}
{"level":"warn","message":"DWX market data file not found — waiting for MT5 to create it...","timestamp":"2026-03-29 08:46:33"}
{"level":"warn","message":"Price feed has stale data:","staleCount":4,"timestamp":"2026-03-29 08:46:33","total":4}
{"level":"warn","message":"DWX market data file not found — waiting for MT5 to create it...","timestamp":"2026-03-29 08:46:34"}
{"level":"warn","message":"Price feed has stale data:","staleCount":4,"timestamp":"2026-03-29 08:46:34","total":4}
{"level":"warn","message":"DWX market data file not found — waiting for MT5 to create it...","timestamp":"2026-03-29 08:46:35"}
{"level":"warn","message":"Price feed has stale data:","staleCount":4,"timestamp":"2026-03-29 08:46:35","total":4}
{"level":"warn","message":"DWX market data file not found — waiting for MT5 to create it...","timestamp":"2026-03-29 08:46:36"}
{"level":"warn","message":"Price feed has stale data:","staleCount":4,"timestamp":"2026-03-29 08:46:36","total":4}
{"level":"warn","message":"DWX file not found — will retry watcher in 5s...","timestamp":"2026-03-29 08:46:36"}
{"level":"warn","message":"DWX market data file not found — waiting for MT5 to create it...","timestamp":"2026-03-29 08:46:37"}
{"level":"warn","message":"Price feed has stale data:","staleCount":4,"timestamp":"2026-03-29 08:46:37","total":4}
{"level":"warn","message":"DWX market data file not found — waiting for MT5 to create it...","timestamp":"2026-03-29 08:46:38"}
{"level":"warn","message":"Price feed has stale data:","staleCount":4,"timestamp":"2026-03-29 08:46:38","total":4}
{"level":"warn","message":"DWX market data file not found — waiting for MT5 to create it...","timestamp":"2026-03-29 08:46:39"}
{"level":"warn","message":"Price feed has stale data:","staleCount":4,"timestamp":"2026-03-29 08:46:39","total":4}
{"level":"warn","message":"DWX market data file not found — waiting for MT5 to create it...","timestamp":"2026-03-29 08:46:40"}
{"level":"warn","message":"Price feed has stale data:","staleCount":4,"timestamp":"2026-03-29 08:46:40","total":4}
{"level":"warn","message":"DWX market data file not found — waiting for MT5 to create it...","timestamp":"2026-03-29 08:46:41"}
{"level":"warn","message":"Price feed has stale data:","staleCount":4,"timestamp":"2026-03-29 08:46:41","total":4}
{"level":"warn","message":"DWX file not found — will retry watcher in 5s...","timestamp":"2026-03-29 08:46:41"}
{"level":"warn","message":"DWX market data file not found — waiting for MT5 to create it...","timestamp":"2026-03-29 08:46:42"}
{"level":"warn","message":"Price feed has stale data:","staleCount":4,"timestamp":"2026-03-29 08:46:42","total":4}
{"level":"warn","message":"DWX market data file not found — waiting for MT5 to create it...","timestamp":"2026-03-29 08:46:43"}
{"level":"warn","message":"Price feed has stale data:","staleCount":4,"timestamp":"2026-03-29 08:46:43","total":4}
{"level":"warn","message":"DWX market data file not found — waiting for MT5 to create it...","timestamp":"2026-03-29 08:46:44"}
{"level":"warn","message":"Price feed has stale data:","staleCount":4,"timestamp":"2026-03-29 08:46:44","total":4}
{"level":"warn","message":"DWX market data file not found — waiting for MT5 to create it...","timestamp":"2026-03-29 08:46:45"}
{"level":"warn","message":"Price feed has stale data:","staleCount":4,"timestamp":"2026-03-29 08:46:45","total":4}
{"level":"warn","message":"DWX market data file not found — waiting for MT5 to create it...","timestamp":"2026-03-29 08:46:46"}
{"level":"warn","message":"Price feed has stale data:","staleCount":4,"timestamp":"2026-03-29 08:46:46","total":4}
{"level":"warn","message":"DWX file not found — will retry watcher in 5s...","timestamp":"2026-03-29 08:46:46"}
{"level":"warn","message":"DWX market data file not found — waiting for MT5 to create it...","timestamp":"2026-03-29 08:46:47"}
{"level":"warn","message":"Price feed has stale data:","staleCount":4,"timestamp":"2026-03-29 08:46:47","total":4}
{"level":"warn","message":"DWX market data file not found — waiting for MT5 to create it...","timestamp":"2026-03-29 08:46:48"}
{"level":"warn","message":"Price feed has stale data:","staleCount":4,"timestamp":"2026-03-29 08:46:48","total":4}
{"level":"warn","message":"DWX market data file not found — waiting for MT5 to create it...","timestamp":"2026-03-29 08:46:49"}
{"level":"warn","message":"Price feed has stale data:","staleCount":4,"timestamp":"2026-03-29 08:46:49","total":4}
{"level":"warn","message":"DWX market data file not found — waiting for MT5 to create it...","timestamp":"2026-03-29 08:46:50"}
{"level":"warn","message":"Price feed has stale data:","staleCount":4,"timestamp":"2026-03-29 08:46:50","total":4}
{"level":"warn","message":"DWX market data file not found — waiting for MT5 to create it...","timestamp":"2026-03-29 08:46:51"}
{"level":"warn","message":"Price feed has stale data:","staleCount":4,"timestamp":"2026-03-29 08:46:51","total":4}
{"level":"warn","message":"DWX file not found — will retry watcher in 5s...","timestamp":"2026-03-29 08:46:51"}
{"level":"warn","message":"DWX market data file not found — waiting for MT5 to create it...","timestamp":"2026-03-29 08:46:52"}
{"level":"warn","message":"Price feed has stale data:","staleCount":4,"timestamp":"2026-03-29 08:46:52","total":4}
{"level":"warn","message":"DWX market data file not found — waiting for MT5 to create it...","timestamp":"2026-03-29 08:46:53"}
{"level":"warn","message":"Price feed has stale data:","staleCount":4,"timestamp":"2026-03-29 08:46:53","total":4}
{"level":"warn","message":"DWX market data file not found — waiting for MT5 to create it...","timestamp":"2026-03-29 08:46:54"}
{"level":"warn","message":"Price feed has stale data:","staleCount":4,"timestamp":"2026-03-29 08:46:54","total":4}
{"level":"warn","message":"DWX market data file not found — waiting for MT5 to create it...","timestamp":"2026-03-29 08:46:55"}
{"level":"warn","message":"Price feed has stale data:","staleCount":4,"timestamp":"2026-03-29 08:46:55","total":4}
{"level":"warn","message":"DWX market data file not found — waiting for MT5 to create it...","timestamp":"2026-03-29 08:46:56"}
{"level":"warn","message":"Price feed has stale data:","staleCount":4,"timestamp":"2026-03-29 08:46:56","total":4}
{"level":"warn","message":"DWX file not found — will retry watcher in 5s...","timestamp":"2026-03-29 08:46:56"}
{"level":"warn","message":"DWX market data file not found — waiting for MT5 to create it...","timestamp":"2026-03-29 08:46:57"}
{"level":"warn","message":"Price feed has stale data:","staleCount":4,"timestamp":"2026-03-29 08:46:57","total":4}
{"level":"warn","message":"DWX market data file not found — waiting for MT5 to create it...","timestamp":"2026-03-29 08:46:58"}
{"level":"warn","message":"Price feed has stale data:","staleCount":4,"timestamp":"2026-03-29 08:46:58","total":4}
{"level":"warn","message":"DWX market data file not found — waiting for MT5 to create it...","timestamp":"2026-03-29 08:46:59"}
{"level":"warn","message":"Price feed has stale data:","staleCount":4,"timestamp":"2026-03-29 08:46:59","total":4}
{"level":"warn","message":"DWX market data file not found — waiting for MT5 to create it...","timestamp":"2026-03-29 08:47:00"}
{"level":"warn","message":"Price feed has stale data:","staleCount":4,"timestamp":"2026-03-29 08:47:00","total":4}
{"level":"warn","message":"DWX market data file not found — waiting for MT5 to create it...","timestamp":"2026-03-29 08:47:01"}
{"level":"warn","message":"Price feed has stale data:","staleCount":4,"timestamp":"2026-03-29 08:47:01","total":4}
{"level":"warn","message":"DWX file not found — will retry watcher in 5s...","timestamp":"2026-03-29 08:47:01"}
{"level":"warn","message":"DWX market data file not found — waiting for MT5 to create it...","timestamp":"2026-03-29 08:47:02"}
{"level":"warn","message":"Price feed has stale data:","staleCount":4,"timestamp":"2026-03-29 08:47:02","total":4}
{"level":"warn","message":"DWX market data file not found — waiting for MT5 to create it...","timestamp":"2026-03-29 08:47:03"}
{"level":"warn","message":"Price feed has stale data:","staleCount":4,"timestamp":"2026-03-29 08:47:03","total":4}
{"level":"warn","message":"DWX market data file not found — waiting for MT5 to create it...","timestamp":"2026-03-29 08:47:04"}
{"level":"warn","message":"Price feed has stale data:","staleCount":4,"timestamp":"2026-03-29 08:47:04","total":4}
{"level":"warn","message":"DWX market data file not found — waiting for MT5 to create it...","timestamp":"2026-03-29 08:47:05"}
{"level":"warn","message":"Price feed has stale data:","staleCount":4,"timestamp":"2026-03-29 08:47:05","total":4}
{"level":"warn","message":"DWX market data file not found — waiting for MT5 to create it...","timestamp":"2026-03-29 08:47:06"}
{"level":"warn","message":"DWX file not found — will retry watcher in 5s...","timestamp":"2026-03-29 08:47:06"}
{"level":"warn","message":"Price feed has stale data:","staleCount":4,"timestamp":"2026-03-29 08:47:06","total":4}
{"level":"warn","message":"DWX market data file not found — waiting for MT5 to create it...","timestamp":"2026-03-29 08:47:07"}
{"level":"warn","message":"Price feed has stale data:","staleCount":4,"timestamp":"2026-03-29 08:47:07","total":4}
{"level":"warn","message":"DWX market data file not found — waiting for MT5 to create it...","timestamp":"2026-03-29 08:47:08"}
{"level":"warn","message":"Price feed has stale data:","staleCount":4,"timestamp":"2026-03-29 08:47:08","total":4}
{"level":"warn","message":"DWX market data file not found — waiting for MT5 to create it...","timestamp":"2026-03-29 08:47:09"}
{"level":"warn","message":"Price feed has stale data:","staleCount":4,"timestamp":"2026-03-29 08:47:09","total":4}
{"level":"warn","message":"DWX market data file not found — waiting for MT5 to create it...","timestamp":"2026-03-29 08:47:10"}
{"level":"warn","message":"Price feed has stale data:","staleCount":4,"timestamp":"2026-03-29 08:47:10","total":4}
{"level":"warn","message":"DWX file not found — will retry watcher in 5s...","timestamp":"2026-03-29 08:47:11"}
{"level":"warn","message":"DWX market data file not found — waiting for MT5 to create it...","timestamp":"2026-03-29 08:47:11"}
{"level":"warn","message":"Price feed has stale data:","staleCount":4,"timestamp":"2026-03-29 08:47:11","total":4}
{"level":"warn","message":"DWX market data file not found — waiting for MT5 to create it...","timestamp":"2026-03-29 08:47:12"}
{"level":"warn","message":"Price feed has stale data:","staleCount":4,"timestamp":"2026-03-29 08:47:12","total":4}
{"level":"warn","message":"DWX market data file not found — waiting for MT5 to create it...","timestamp":"2026-03-29 08:47:13"}
{"level":"warn","message":"Price feed has stale data:","staleCount":4,"timestamp":"2026-03-29 08:47:13","total":4}
{"level":"warn","message":"DWX market data file not found — waiting for MT5 to create it...","timestamp":"2026-03-29 08:47:14"}
{"level":"warn","message":"Price feed has stale data:","staleCount":4,"timestamp":"2026-03-29 08:47:14","total":4}
{"level":"warn","message":"DWX market data file not found — waiting for MT5 to create it...","timestamp":"2026-03-29 08:47:15"}
{"level":"warn","message":"Price feed has stale data:","staleCount":4,"timestamp":"2026-03-29 08:47:15","total":4}
{"level":"warn","message":"DWX file not found — will retry watcher in 5s...","timestamp":"2026-03-29 08:47:16"}
{"level":"warn","message":"DWX market data file not found — waiting for MT5 to create it...","timestamp":"2026-03-29 08:47:16"}
{"level":"warn","message":"Price feed has stale data:","staleCount":4,"timestamp":"2026-03-29 08:47:16","total":4}
{"level":"warn","message":"DWX market data file not found — waiting for MT5 to create it...","timestamp":"2026-03-29 08:47:17"}
{"level":"warn","message":"Price feed has stale data:","staleCount":4,"timestamp":"2026-03-29 08:47:17","total":4}
{"level":"warn","message":"DWX market data file not found — waiting for MT5 to create it...","timestamp":"2026-03-29 08:47:18"}
{"level":"warn","message":"Price feed has stale data:","staleCount":4,"timestamp":"2026-03-29 08:47:18","total":4}
{"level":"warn","message":"DWX market data file not found — waiting for MT5 to create it...","timestamp":"2026-03-29 08:47:19"}
{"level":"warn","message":"Price feed has stale data:","staleCount":4,"timestamp":"2026-03-29 08:47:19","total":4}
{"level":"warn","message":"DWX market data file not found — waiting for MT5 to create it...","timestamp":"2026-03-29 08:47:20"}
{"level":"warn","message":"Price feed has stale data:","staleCount":4,"timestamp":"2026-03-29 08:47:20","total":4}
{"level":"warn","message":"DWX file not found — will retry watcher in 5s...","timestamp":"2026-03-29 08:47:21"}
{"level":"warn","message":"DWX market data file not found — waiting for MT5 to create it...","timestamp":"2026-03-29 08:47:21"}
{"level":"warn","message":"Price feed has stale data:","staleCount":4,"timestamp":"2026-03-29 08:47:21","total":4}
{"level":"warn","message":"DWX market data file not found — waiting for MT5 to create it...","timestamp":"2026-03-29 08:47:22"}
{"level":"warn","message":"Price feed has stale data:","staleCount":4,"timestamp":"2026-03-29 08:47:22","total":4}
{"level":"warn","message":"DWX market data file not found — waiting for MT5 to create it...","timestamp":"2026-03-29 08:47:23"}
{"level":"warn","message":"Price feed has stale data:","staleCount":4,"timestamp":"2026-03-29 08:47:23","total":4}
{"level":"warn","message":"DWX market data file not found — waiting for MT5 to create it...","timestamp":"2026-03-29 08:47:24"}
{"level":"warn","message":"Price feed has stale data:","staleCount":4,"timestamp":"2026-03-29 08:47:24","total":4}
{"level":"warn","message":"DWX market data file not found — waiting for MT5 to create it...","timestamp":"2026-03-29 08:47:25"}
{"level":"warn","message":"Price feed has stale data:","staleCount":4,"timestamp":"2026-03-29 08:47:25","total":4}
{"level":"warn","message":"DWX file not found — will retry watcher in 5s...","timestamp":"2026-03-29 08:47:26"}
{"level":"warn","message":"DWX market data file not found — waiting for MT5 to create it...","timestamp":"2026-03-29 08:47:26"}
{"level":"warn","message":"Price feed has stale data:","staleCount":4,"timestamp":"2026-03-29 08:47:26","total":4}
{"level":"warn","message":"DWX market data file not found — waiting for MT5 to create it...","timestamp":"2026-03-29 08:47:27"}
{"level":"warn","message":"Price feed has stale data:","staleCount":4,"timestamp":"2026-03-29 08:47:27","total":4}
{"level":"warn","message":"DWX market data file not found — waiting for MT5 to create it...","timestamp":"2026-03-29 08:47:28"}
{"level":"warn","message":"Price feed has stale data:","staleCount":4,"timestamp":"2026-03-29 08:47:28","total":4}
{"level":"warn","message":"DWX market data file not found — waiting for MT5 to create it...","timestamp":"2026-03-29 08:47:29"}
{"level":"warn","message":"Price feed has stale data:","staleCount":4,"timestamp":"2026-03-29 08:47:29","total":4}
{"level":"warn","message":"DWX market data file not found — waiting for MT5 to create it...","timestamp":"2026-03-29 08:47:30"}
{"level":"warn","message":"Price feed has stale data:","staleCount":4,"timestamp":"2026-03-29 08:47:30","total":4}
{"level":"warn","message":"DWX file not found — will retry watcher in 5s...","timestamp":"2026-03-29 08:47:31"}
{"level":"warn","message":"DWX market data file not found — waiting for MT5 to create it...","timestamp":"2026-03-29 08:47:31"}
{"level":"warn","message":"Price feed has stale data:","staleCount":4,"timestamp":"2026-03-29 08:47:31","total":4}
{"level":"warn","message":"DWX market data file not found — waiting for MT5 to create it...","timestamp":"2026-03-29 08:47:32"}
{"level":"warn","message":"Price feed has stale data:","staleCount":4,"timestamp":"2026-03-29 08:47:32","total":4}
{"level":"warn","message":"DWX market data file not found — waiting for MT5 to create it...","timestamp":"2026-03-29 08:47:33"}
{"level":"warn","message":"Price feed has stale data:","staleCount":4,"timestamp":"2026-03-29 08:47:33","total":4}
{"level":"warn","message":"DWX market data file not found — waiting for MT5 to create it...","timestamp":"2026-03-29 08:47:34"}
{"level":"warn","message":"Price feed has stale data:","staleCount":4,"timestamp":"2026-03-29 08:47:34","total":4}
{"level":"warn","message":"DWX market data file not found — waiting for MT5 to create it...","timestamp":"2026-03-29 08:47:35"}
{"level":"warn","message":"Price feed has stale data:","staleCount":4,"timestamp":"2026-03-29 08:47:35","total":4}
{"level":"warn","message":"DWX file not found — will retry watcher in 5s...","timestamp":"2026-03-29 08:47:36"}
{"level":"warn","message":"DWX market data file not found — waiting for MT5 to create it...","timestamp":"2026-03-29 08:47:36"}
{"level":"warn","message":"Price feed has stale data:","staleCount":4,"timestamp":"2026-03-29 08:47:36","total":4}
{"level":"warn","message":"DWX market data file not found — waiting for MT5 to create it...","timestamp":"2026-03-29 08:47:37"}
{"level":"warn","message":"Price feed has stale data:","staleCount":4,"timestamp":"2026-03-29 08:47:37","total":4}
{"level":"warn","message":"DWX market data file not found — waiting for MT5 to create it...","timestamp":"2026-03-29 08:47:38"}
{"level":"warn","message":"Price feed has stale data:","staleCount":4,"timestamp":"2026-03-29 08:47:38","total":4}
{"level":"warn","message":"DWX market data file not found — waiting for MT5 to create it...","timestamp":"2026-03-29 08:47:39"}
{"level":"warn","message":"Price feed has stale data:","staleCount":4,"timestamp":"2026-03-29 08:47:39","total":4}
{"level":"warn","message":"DWX market data file not found — waiting for MT5 to create it...","timestamp":"2026-03-29 08:47:40"}
{"level":"warn","message":"Price feed has stale data:","staleCount":4,"timestamp":"2026-03-29 08:47:40","total":4}
{"level":"warn","message":"DWX file not found — will retry watcher in 5s...","timestamp":"2026-03-29 08:47:41"}
{"level":"warn","message":"DWX market data file not found — waiting for MT5 to create it...","timestamp":"2026-03-29 08:47:41"}
{"level":"warn","message":"Price feed has stale data:","staleCount":4,"timestamp":"2026-03-29 08:47:41","total":4}
{"level":"warn","message":"DWX market data file not found — waiting for MT5 to create it...","timestamp":"2026-03-29 08:47:42"}
{"level":"warn","message":"Price feed has stale data:","staleCount":4,"timestamp":"2026-03-29 08:47:42","total":4}
{"level":"warn","message":"DWX market data file not found — waiting for MT5 to create it...","timestamp":"2026-03-29 08:47:43"}
{"level":"warn","message":"Price feed has stale data:","staleCount":4,"timestamp":"2026-03-29 08:47:43","total":4}
{"level":"warn","message":"DWX market data file not found — waiting for MT5 to create it...","timestamp":"2026-03-29 08:47:44"}
{"level":"warn","message":"Price feed has stale data:","staleCount":4,"timestamp":"2026-03-29 08:47:44","total":4}
{"level":"warn","message":"DWX market data file not found — waiting for MT5 to create it...","timestamp":"2026-03-29 08:47:45"}
{"level":"warn","message":"Price feed has stale data:","staleCount":4,"timestamp":"2026-03-29 08:47:45","total":4}
{"level":"warn","message":"DWX file not found — will retry watcher in 5s...","timestamp":"2026-03-29 08:47:46"}
{"level":"warn","message":"DWX market data file not found — waiting for MT5 to create it...","timestamp":"2026-03-29 08:47:46"}
{"level":"warn","message":"Price feed has stale data:","staleCount":4,"timestamp":"2026-03-29 08:47:46","total":4}
{"level":"warn","message":"DWX market data file not found — waiting for MT5 to create it...","timestamp":"2026-03-29 08:47:47"}
{"level":"warn","message":"Price feed has stale data:","staleCount":4,"timestamp":"2026-03-29 08:47:47","total":4}
{"level":"warn","message":"DWX market data file not found — waiting for MT5 to create it...","timestamp":"2026-03-29 08:47:48"}
{"level":"warn","message":"Price feed has stale data:","staleCount":4,"timestamp":"2026-03-29 08:47:48","total":4}
{"level":"warn","message":"DWX market data file not found — waiting for MT5 to create it...","timestamp":"2026-03-29 08:47:49"}
{"level":"warn","message":"Price feed has stale data:","staleCount":4,"timestamp":"2026-03-29 08:47:49","total":4}
{"level":"warn","message":"DWX market data file not found — waiting for MT5 to create it...","timestamp":"2026-03-29 08:47:50"}
{"level":"warn","message":"Price feed has stale data:","staleCount":4,"timestamp":"2026-03-29 08:47:50","total":4}
{"level":"warn","message":"DWX file not found — will retry watcher in 5s...","timestamp":"2026-03-29 08:47:51"}
{"level":"warn","message":"DWX market data file not found — waiting for MT5 to create it...","timestamp":"2026-03-29 08:47:51"}
{"level":"warn","message":"Price feed has stale data:","staleCount":4,"timestamp":"2026-03-29 08:47:51","total":4}
{"level":"warn","message":"DWX market data file not found — waiting for MT5 to create it...","timestamp":"2026-03-29 08:47:52"}
{"level":"warn","message":"Price feed has stale data:","staleCount":4,"timestamp":"2026-03-29 08:47:52","total":4}
{"level":"warn","message":"DWX market data file not found — waiting for MT5 to create it...","timestamp":"2026-03-29 08:47:53"}
{"level":"warn","message":"Price feed has stale data:","staleCount":4,"timestamp":"2026-03-29 08:47:53","total":4}
{"level":"warn","message":"DWX market data file not found — waiting for MT5 to create it...","timestamp":"2026-03-29 08:47:54"}
{"level":"warn","message":"Price feed has stale data:","staleCount":4,"timestamp":"2026-03-29 08:47:54","total":4}
{"level":"warn","message":"DWX market data file not found — waiting for MT5 to create it...","timestamp":"2026-03-29 08:47:55"}
{"level":"warn","message":"Price feed has stale data:","staleCount":4,"timestamp":"2026-03-29 08:47:55","total":4}
{"level":"warn","message":"DWX file not found — will retry watcher in 5s...","timestamp":"2026-03-29 08:47:56"}
{"level":"warn","message":"DWX market data file not found — waiting for MT5 to create it...","timestamp":"2026-03-29 08:47:56"}
{"level":"warn","message":"Price feed has stale data:","staleCount":4,"timestamp":"2026-03-29 08:47:56","total":4}
{"level":"warn","message":"DWX market data file not found — waiting for MT5 to create it...","timestamp":"2026-03-29 08:47:57"}
{"level":"warn","message":"Price feed has stale data:","staleCount":4,"timestamp":"2026-03-29 08:47:57","total":4}
{"level":"warn","message":"DWX market data file not found — waiting for MT5 to create it...","timestamp":"2026-03-29 08:47:58"}
{"level":"warn","message":"Price feed has stale data:","staleCount":4,"timestamp":"2026-03-29 08:47:58","total":4}
{"level":"warn","message":"DWX market data file not found — waiting for MT5 to create it...","timestamp":"2026-03-29 08:47:59"}
{"level":"warn","message":"Price feed has stale data:","staleCount":4,"timestamp":"2026-03-29 08:47:59","total":4}
{"level":"warn","message":"DWX market data file not found — waiting for MT5 to create it...","timestamp":"2026-03-29 08:48:00"}
{"level":"warn","message":"Price feed has stale data:","staleCount":4,"timestamp":"2026-03-29 08:48:00","total":4}
{"level":"warn","message":"DWX file not found — will retry watcher in 5s...","timestamp":"2026-03-29 08:48:01"}
{"level":"warn","message":"DWX market data file not found — waiting for MT5 to create it...","timestamp":"2026-03-29 08:48:01"}
{"level":"warn","message":"Price feed has stale data:","staleCount":4,"timestamp":"2026-03-29 08:48:01","total":4}
{"level":"warn","message":"DWX market data file not found — waiting for MT5 to create it...","timestamp":"2026-03-29 08:48:02"}
{"level":"warn","message":"Price feed has stale data:","staleCount":4,"timestamp":"2026-03-29 08:48:02","total":4}
{"level":"warn","message":"DWX market data file not found — waiting for MT5 to create it...","timestamp":"2026-03-29 08:48:03"}
{"level":"warn","message":"Price feed has stale data:","staleCount":4,"timestamp":"2026-03-29 08:48:03","total":4}
{"level":"warn","message":"DWX market data file not found — waiting for MT5 to create it...","timestamp":"2026-03-29 08:48:04"}
{"level":"warn","message":"Price feed has stale data:","staleCount":4,"timestamp":"2026-03-29 08:48:04","total":4}
{"level":"warn","message":"DWX market data file not found — waiting for MT5 to create it...","timestamp":"2026-03-29 08:48:05"}
{"level":"warn","message":"Price feed has stale data:","staleCount":4,"timestamp":"2026-03-29 08:48:05","total":4}
{"level":"warn","message":"DWX file not found — will retry watcher in 5s...","timestamp":"2026-03-29 08:48:06"}
{"level":"warn","message":"DWX market data file not found — waiting for MT5 to create it...","timestamp":"2026-03-29 08:48:06"}
{"level":"warn","message":"Price feed has stale data:","staleCount":4,"timestamp":"2026-03-29 08:48:06","total":4}
{"level":"warn","message":"DWX market data file not found — waiting for MT5 to create it...","timestamp":"2026-03-29 08:48:07"}
{"level":"warn","message":"Price feed has stale data:","staleCount":4,"timestamp":"2026-03-29 08:48:07","total":4}
{"level":"warn","message":"DWX market data file not found — waiting for MT5 to create it...","timestamp":"2026-03-29 08:48:08"}
{"level":"warn","message":"Price feed has stale data:","staleCount":4,"timestamp":"2026-03-29 08:48:08","total":4}
{"level":"warn","message":"DWX market data file not found — waiting for MT5 to create it...","timestamp":"2026-03-29 08:48:09"}
{"level":"warn","message":"Price feed has stale data:","staleCount":4,"timestamp":"2026-03-29 08:48:09","total":4}
{"level":"warn","message":"DWX market data file not found — waiting for MT5 to create it...","timestamp":"2026-03-29 08:48:10"}
{"level":"warn","message":"Price feed has stale data:","staleCount":4,"timestamp":"2026-03-29 08:48:10","total":4}
{"level":"warn","message":"DWX file not found — will retry watcher in 5s...","timestamp":"2026-03-29 08:48:11"}
{"level":"warn","message":"DWX market data file not found — waiting for MT5 to create it...","timestamp":"2026-03-29 08:48:12"}
{"level":"warn","message":"Price feed has stale data:","staleCount":4,"timestamp":"2026-03-29 08:48:12","total":4}
{"level":"warn","message":"DWX market data file not found — waiting for MT5 to create it...","timestamp":"2026-03-29 08:48:13"}
{"level":"warn","message":"Price feed has stale data:","staleCount":4,"timestamp":"2026-03-29 08:48:13","total":4}
{"level":"warn","message":"DWX market data file not found — waiting for MT5 to create it...","timestamp":"2026-03-29 08:48:14"}
{"level":"warn","message":"Price feed has stale data:","staleCount":4,"timestamp":"2026-03-29 08:48:14","total":4}
{"level":"warn","message":"DWX market data file not found — waiting for MT5 to create it...","timestamp":"2026-03-29 08:48:15"}
{"level":"warn","message":"Price feed has stale data:","staleCount":4,"timestamp":"2026-03-29 08:48:15","total":4}
{"level":"warn","message":"DWX market data file not found — waiting for MT5 to create it...","timestamp":"2026-03-29 08:48:16"}
{"level":"warn","message":"Price feed has stale data:","staleCount":4,"timestamp":"2026-03-29 08:48:16","total":4}
{"level":"warn","message":"DWX file not found — will retry watcher in 5s...","timestamp":"2026-03-29 08:48:16"}
{"level":"warn","message":"DWX market data file not found — waiting for MT5 to create it...","timestamp":"2026-03-29 08:48:17"}
{"level":"warn","message":"Price feed has stale data:","staleCount":4,"timestamp":"2026-03-29 08:48:17","total":4}
{"level":"warn","message":"DWX market data file not found — waiting for MT5 to create it...","timestamp":"2026-03-29 08:48:18"}
{"level":"warn","message":"Price feed has stale data:","staleCount":4,"timestamp":"2026-03-29 08:48:18","total":4}
{"level":"warn","message":"DWX market data file not found — waiting for MT5 to create it...","timestamp":"2026-03-29 08:48:19"}
{"level":"warn","message":"Price feed has stale data:","staleCount":4,"timestamp":"2026-03-29 08:48:19","total":4}
{"level":"warn","message":"DWX market data file not found — waiting for MT5 to create it...","timestamp":"2026-03-29 08:48:20"}
{"level":"warn","message":"Price feed has stale data:","staleCount":4,"timestamp":"2026-03-29 08:48:20","total":4}
{"level":"warn","message":"DWX market data file not found — waiting for MT5 to create it...","timestamp":"2026-03-29 08:48:21"}
{"level":"warn","message":"Price feed has stale data:","staleCount":4,"timestamp":"2026-03-29 08:48:21","total":4}
{"level":"warn","message":"DWX file not found — will retry watcher in 5s...","timestamp":"2026-03-29 08:48:21"}
{"level":"warn","message":"DWX market data file not found — waiting for MT5 to create it...","timestamp":"2026-03-29 08:48:22"}
{"level":"warn","message":"Price feed has stale data:","staleCount":4,"timestamp":"2026-03-29 08:48:22","total":4}
{"level":"warn","message":"DWX market data file not found — waiting for MT5 to create it...","timestamp":"2026-03-29 08:48:23"}
{"level":"warn","message":"Price feed has stale data:","staleCount":4,"timestamp":"2026-03-29 08:48:23","total":4}
{"level":"warn","message":"DWX market data file not found — waiting for MT5 to create it...","timestamp":"2026-03-29 08:48:24"}
{"level":"warn","message":"Price feed has stale data:","staleCount":4,"timestamp":"2026-03-29 08:48:24","total":4}
{"level":"warn","message":"DWX market data file not found — waiting for MT5 to create it...","timestamp":"2026-03-29 08:48:25"}
{"level":"warn","message":"Price feed has stale data:","staleCount":4,"timestamp":"2026-03-29 08:48:25","total":4}
{"level":"warn","message":"DWX market data file not found — waiting for MT5 to create it...","timestamp":"2026-03-29 08:48:26"}
{"level":"warn","message":"Price feed has stale data:","staleCount":4,"timestamp":"2026-03-29 08:48:26","total":4}
{"level":"warn","message":"DWX file not found — will retry watcher in 5s...","timestamp":"2026-03-29 08:48:26"}
{"level":"warn","message":"DWX market data file not found — waiting for MT5 to create it...","timestamp":"2026-03-29 08:48:27"}
{"level":"warn","message":"Price feed has stale data:","staleCount":4,"timestamp":"2026-03-29 08:48:27","total":4}
{"level":"warn","message":"DWX market data file not found — waiting for MT5 to create it...","timestamp":"2026-03-29 08:48:28"}
{"level":"warn","message":"Price feed has stale data:","staleCount":4,"timestamp":"2026-03-29 08:48:28","total":4}
{"level":"warn","message":"DWX market data file not found — waiting for MT5 to create it...","timestamp":"2026-03-29 08:48:29"}
{"level":"warn","message":"Price feed has stale data:","staleCount":4,"timestamp":"2026-03-29 08:48:29","total":4}
{"level":"warn","message":"DWX market data file not found — waiting for MT5 to create it...","timestamp":"2026-03-29 08:48:30"}
{"level":"warn","message":"Price feed has stale data:","staleCount":4,"timestamp":"2026-03-29 08:48:30","total":4}
{"level":"warn","message":"DWX market data file not found — waiting for MT5 to create it...","timestamp":"2026-03-29 08:48:31"}
{"level":"warn","message":"Price feed has stale data:","staleCount":4,"timestamp":"2026-03-29 08:48:31","total":4}
{"level":"warn","message":"DWX file not found — will retry watcher in 5s...","timestamp":"2026-03-29 08:48:31"}
{"level":"warn","message":"DWX market data file not found — waiting for MT5 to create it...","timestamp":"2026-03-29 08:48:32"}
{"level":"warn","message":"Price feed has stale data:","staleCount":4,"timestamp":"2026-03-29 08:48:32","total":4}
{"level":"warn","message":"DWX market data file not found — waiting for MT5 to create it...","timestamp":"2026-03-29 08:48:33"}
{"level":"warn","message":"Price feed has stale data:","staleCount":4,"timestamp":"2026-03-29 08:48:33","total":4}
{"level":"warn","message":"DWX market data file not found — waiting for MT5 to create it...","timestamp":"2026-03-29 08:48:34"}
{"level":"warn","message":"Price feed has stale data:","staleCount":4,"timestamp":"2026-03-29 08:48:34","total":4}
{"level":"warn","message":"DWX market data file not found — waiting for MT5 to create it...","timestamp":"2026-03-29 08:48:35"}
{"level":"warn","message":"Price feed has stale data:","staleCount":4,"timestamp":"2026-03-29 08:48:35","total":4}
{"level":"warn","message":"DWX market data file not found — waiting for MT5 to create it...","timestamp":"2026-03-29 08:48:36"}
{"level":"warn","message":"Price feed has stale data:","staleCount":4,"timestamp":"2026-03-29 08:48:36","total":4}
{"level":"warn","message":"DWX file not found — will retry watcher in 5s...","timestamp":"2026-03-29 08:48:36"}
{"level":"warn","message":"DWX market data file not found — waiting for MT5 to create it...","timestamp":"2026-03-29 08:48:37"}
{"level":"warn","message":"Price feed has stale data:","staleCount":4,"timestamp":"2026-03-29 08:48:37","total":4}
{"level":"warn","message":"DWX market data file not found — waiting for MT5 to create it...","timestamp":"2026-03-29 08:48:38"}
{"level":"warn","message":"Price feed has stale data:","staleCount":4,"timestamp":"2026-03-29 08:48:38","total":4}
{"level":"warn","message":"DWX market data file not found — waiting for MT5 to create it...","timestamp":"2026-03-29 08:48:39"}
{"level":"warn","message":"Price feed has stale data:","staleCount":4,"timestamp":"2026-03-29 08:48:39","total":4}
{"level":"warn","message":"DWX market data file not found — waiting for MT5 to create it...","timestamp":"2026-03-29 08:48:40"}
{"level":"warn","message":"Price feed has stale data:","staleCount":4,"timestamp":"2026-03-29 08:48:40","total":4}
{"level":"warn","message":"DWX market data file not found — waiting for MT5 to create it...","timestamp":"2026-03-29 08:48:41"}
{"level":"warn","message":"Price feed has stale data:","staleCount":4,"timestamp":"2026-03-29 08:48:41","total":4}
{"level":"warn","message":"DWX file not found — will retry watcher in 5s...","timestamp":"2026-03-29 08:48:41"}
{"level":"warn","message":"DWX market data file not found — waiting for MT5 to create it...","timestamp":"2026-03-29 08:48:42"}
{"level":"warn","message":"Price feed has stale data:","staleCount":4,"timestamp":"2026-03-29 08:48:42","total":4}
{"level":"warn","message":"DWX market data file not found — waiting for MT5 to create it...","timestamp":"2026-03-29 08:48:43"}
{"level":"warn","message":"Price feed has stale data:","staleCount":4,"timestamp":"2026-03-29 08:48:43","total":4}
{"level":"warn","message":"DWX market data file not found — waiting for MT5 to create it...","timestamp":"2026-03-29 08:48:44"}
{"level":"warn","message":"Price feed has stale data:","staleCount":4,"timestamp":"2026-03-29 08:48:44","total":4}
{"level":"warn","message":"DWX market data file not found — waiting for MT5 to create it...","timestamp":"2026-03-29 08:48:45"}
{"level":"warn","message":"Price feed has stale data:","staleCount":4,"timestamp":"2026-03-29 08:48:45","total":4}
{"level":"warn","message":"DWX market data file not found — waiting for MT5 to create it...","timestamp":"2026-03-29 08:48:46"}
{"level":"warn","message":"Price feed has stale data:","staleCount":4,"timestamp":"2026-03-29 08:48:46","total":4}
{"level":"warn","message":"DWX file not found — will retry watcher in 5s...","timestamp":"2026-03-29 08:48:46"}
{"level":"warn","message":"DWX market data file not found — waiting for MT5 to create it...","timestamp":"2026-03-29 08:48:47"}
{"level":"warn","message":"Price feed has stale data:","staleCount":4,"timestamp":"2026-03-29 08:48:47","total":4}
{"level":"warn","message":"DWX market data file not found — waiting for MT5 to create it...","timestamp":"2026-03-29 08:48:48"}
{"level":"warn","message":"Price feed has stale data:","staleCount":4,"timestamp":"2026-03-29 08:48:48","total":4}
{"level":"warn","message":"DWX market data file not found — waiting for MT5 to create it...","timestamp":"2026-03-29 08:48:49"}
{"level":"warn","message":"Price feed has stale data:","staleCount":4,"timestamp":"2026-03-29 08:48:49","total":4}
{"level":"warn","message":"DWX market data file not found — waiting for MT5 to create it...","timestamp":"2026-03-29 08:48:50"}
{"level":"warn","message":"Price feed has stale data:","staleCount":4,"timestamp":"2026-03-29 08:48:50","total":4}
{"level":"warn","message":"DWX market data file not found — waiting for MT5 to create it...","timestamp":"2026-03-29 08:48:51"}
{"level":"warn","message":"Price feed has stale data:","staleCount":4,"timestamp":"2026-03-29 08:48:51","total":4}
{"level":"warn","message":"DWX file not found — will retry watcher in 5s...","timestamp":"2026-03-29 08:48:51"}
{"level":"warn","message":"DWX market data file not found — waiting for MT5 to create it...","timestamp":"2026-03-29 08:48:52"}
{"level":"warn","message":"Price feed has stale data:","staleCount":4,"timestamp":"2026-03-29 08:48:52","total":4}
{"level":"warn","message":"DWX market data file not found — waiting for MT5 to create it...","timestamp":"2026-03-29 08:48:53"}
{"level":"warn","message":"Price feed has stale data:","staleCount":4,"timestamp":"2026-03-29 08:48:53","total":4}
{"level":"warn","message":"DWX market data file not found — waiting for MT5 to create it...","timestamp":"2026-03-29 08:48:54"}
{"level":"warn","message":"Price feed has stale data:","staleCount":4,"timestamp":"2026-03-29 08:48:54","total":4}
{"level":"warn","message":"DWX market data file not found — waiting for MT5 to create it...","timestamp":"2026-03-29 08:48:55"}
{"level":"warn","message":"Price feed has stale data:","staleCount":4,"timestamp":"2026-03-29 08:48:55","total":4}
{"level":"warn","message":"DWX market data file not found — waiting for MT5 to create it...","timestamp":"2026-03-29 08:48:56"}
{"level":"warn","message":"Price feed has stale data:","staleCount":4,"timestamp":"2026-03-29 08:48:56","total":4}
{"level":"warn","message":"DWX file not found — will retry watcher in 5s...","timestamp":"2026-03-29 08:48:56"}
{"level":"warn","message":"DWX market data file not found — waiting for MT5 to create it...","timestamp":"2026-03-29 08:48:57"}
{"level":"warn","message":"Price feed has stale data:","staleCount":4,"timestamp":"2026-03-29 08:48:57","total":4}
{"level":"warn","message":"DWX market data file not found — waiting for MT5 to create it...","timestamp":"2026-03-29 08:48:58"}
{"level":"warn","message":"Price feed has stale data:","staleCount":4,"timestamp":"2026-03-29 08:48:58","total":4}
{"level":"warn","message":"DWX market data file not found — waiting for MT5 to create it...","timestamp":"2026-03-29 08:48:59"}
{"level":"warn","message":"Price feed has stale data:","staleCount":4,"timestamp":"2026-03-29 08:48:59","total":4}
{"level":"warn","message":"DWX market data file not found — waiting for MT5 to create it...","timestamp":"2026-03-29 08:49:00"}
{"level":"warn","message":"Price feed has stale data:","staleCount":4,"timestamp":"2026-03-29 08:49:00","total":4}
{"level":"warn","message":"DWX market data file not found — waiting for MT5 to create it...","timestamp":"2026-03-29 08:49:01"}
{"level":"warn","message":"Price feed has stale data:","staleCount":4,"timestamp":"2026-03-29 08:49:01","total":4}
{"level":"warn","message":"DWX file not found — will retry watcher in 5s...","timestamp":"2026-03-29 08:49:01"}
{"level":"warn","message":"DWX market data file not found — waiting for MT5 to create it...","timestamp":"2026-03-29 08:49:02"}
{"level":"warn","message":"Price feed has stale data:","staleCount":4,"timestamp":"2026-03-29 08:49:02","total":4}
{"level":"warn","message":"DWX market data file not found — waiting for MT5 to create it...","timestamp":"2026-03-29 08:49:03"}
{"level":"warn","message":"Price feed has stale data:","staleCount":4,"timestamp":"2026-03-29 08:49:03","total":4}
{"level":"warn","message":"DWX market data file not found — waiting for MT5 to create it...","timestamp":"2026-03-29 08:49:04"}
{"level":"warn","message":"Price feed has stale data:","staleCount":4,"timestamp":"2026-03-29 08:49:04","total":4}
{"level":"warn","message":"DWX market data file not found — waiting for MT5 to create it...","timestamp":"2026-03-29 08:49:05"}
{"level":"warn","message":"Price feed has stale data:","staleCount":4,"timestamp":"2026-03-29 08:49:05","total":4}
{"level":"warn","message":"DWX market data file not found — waiting for MT5 to create it...","timestamp":"2026-03-29 08:49:06"}
{"level":"warn","message":"Price feed has stale data:","staleCount":4,"timestamp":"2026-03-29 08:49:06","total":4}
{"level":"warn","message":"DWX file not found — will retry watcher in 5s...","timestamp":"2026-03-29 08:49:06"}
{"level":"warn","message":"DWX market data file not found — waiting for MT5 to create it...","timestamp":"2026-03-29 08:49:07"}
{"level":"warn","message":"Price feed has stale data:","staleCount":4,"timestamp":"2026-03-29 08:49:07","total":4}
{"level":"warn","message":"DWX market data file not found — waiting for MT5 to create it...","timestamp":"2026-03-29 08:49:08"}
{"level":"warn","message":"Price feed has stale data:","staleCount":4,"timestamp":"2026-03-29 08:49:08","total":4}
{"level":"warn","message":"DWX market data file not found — waiting for MT5 to create it...","timestamp":"2026-03-29 08:49:09"}
{"level":"warn","message":"Price feed has stale data:","staleCount":4,"timestamp":"2026-03-29 08:49:09","total":4}
{"level":"warn","message":"DWX market data file not found — waiting for MT5 to create it...","timestamp":"2026-03-29 08:49:10"}
{"level":"warn","message":"Price feed has stale data:","staleCount":4,"timestamp":"2026-03-29 08:49:10","total":4}
{"level":"warn","message":"DWX market data file not found — waiting for MT5 to create it...","timestamp":"2026-03-29 08:49:11"}
{"level":"warn","message":"Price feed has stale data:","staleCount":4,"timestamp":"2026-03-29 08:49:11","total":4}
{"level":"warn","message":"DWX file not found — will retry watcher in 5s...","timestamp":"2026-03-29 08:49:11"}
{"level":"warn","message":"DWX market data file not found — waiting for MT5 to create it...","timestamp":"2026-03-29 08:49:12"}
{"level":"warn","message":"Price feed has stale data:","staleCount":4,"timestamp":"2026-03-29 08:49:12","total":4}
{"level":"warn","message":"DWX market data file not found — waiting for MT5 to create it...","timestamp":"2026-03-29 08:49:13"}
{"level":"warn","message":"Price feed has stale data:","staleCount":4,"timestamp":"2026-03-29 08:49:13","total":4}
{"level":"warn","message":"DWX market data file not found — waiting for MT5 to create it...","timestamp":"2026-03-29 08:49:14"}
{"level":"warn","message":"Price feed has stale data:","staleCount":4,"timestamp":"2026-03-29 08:49:14","total":4}
{"level":"warn","message":"DWX market data file not found — waiting for MT5 to create it...","timestamp":"2026-03-29 08:49:15"}
{"level":"warn","message":"Price feed has stale data:","staleCount":4,"timestamp":"2026-03-29 08:49:15","total":4}
{"level":"warn","message":"DWX market data file not found — waiting for MT5 to create it...","timestamp":"2026-03-29 08:49:16"}
{"level":"warn","message":"Price feed has stale data:","staleCount":4,"timestamp":"2026-03-29 08:49:16","total":4}
{"level":"warn","message":"DWX file not found — will retry watcher in 5s...","timestamp":"2026-03-29 08:49:16"}
{"level":"warn","message":"DWX market data file not found — waiting for MT5 to create it...","timestamp":"2026-03-29 08:49:17"}
{"level":"warn","message":"Price feed has stale data:","staleCount":4,"timestamp":"2026-03-29 08:49:17","total":4}
{"level":"warn","message":"DWX market data file not found — waiting for MT5 to create it...","timestamp":"2026-03-29 08:49:18"}
{"level":"warn","message":"Price feed has stale data:","staleCount":4,"timestamp":"2026-03-29 08:49:18","total":4}
{"level":"warn","message":"DWX market data file not found — waiting for MT5 to create it...","timestamp":"2026-03-29 08:49:19"}
{"level":"warn","message":"Price feed has stale data:","staleCount":4,"timestamp":"2026-03-29 08:49:19","total":4}
{"level":"warn","message":"DWX market data file not found — waiting for MT5 to create it...","timestamp":"2026-03-29 08:49:20"}
{"level":"warn","message":"Price feed has stale data:","staleCount":4,"timestamp":"2026-03-29 08:49:20","total":4}
{"level":"warn","message":"DWX market data file not found — waiting for MT5 to create it...","timestamp":"2026-03-29 08:49:21"}
{"level":"warn","message":"Price feed has stale data:","staleCount":4,"timestamp":"2026-03-29 08:49:21","total":4}
{"level":"warn","message":"DWX file not found — will retry watcher in 5s...","timestamp":"2026-03-29 08:49:21"}
{"level":"warn","message":"DWX market data file not found — waiting for MT5 to create it...","timestamp":"2026-03-29 08:49:22"}
{"level":"warn","message":"Price feed has stale data:","staleCount":4,"timestamp":"2026-03-29 08:49:22","total":4}
{"level":"warn","message":"DWX market data file not found — waiting for MT5 to create it...","timestamp":"2026-03-29 08:49:23"}
{"level":"warn","message":"Price feed has stale data:","staleCount":4,"timestamp":"2026-03-29 08:49:23","total":4}
{"level":"warn","message":"DWX market data file not found — waiting for MT5 to create it...","timestamp":"2026-03-29 08:49:24"}
{"level":"warn","message":"Price feed has stale data:","staleCount":4,"timestamp":"2026-03-29 08:49:24","total":4}
{"level":"warn","message":"DWX market data file not found — waiting for MT5 to create it...","timestamp":"2026-03-29 08:49:25"}
{"level":"warn","message":"Price feed has stale data:","staleCount":4,"timestamp":"2026-03-29 08:49:25","total":4}
{"level":"warn","message":"DWX market data file not found — waiting for MT5 to create it...","timestamp":"2026-03-29 08:49:26"}
{"level":"warn","message":"Price feed has stale data:","staleCount":4,"timestamp":"2026-03-29 08:49:26","total":4}
{"level":"warn","message":"DWX file not found — will retry watcher in 5s...","timestamp":"2026-03-29 08:49:26"}
{"level":"warn","message":"DWX market data file not found — waiting for MT5 to create it...","timestamp":"2026-03-29 08:49:27"}
{"level":"warn","message":"Price feed has stale data:","staleCount":4,"timestamp":"2026-03-29 08:49:27","total":4}
{"level":"warn","message":"DWX market data file not found — waiting for MT5 to create it...","timestamp":"2026-03-29 08:49:28"}
{"level":"warn","message":"Price feed has stale data:","staleCount":4,"timestamp":"2026-03-29 08:49:28","total":4}
{"level":"warn","message":"DWX market data file not found — waiting for MT5 to create it...","timestamp":"2026-03-29 08:49:29"}
{"level":"warn","message":"Price feed has stale data:","staleCount":4,"timestamp":"2026-03-29 08:49:29","total":4}
{"level":"warn","message":"DWX market data file not found — waiting for MT5 to create it...","timestamp":"2026-03-29 08:49:30"}
{"level":"warn","message":"Price feed has stale data:","staleCount":4,"timestamp":"2026-03-29 08:49:30","total":4}
{"level":"warn","message":"DWX market data file not found — waiting for MT5 to create it...","timestamp":"2026-03-29 08:49:31"}
{"level":"warn","message":"Price feed has stale data:","staleCount":4,"timestamp":"2026-03-29 08:49:31","total":4}
{"level":"warn","message":"DWX file not found — will retry watcher in 5s...","timestamp":"2026-03-29 08:49:31"}
{"level":"warn","message":"DWX market data file not found — waiting for MT5 to create it...","timestamp":"2026-03-29 08:49:32"}
{"level":"warn","message":"Price feed has stale data:","staleCount":4,"timestamp":"2026-03-29 08:49:32","total":4}
{"level":"warn","message":"DWX market data file not found — waiting for MT5 to create it...","timestamp":"2026-03-29 08:49:33"}
{"level":"warn","message":"Price feed has stale data:","staleCount":4,"timestamp":"2026-03-29 08:49:33","total":4}
{"level":"warn","message":"DWX market data file not found — waiting for MT5 to create it...","timestamp":"2026-03-29 08:49:34"}
{"level":"warn","message":"Price feed has stale data:","staleCount":4,"timestamp":"2026-03-29 08:49:34","total":4}
{"level":"warn","message":"DWX market data file not found — waiting for MT5 to create it...","timestamp":"2026-03-29 08:49:35"}
{"level":"warn","message":"Price feed has stale data:","staleCount":4,"timestamp":"2026-03-29 08:49:35","total":4}
{"level":"warn","message":"DWX market data file not found — waiting for MT5 to create it...","timestamp":"2026-03-29 08:49:36"}
{"level":"warn","message":"Price feed has stale data:","staleCount":4,"timestamp":"2026-03-29 08:49:36","total":4}
{"level":"warn","message":"DWX file not found — will retry watcher in 5s...","timestamp":"2026-03-29 08:49:36"}
{"level":"warn","message":"DWX market data file not found — waiting for MT5 to create it...","timestamp":"2026-03-29 08:49:37"}
{"level":"warn","message":"Price feed has stale data:","staleCount":4,"timestamp":"2026-03-29 08:49:37","total":4}
{"level":"warn","message":"DWX market data file not found — waiting for MT5 to create it...","timestamp":"2026-03-29 08:49:38"}
{"level":"warn","message":"Price feed has stale data:","staleCount":4,"timestamp":"2026-03-29 08:49:38","total":4}
{"level":"warn","message":"DWX market data file not found — waiting for MT5 to create it...","timestamp":"2026-03-29 08:49:39"}
{"level":"warn","message":"Price feed has stale data:","staleCount":4,"timestamp":"2026-03-29 08:49:39","total":4}
{"level":"warn","message":"DWX market data file not found — waiting for MT5 to create it...","timestamp":"2026-03-29 08:49:40"}
{"level":"warn","message":"Price feed has stale data:","staleCount":4,"timestamp":"2026-03-29 08:49:40","total":4}
{"level":"warn","message":"DWX market data file not found — waiting for MT5 to create it...","timestamp":"2026-03-29 08:49:41"}
{"level":"warn","message":"Price feed has stale data:","staleCount":4,"timestamp":"2026-03-29 08:49:41","total":4}
{"level":"warn","message":"DWX file not found — will retry watcher in 5s...","timestamp":"2026-03-29 08:49:41"}
{"level":"warn","message":"DWX market data file not found — waiting for MT5 to create it...","timestamp":"2026-03-29 08:49:42"}
{"level":"warn","message":"Price feed has stale data:","staleCount":4,"timestamp":"2026-03-29 08:49:42","total":4}
{"level":"warn","message":"DWX market data file not found — waiting for MT5 to create it...","timestamp":"2026-03-29 08:49:43"}
{"level":"warn","message":"Price feed has stale data:","staleCount":4,"timestamp":"2026-03-29 08:49:43","total":4}
{"level":"warn","message":"DWX market data file not found — waiting for MT5 to create it...","timestamp":"2026-03-29 08:49:44"}
{"level":"warn","message":"Price feed has stale data:","staleCount":4,"timestamp":"2026-03-29 08:49:44","total":4}
{"level":"warn","message":"DWX market data file not found — waiting for MT5 to create it...","timestamp":"2026-03-29 08:49:45"}
{"level":"warn","message":"Price feed has stale data:","staleCount":4,"timestamp":"2026-03-29 08:49:45","total":4}
{"level":"warn","message":"DWX market data file not found — waiting for MT5 to create it...","timestamp":"2026-03-29 08:49:46"}
{"level":"warn","message":"Price feed has stale data:","staleCount":4,"timestamp":"2026-03-29 08:49:46","total":4}
{"level":"warn","message":"DWX file not found — will retry watcher in 5s...","timestamp":"2026-03-29 08:49:46"}
{"level":"warn","message":"DWX market data file not found — waiting for MT5 to create it...","timestamp":"2026-03-29 08:49:47"}
{"level":"warn","message":"Price feed has stale data:","staleCount":4,"timestamp":"2026-03-29 08:49:47","total":4}
{"level":"warn","message":"DWX market data file not found — waiting for MT5 to create it...","timestamp":"2026-03-29 08:49:48"}
{"level":"warn","message":"Price feed has stale data:","staleCount":4,"timestamp":"2026-03-29 08:49:48","total":4}
{"level":"warn","message":"DWX market data file not found — waiting for MT5 to create it...","timestamp":"2026-03-29 08:49:49"}
{"level":"warn","message":"Price feed has stale data:","staleCount":4,"timestamp":"2026-03-29 08:49:49","total":4}
{"level":"warn","message":"DWX market data file not found — waiting for MT5 to create it...","timestamp":"2026-03-29 08:49:50"}
{"level":"warn","message":"Price feed has stale data:","staleCount":4,"timestamp":"2026-03-29 08:49:50","total":4}
{"level":"warn","message":"DWX market data file not found — waiting for MT5 to create it...","timestamp":"2026-03-29 08:49:51"}
{"level":"warn","message":"Price feed has stale data:","staleCount":4,"timestamp":"2026-03-29 08:49:51","total":4}
{"level":"warn","message":"DWX file not found — will retry watcher in 5s...","timestamp":"2026-03-29 08:49:51"}
{"level":"warn","message":"DWX market data file not found — waiting for MT5 to create it...","timestamp":"2026-03-29 08:49:52"}
{"level":"warn","message":"Price feed has stale data:","staleCount":4,"timestamp":"2026-03-29 08:49:52","total":4}
{"level":"warn","message":"DWX market data file not found — waiting for MT5 to create it...","timestamp":"2026-03-29 08:49:53"}
{"level":"warn","message":"Price feed has stale data:","staleCount":4,"timestamp":"2026-03-29 08:49:53","total":4}
{"level":"warn","message":"DWX market data file not found — waiting for MT5 to create it...","timestamp":"2026-03-29 08:49:54"}
{"level":"warn","message":"Price feed has stale data:","staleCount":4,"timestamp":"2026-03-29 08:49:54","total":4}
{"level":"warn","message":"DWX market data file not found — waiting for MT5 to create it...","timestamp":"2026-03-29 08:49:55"}
{"level":"warn","message":"Price feed has stale data:","staleCount":4,"timestamp":"2026-03-29 08:49:55","total":4}
{"level":"warn","message":"DWX market data file not found — waiting for MT5 to create it...","timestamp":"2026-03-29 08:49:56"}
{"level":"warn","message":"Price feed has stale data:","staleCount":4,"timestamp":"2026-03-29 08:49:56","total":4}
{"level":"warn","message":"DWX file not found — will retry watcher in 5s...","timestamp":"2026-03-29 08:49:56"}
{"level":"warn","message":"DWX market data file not found — waiting for MT5 to create it...","timestamp":"2026-03-29 08:49:57"}
{"level":"warn","message":"Price feed has stale data:","staleCount":4,"timestamp":"2026-03-29 08:49:57","total":4}
{"level":"warn","message":"DWX market data file not found — waiting for MT5 to create it...","timestamp":"2026-03-29 08:49:58"}
{"level":"warn","message":"Price feed has stale data:","staleCount":4,"timestamp":"2026-03-29 08:49:58","total":4}
{"level":"warn","message":"DWX market data file not found — waiting for MT5 to create it...","timestamp":"2026-03-29 08:49:59"}
{"level":"warn","message":"Price feed has stale data:","staleCount":4,"timestamp":"2026-03-29 08:49:59","total":4}
{"level":"warn","message":"DWX market data file not found — waiting for MT5 to create it...","timestamp":"2026-03-29 08:50:00"}
{"level":"warn","message":"Price feed has stale data:","staleCount":4,"timestamp":"2026-03-29 08:50:00","total":4}
{"level":"warn","message":"DWX market data file not found — waiting for MT5 to create it...","timestamp":"2026-03-29 08:50:01"}
{"level":"warn","message":"Price feed has stale data:","staleCount":4,"timestamp":"2026-03-29 08:50:01","total":4}
{"level":"warn","message":"DWX file not found — will retry watcher in 5s...","timestamp":"2026-03-29 08:50:01"}
{"level":"warn","message":"DWX market data file not found — waiting for MT5 to create it...","timestamp":"2026-03-29 08:50:02"}
{"level":"warn","message":"Price feed has stale data:","staleCount":4,"timestamp":"2026-03-29 08:50:02","total":4}
{"level":"warn","message":"DWX market data file not found — waiting for MT5 to create it...","timestamp":"2026-03-29 08:50:03"}
{"level":"warn","message":"Price feed has stale data:","staleCount":4,"timestamp":"2026-03-29 08:50:03","total":4}
{"level":"warn","message":"DWX market data file not found — waiting for MT5 to create it...","timestamp":"2026-03-29 08:50:04"}
{"level":"warn","message":"Price feed has stale data:","staleCount":4,"timestamp":"2026-03-29 08:50:04","total":4}
{"level":"warn","message":"DWX market data file not found — waiting for MT5 to create it...","timestamp":"2026-03-29 08:50:05"}
{"level":"warn","message":"Price feed has stale data:","staleCount":4,"timestamp":"2026-03-29 08:50:05","total":4}
{"level":"warn","message":"DWX market data file not found — waiting for MT5 to create it...","timestamp":"2026-03-29 08:50:06"}
{"level":"warn","message":"Price feed has stale data:","staleCount":4,"timestamp":"2026-03-29 08:50:06","total":4}
{"level":"warn","message":"DWX file not found — will retry watcher in 5s...","timestamp":"2026-03-29 08:50:06"}
{"level":"warn","message":"DWX market data file not found — waiting for MT5 to create it...","timestamp":"2026-03-29 08:50:07"}
{"level":"warn","message":"Price feed has stale data:","staleCount":4,"timestamp":"2026-03-29 08:50:07","total":4}
{"level":"warn","message":"DWX market data file not found — waiting for MT5 to create it...","timestamp":"2026-03-29 08:50:08"}
{"level":"warn","message":"Price feed has stale data:","staleCount":4,"timestamp":"2026-03-29 08:50:08","total":4}
{"level":"warn","message":"DWX market data file not found — waiting for MT5 to create it...","timestamp":"2026-03-29 08:50:09"}
{"level":"warn","message":"Price feed has stale data:","staleCount":4,"timestamp":"2026-03-29 08:50:09","total":4}
{"level":"warn","message":"DWX market data file not found — waiting for MT5 to create it...","timestamp":"2026-03-29 08:50:10"}
{"level":"warn","message":"Price feed has stale data:","staleCount":4,"timestamp":"2026-03-29 08:50:10","total":4}
{"level":"warn","message":"DWX market data file not found — waiting for MT5 to create it...","timestamp":"2026-03-29 08:50:11"}
{"level":"warn","message":"Price feed has stale data:","staleCount":4,"timestamp":"2026-03-29 08:50:11","total":4}
{"level":"warn","message":"DWX file not found — will retry watcher in 5s...","timestamp":"2026-03-29 08:50:11"}
{"level":"warn","message":"DWX market data file not found — waiting for MT5 to create it...","timestamp":"2026-03-29 08:50:12"}
{"level":"warn","message":"Price feed has stale data:","staleCount":4,"timestamp":"2026-03-29 08:50:12","total":4}
{"level":"warn","message":"DWX market data file not found — waiting for MT5 to create it...","timestamp":"2026-03-29 08:50:13"}
{"level":"warn","message":"Price feed has stale data:","staleCount":4,"timestamp":"2026-03-29 08:50:13","total":4}
{"level":"warn","message":"DWX market data file not found — waiting for MT5 to create it...","timestamp":"2026-03-29 08:50:14"}
{"level":"warn","message":"Price feed has stale data:","staleCount":4,"timestamp":"2026-03-29 08:50:14","total":4}
{"level":"warn","message":"DWX market data file not found — waiting for MT5 to create it...","timestamp":"2026-03-29 08:50:15"}
{"level":"warn","message":"Price feed has stale data:","staleCount":4,"timestamp":"2026-03-29 08:50:15","total":4}
{"level":"warn","message":"DWX market data file not found — waiting for MT5 to create it...","timestamp":"2026-03-29 08:50:16"}
{"level":"warn","message":"Price feed has stale data:","staleCount":4,"timestamp":"2026-03-29 08:50:16","total":4}
{"level":"warn","message":"DWX file not found — will retry watcher in 5s...","timestamp":"2026-03-29 08:50:16"}
{"level":"warn","message":"DWX market data file not found — waiting for MT5 to create it...","timestamp":"2026-03-29 08:50:17"}
{"level":"warn","message":"Price feed has stale data:","staleCount":4,"timestamp":"2026-03-29 08:50:17","total":4}
{"duration_ms":1,"ip":"::1","level":"http","message":"GET /api/admin/announcement","status":404,"timestamp":"2026-03-29 08:50:18","userAgent":"Mozilla/5.0 (Windows NT 10.0; Win64; x64) AppleWebKit/537.36 (KHTML, like Gecko) Chrome/146.0.0.0 Safari/537.36 Edg/146.0.0.0"}
{"level":"warn","message":"DWX market data file not found — waiting for MT5 to create it...","timestamp":"2026-03-29 08:50:18"}
{"level":"warn","message":"Price feed has stale data:","staleCount":4,"timestamp":"2026-03-29 08:50:18","total":4}
{"level":"warn","message":"DWX market data file not found — waiting for MT5 to create it...","timestamp":"2026-03-29 08:50:19"}
{"level":"warn","message":"Price feed has stale data:","staleCount":4,"timestamp":"2026-03-29 08:50:19","total":4}
{"level":"warn","message":"DWX market data file not found — waiting for MT5 to create it...","timestamp":"2026-03-29 08:50:20"}
{"level":"warn","message":"Price feed has stale data:","staleCount":4,"timestamp":"2026-03-29 08:50:20","total":4}
{"level":"warn","message":"DWX market data file not found — waiting for MT5 to create it...","timestamp":"2026-03-29 08:50:21"}
{"level":"warn","message":"Price feed has stale data:","staleCount":4,"timestamp":"2026-03-29 08:50:21","total":4}
{"level":"warn","message":"DWX file not found — will retry watcher in 5s...","timestamp":"2026-03-29 08:50:21"}
{"level":"warn","message":"DWX market data file not found — waiting for MT5 to create it...","timestamp":"2026-03-29 08:50:22"}
{"level":"warn","message":"Price feed has stale data:","staleCount":4,"timestamp":"2026-03-29 08:50:22","total":4}
{"level":"warn","message":"DWX market data file not found — waiting for MT5 to create it...","timestamp":"2026-03-29 08:50:23"}
{"level":"warn","message":"Price feed has stale data:","staleCount":4,"timestamp":"2026-03-29 08:50:23","total":4}
{"level":"warn","message":"DWX market data file not found — waiting for MT5 to create it...","timestamp":"2026-03-29 08:50:24"}
{"level":"warn","message":"Price feed has stale data:","staleCount":4,"timestamp":"2026-03-29 08:50:24","total":4}
{"level":"warn","message":"DWX market data file not found — waiting for MT5 to create it...","timestamp":"2026-03-29 08:50:25"}
{"level":"warn","message":"Price feed has stale data:","staleCount":4,"timestamp":"2026-03-29 08:50:25","total":4}
{"level":"warn","message":"DWX market data file not found — waiting for MT5 to create it...","timestamp":"2026-03-29 08:50:26"}
{"level":"warn","message":"Price feed has stale data:","staleCount":4,"timestamp":"2026-03-29 08:50:26","total":4}
{"level":"warn","message":"DWX file not found — will retry watcher in 5s...","timestamp":"2026-03-29 08:50:26"}
{"level":"warn","message":"DWX market data file not found — waiting for MT5 to create it...","timestamp":"2026-03-29 08:50:27"}
{"level":"warn","message":"Price feed has stale data:","staleCount":4,"timestamp":"2026-03-29 08:50:27","total":4}
{"level":"warn","message":"DWX market data file not found — waiting for MT5 to create it...","timestamp":"2026-03-29 08:50:28"}
{"level":"warn","message":"Price feed has stale data:","staleCount":4,"timestamp":"2026-03-29 08:50:28","total":4}
{"level":"warn","message":"DWX market data file not found — waiting for MT5 to create it...","timestamp":"2026-03-29 08:50:29"}
{"level":"warn","message":"Price feed has stale data:","staleCount":4,"timestamp":"2026-03-29 08:50:29","total":4}
{"level":"warn","message":"DWX market data file not found — waiting for MT5 to create it...","timestamp":"2026-03-29 08:50:30"}
{"level":"warn","message":"Price feed has stale data:","staleCount":4,"timestamp":"2026-03-29 08:50:30","total":4}
{"level":"warn","message":"DWX market data file not found — waiting for MT5 to create it...","timestamp":"2026-03-29 08:50:31"}
{"level":"warn","message":"Price feed has stale data:","staleCount":4,"timestamp":"2026-03-29 08:50:31","total":4}
{"level":"warn","message":"DWX file not found — will retry watcher in 5s...","timestamp":"2026-03-29 08:50:32"}
{"level":"warn","message":"DWX market data file not found — waiting for MT5 to create it...","timestamp":"2026-03-29 08:50:32"}
{"level":"warn","message":"Price feed has stale data:","staleCount":4,"timestamp":"2026-03-29 08:50:32","total":4}
{"level":"warn","message":"DWX market data file not found — waiting for MT5 to create it...","timestamp":"2026-03-29 08:50:33"}
{"level":"warn","message":"Price feed has stale data:","staleCount":4,"timestamp":"2026-03-29 08:50:33","total":4}
{"level":"warn","message":"DWX market data file not found — waiting for MT5 to create it...","timestamp":"2026-03-29 08:50:34"}
{"level":"warn","message":"Price feed has stale data:","staleCount":4,"timestamp":"2026-03-29 08:50:34","total":4}
{"level":"warn","message":"DWX market data file not found — waiting for MT5 to create it...","timestamp":"2026-03-29 08:50:35"}
{"level":"warn","message":"Price feed has stale data:","staleCount":4,"timestamp":"2026-03-29 08:50:35","total":4}
{"level":"warn","message":"DWX market data file not found — waiting for MT5 to create it...","timestamp":"2026-03-29 08:50:36"}
{"level":"warn","message":"Price feed has stale data:","staleCount":4,"timestamp":"2026-03-29 08:50:36","total":4}
{"level":"warn","message":"DWX file not found — will retry watcher in 5s...","timestamp":"2026-03-29 08:50:37"}
{"level":"warn","message":"DWX market data file not found — waiting for MT5 to create it...","timestamp":"2026-03-29 08:50:37"}
{"level":"warn","message":"Price feed has stale data:","staleCount":4,"timestamp":"2026-03-29 08:50:37","total":4}
{"level":"warn","message":"DWX market data file not found — waiting for MT5 to create it...","timestamp":"2026-03-29 08:50:38"}
{"level":"warn","message":"Price feed has stale data:","staleCount":4,"timestamp":"2026-03-29 08:50:38","total":4}
{"level":"warn","message":"DWX market data file not found — waiting for MT5 to create it...","timestamp":"2026-03-29 08:50:39"}
{"level":"warn","message":"Price feed has stale data:","staleCount":4,"timestamp":"2026-03-29 08:50:39","total":4}
{"level":"warn","message":"DWX market data file not found — waiting for MT5 to create it...","timestamp":"2026-03-29 08:50:40"}
{"level":"warn","message":"Price feed has stale data:","staleCount":4,"timestamp":"2026-03-29 08:50:40","total":4}
{"level":"warn","message":"DWX market data file not found — waiting for MT5 to create it...","timestamp":"2026-03-29 08:50:41"}
{"level":"warn","message":"Price feed has stale data:","staleCount":4,"timestamp":"2026-03-29 08:50:41","total":4}
{"level":"warn","message":"DWX file not found — will retry watcher in 5s...","timestamp":"2026-03-29 08:50:42"}
{"level":"warn","message":"DWX market data file not found — waiting for MT5 to create it...","timestamp":"2026-03-29 08:50:42"}
{"level":"warn","message":"Price feed has stale data:","staleCount":4,"timestamp":"2026-03-29 08:50:42","total":4}
{"level":"warn","message":"DWX market data file not found — waiting for MT5 to create it...","timestamp":"2026-03-29 08:50:43"}
{"level":"warn","message":"Price feed has stale data:","staleCount":4,"timestamp":"2026-03-29 08:50:43","total":4}
{"level":"warn","message":"DWX market data file not found — waiting for MT5 to create it...","timestamp":"2026-03-29 08:50:44"}
{"level":"warn","message":"Price feed has stale data:","staleCount":4,"timestamp":"2026-03-29 08:50:44","total":4}
{"level":"warn","message":"DWX market data file not found — waiting for MT5 to create it...","timestamp":"2026-03-29 08:50:45"}
{"level":"warn","message":"Price feed has stale data:","staleCount":4,"timestamp":"2026-03-29 08:50:45","total":4}
{"level":"warn","message":"DWX market data file not found — waiting for MT5 to create it...","timestamp":"2026-03-29 08:50:46"}
{"level":"warn","message":"Price feed has stale data:","staleCount":4,"timestamp":"2026-03-29 08:50:46","total":4}
{"level":"warn","message":"DWX file not found — will retry watcher in 5s...","timestamp":"2026-03-29 08:50:47"}
{"level":"warn","message":"DWX market data file not found — waiting for MT5 to create it...","timestamp":"2026-03-29 08:50:48"}
{"level":"warn","message":"Price feed has stale data:","staleCount":4,"timestamp":"2026-03-29 08:50:48","total":4}
{"level":"warn","message":"DWX market data file not found — waiting for MT5 to create it...","timestamp":"2026-03-29 08:50:49"}
{"level":"warn","message":"Price feed has stale data:","staleCount":4,"timestamp":"2026-03-29 08:50:49","total":4}
{"level":"warn","message":"DWX market data file not found — waiting for MT5 to create it...","timestamp":"2026-03-29 08:50:50"}
{"level":"warn","message":"Price feed has stale data:","staleCount":4,"timestamp":"2026-03-29 08:50:50","total":4}
{"level":"warn","message":"DWX market data file not found — waiting for MT5 to create it...","timestamp":"2026-03-29 08:50:51"}
{"level":"warn","message":"Price feed has stale data:","staleCount":4,"timestamp":"2026-03-29 08:50:51","total":4}
{"level":"warn","message":"DWX market data file not found — waiting for MT5 to create it...","timestamp":"2026-03-29 08:50:52"}
{"level":"warn","message":"DWX file not found — will retry watcher in 5s...","timestamp":"2026-03-29 08:50:52"}
{"level":"warn","message":"Price feed has stale data:","staleCount":4,"timestamp":"2026-03-29 08:50:52","total":4}
{"level":"warn","message":"DWX market data file not found — waiting for MT5 to create it...","timestamp":"2026-03-29 08:50:53"}
{"level":"warn","message":"Price feed has stale data:","staleCount":4,"timestamp":"2026-03-29 08:50:53","total":4}
{"level":"warn","message":"DWX market data file not found — waiting for MT5 to create it...","timestamp":"2026-03-29 08:50:54"}
{"level":"warn","message":"Price feed has stale data:","staleCount":4,"timestamp":"2026-03-29 08:50:54","total":4}
{"level":"warn","message":"DWX market data file not found — waiting for MT5 to create it...","timestamp":"2026-03-29 08:50:55"}
{"level":"warn","message":"Price feed has stale data:","staleCount":4,"timestamp":"2026-03-29 08:50:55","total":4}
{"level":"warn","message":"DWX market data file not found — waiting for MT5 to create it...","timestamp":"2026-03-29 08:50:56"}
{"level":"warn","message":"Price feed has stale data:","staleCount":4,"timestamp":"2026-03-29 08:50:56","total":4}
{"level":"warn","message":"DWX file not found — will retry watcher in 5s...","timestamp":"2026-03-29 08:50:57"}
{"level":"warn","message":"DWX market data file not found — waiting for MT5 to create it...","timestamp":"2026-03-29 08:50:57"}
{"level":"warn","message":"Price feed has stale data:","staleCount":4,"timestamp":"2026-03-29 08:50:57","total":4}
{"level":"warn","message":"DWX market data file not found — waiting for MT5 to create it...","timestamp":"2026-03-29 08:50:58"}
{"level":"warn","message":"Price feed has stale data:","staleCount":4,"timestamp":"2026-03-29 08:50:58","total":4}
{"level":"warn","message":"DWX market data file not found — waiting for MT5 to create it...","timestamp":"2026-03-29 08:50:59"}
{"level":"warn","message":"Price feed has stale data:","staleCount":4,"timestamp":"2026-03-29 08:50:59","total":4}
{"level":"warn","message":"DWX market data file not found — waiting for MT5 to create it...","timestamp":"2026-03-29 08:51:00"}
{"level":"warn","message":"Price feed has stale data:","staleCount":4,"timestamp":"2026-03-29 08:51:00","total":4}
{"level":"warn","message":"DWX market data file not found — waiting for MT5 to create it...","timestamp":"2026-03-29 08:51:01"}
{"level":"warn","message":"Price feed has stale data:","staleCount":4,"timestamp":"2026-03-29 08:51:01","total":4}
{"level":"warn","message":"DWX file not found — will retry watcher in 5s...","timestamp":"2026-03-29 08:51:02"}
{"level":"warn","message":"DWX market data file not found — waiting for MT5 to create it...","timestamp":"2026-03-29 08:51:02"}
{"level":"warn","message":"Price feed has stale data:","staleCount":4,"timestamp":"2026-03-29 08:51:02","total":4}
{"level":"warn","message":"DWX market data file not found — waiting for MT5 to create it...","timestamp":"2026-03-29 08:51:03"}
{"level":"warn","message":"Price feed has stale data:","staleCount":4,"timestamp":"2026-03-29 08:51:03","total":4}
{"level":"warn","message":"DWX market data file not found — waiting for MT5 to create it...","timestamp":"2026-03-29 08:51:04"}
{"level":"warn","message":"Price feed has stale data:","staleCount":4,"timestamp":"2026-03-29 08:51:04","total":4}
{"level":"warn","message":"DWX market data file not found — waiting for MT5 to create it...","timestamp":"2026-03-29 08:51:05"}
{"level":"warn","message":"Price feed has stale data:","staleCount":4,"timestamp":"2026-03-29 08:51:05","total":4}
{"level":"warn","message":"DWX market data file not found — waiting for MT5 to create it...","timestamp":"2026-03-29 08:51:06"}
{"level":"warn","message":"Price feed has stale data:","staleCount":4,"timestamp":"2026-03-29 08:51:06","total":4}
{"level":"warn","message":"DWX file not found — will retry watcher in 5s...","timestamp":"2026-03-29 08:51:07"}
{"level":"warn","message":"DWX market data file not found — waiting for MT5 to create it...","timestamp":"2026-03-29 08:51:07"}
{"level":"warn","message":"Price feed has stale data:","staleCount":4,"timestamp":"2026-03-29 08:51:07","total":4}
{"level":"warn","message":"DWX market data file not found — waiting for MT5 to create it...","timestamp":"2026-03-29 08:51:08"}
{"level":"warn","message":"Price feed has stale data:","staleCount":4,"timestamp":"2026-03-29 08:51:08","total":4}
{"level":"warn","message":"DWX market data file not found — waiting for MT5 to create it...","timestamp":"2026-03-29 08:51:09"}
{"level":"warn","message":"Price feed has stale data:","staleCount":4,"timestamp":"2026-03-29 08:51:09","total":4}
{"level":"warn","message":"DWX market data file not found — waiting for MT5 to create it...","timestamp":"2026-03-29 08:51:10"}
{"level":"warn","message":"Price feed has stale data:","staleCount":4,"timestamp":"2026-03-29 08:51:10","total":4}
{"level":"warn","message":"DWX market data file not found — waiting for MT5 to create it...","timestamp":"2026-03-29 08:51:11"}
{"level":"warn","message":"Price feed has stale data:","staleCount":4,"timestamp":"2026-03-29 08:51:11","total":4}
{"level":"warn","message":"DWX file not found — will retry watcher in 5s...","timestamp":"2026-03-29 08:51:12"}
{"level":"warn","message":"DWX market data file not found — waiting for MT5 to create it...","timestamp":"2026-03-29 08:51:12"}
{"level":"warn","message":"Price feed has stale data:","staleCount":4,"timestamp":"2026-03-29 08:51:12","total":4}
{"level":"warn","message":"DWX market data file not found — waiting for MT5 to create it...","timestamp":"2026-03-29 08:51:13"}
{"level":"warn","message":"Price feed has stale data:","staleCount":4,"timestamp":"2026-03-29 08:51:13","total":4}
{"level":"warn","message":"DWX market data file not found — waiting for MT5 to create it...","timestamp":"2026-03-29 08:51:14"}
{"level":"warn","message":"Price feed has stale data:","staleCount":4,"timestamp":"2026-03-29 08:51:14","total":4}
{"level":"warn","message":"DWX market data file not found — waiting for MT5 to create it...","timestamp":"2026-03-29 08:51:15"}
{"level":"warn","message":"Price feed has stale data:","staleCount":4,"timestamp":"2026-03-29 08:51:15","total":4}
{"level":"warn","message":"DWX market data file not found — waiting for MT5 to create it...","timestamp":"2026-03-29 08:51:16"}
{"level":"warn","message":"Price feed has stale data:","staleCount":4,"timestamp":"2026-03-29 08:51:16","total":4}
{"level":"warn","message":"DWX file not found — will retry watcher in 5s...","timestamp":"2026-03-29 08:51:17"}
{"level":"warn","message":"DWX market data file not found — waiting for MT5 to create it...","timestamp":"2026-03-29 08:51:17"}
{"level":"warn","message":"Price feed has stale data:","staleCount":4,"timestamp":"2026-03-29 08:51:17","total":4}
{"level":"warn","message":"DWX market data file not found — waiting for MT5 to create it...","timestamp":"2026-03-29 08:51:18"}
{"level":"warn","message":"Price feed has stale data:","staleCount":4,"timestamp":"2026-03-29 08:51:18","total":4}
{"level":"warn","message":"DWX market data file not found — waiting for MT5 to create it...","timestamp":"2026-03-29 08:51:19"}
{"level":"warn","message":"Price feed has stale data:","staleCount":4,"timestamp":"2026-03-29 08:51:19","total":4}
{"level":"warn","message":"DWX market data file not found — waiting for MT5 to create it...","timestamp":"2026-03-29 08:51:20"}
{"level":"warn","message":"Price feed has stale data:","staleCount":4,"timestamp":"2026-03-29 08:51:20","total":4}
{"level":"warn","message":"DWX market data file not found — waiting for MT5 to create it...","timestamp":"2026-03-29 08:51:21"}
{"level":"warn","message":"Price feed has stale data:","staleCount":4,"timestamp":"2026-03-29 08:51:21","total":4}
{"level":"warn","message":"DWX file not found — will retry watcher in 5s...","timestamp":"2026-03-29 08:51:22"}
{"level":"warn","message":"DWX market data file not found — waiting for MT5 to create it...","timestamp":"2026-03-29 08:51:22"}
{"level":"warn","message":"Price feed has stale data:","staleCount":4,"timestamp":"2026-03-29 08:51:22","total":4}
{"level":"warn","message":"DWX market data file not found — waiting for MT5 to create it...","timestamp":"2026-03-29 08:51:23"}
{"level":"warn","message":"Price feed has stale data:","staleCount":4,"timestamp":"2026-03-29 08:51:23","total":4}
{"level":"warn","message":"DWX market data file not found — waiting for MT5 to create it...","timestamp":"2026-03-29 08:51:24"}
{"level":"warn","message":"Price feed has stale data:","staleCount":4,"timestamp":"2026-03-29 08:51:24","total":4}
{"level":"warn","message":"DWX market data file not found — waiting for MT5 to create it...","timestamp":"2026-03-29 08:51:25"}
{"level":"warn","message":"Price feed has stale data:","staleCount":4,"timestamp":"2026-03-29 08:51:25","total":4}
{"level":"warn","message":"DWX market data file not found — waiting for MT5 to create it...","timestamp":"2026-03-29 08:51:26"}
{"level":"warn","message":"Price feed has stale data:","staleCount":4,"timestamp":"2026-03-29 08:51:26","total":4}
{"level":"warn","message":"DWX file not found — will retry watcher in 5s...","timestamp":"2026-03-29 08:51:27"}
{"level":"warn","message":"DWX market data file not found — waiting for MT5 to create it...","timestamp":"2026-03-29 08:51:27"}
{"level":"warn","message":"Price feed has stale data:","staleCount":4,"timestamp":"2026-03-29 08:51:27","total":4}
{"level":"warn","message":"DWX market data file not found — waiting for MT5 to create it...","timestamp":"2026-03-29 08:51:28"}
{"level":"warn","message":"Price feed has stale data:","staleCount":4,"timestamp":"2026-03-29 08:51:28","total":4}
{"level":"warn","message":"DWX market data file not found — waiting for MT5 to create it...","timestamp":"2026-03-29 08:51:29"}
{"level":"warn","message":"Price feed has stale data:","staleCount":4,"timestamp":"2026-03-29 08:51:29","total":4}
{"level":"warn","message":"DWX market data file not found — waiting for MT5 to create it...","timestamp":"2026-03-29 08:51:30"}
{"level":"warn","message":"Price feed has stale data:","staleCount":4,"timestamp":"2026-03-29 08:51:30","total":4}
{"level":"warn","message":"DWX market data file not found — waiting for MT5 to create it...","timestamp":"2026-03-29 08:51:31"}
{"level":"warn","message":"Price feed has stale data:","staleCount":4,"timestamp":"2026-03-29 08:51:31","total":4}
{"level":"warn","message":"DWX file not found — will retry watcher in 5s...","timestamp":"2026-03-29 08:51:32"}
{"level":"warn","message":"DWX market data file not found — waiting for MT5 to create it...","timestamp":"2026-03-29 08:51:32"}
{"level":"warn","message":"Price feed has stale data:","staleCount":4,"timestamp":"2026-03-29 08:51:32","total":4}
{"level":"warn","message":"DWX market data file not found — waiting for MT5 to create it...","timestamp":"2026-03-29 08:51:33"}
{"level":"warn","message":"Price feed has stale data:","staleCount":4,"timestamp":"2026-03-29 08:51:33","total":4}
{"level":"warn","message":"DWX market data file not found — waiting for MT5 to create it...","timestamp":"2026-03-29 08:51:34"}
{"level":"warn","message":"Price feed has stale data:","staleCount":4,"timestamp":"2026-03-29 08:51:34","total":4}
{"level":"warn","message":"DWX market data file not found — waiting for MT5 to create it...","timestamp":"2026-03-29 08:51:35"}
{"level":"warn","message":"Price feed has stale data:","staleCount":4,"timestamp":"2026-03-29 08:51:35","total":4}
{"level":"warn","message":"DWX market data file not found — waiting for MT5 to create it...","timestamp":"2026-03-29 08:51:36"}
{"level":"warn","message":"Price feed has stale data:","staleCount":4,"timestamp":"2026-03-29 08:51:36","total":4}
{"level":"warn","message":"DWX file not found — will retry watcher in 5s...","timestamp":"2026-03-29 08:51:37"}
{"level":"warn","message":"DWX market data file not found — waiting for MT5 to create it...","timestamp":"2026-03-29 08:51:37"}
{"level":"warn","message":"Price feed has stale data:","staleCount":4,"timestamp":"2026-03-29 08:51:37","total":4}
{"level":"warn","message":"DWX market data file not found — waiting for MT5 to create it...","timestamp":"2026-03-29 08:51:38"}
{"level":"warn","message":"Price feed has stale data:","staleCount":4,"timestamp":"2026-03-29 08:51:38","total":4}
{"level":"warn","message":"DWX market data file not found — waiting for MT5 to create it...","timestamp":"2026-03-29 08:51:39"}
{"level":"warn","message":"Price feed has stale data:","staleCount":4,"timestamp":"2026-03-29 08:51:39","total":4}
{"level":"warn","message":"DWX market data file not found — waiting for MT5 to create it...","timestamp":"2026-03-29 08:51:40"}
{"level":"warn","message":"Price feed has stale data:","staleCount":4,"timestamp":"2026-03-29 08:51:40","total":4}
{"level":"warn","message":"DWX market data file not found — waiting for MT5 to create it...","timestamp":"2026-03-29 08:51:41"}
{"level":"warn","message":"Price feed has stale data:","staleCount":4,"timestamp":"2026-03-29 08:51:41","total":4}
{"level":"warn","message":"DWX file not found — will retry watcher in 5s...","timestamp":"2026-03-29 08:51:42"}
{"level":"warn","message":"DWX market data file not found — waiting for MT5 to create it...","timestamp":"2026-03-29 08:51:42"}
{"level":"warn","message":"Price feed has stale data:","staleCount":4,"timestamp":"2026-03-29 08:51:42","total":4}
{"level":"warn","message":"DWX market data file not found — waiting for MT5 to create it...","timestamp":"2026-03-29 08:51:43"}
{"level":"warn","message":"Price feed has stale data:","staleCount":4,"timestamp":"2026-03-29 08:51:43","total":4}
{"level":"warn","message":"DWX market data file not found — waiting for MT5 to create it...","timestamp":"2026-03-29 08:51:44"}
{"level":"warn","message":"Price feed has stale data:","staleCount":4,"timestamp":"2026-03-29 08:51:44","total":4}
{"level":"warn","message":"DWX market data file not found — waiting for MT5 to create it...","timestamp":"2026-03-29 08:51:45"}
{"level":"warn","message":"Price feed has stale data:","staleCount":4,"timestamp":"2026-03-29 08:51:45","total":4}
{"level":"warn","message":"DWX market data file not found — waiting for MT5 to create it...","timestamp":"2026-03-29 08:51:46"}
{"level":"warn","message":"Price feed has stale data:","staleCount":4,"timestamp":"2026-03-29 08:51:46","total":4}
{"level":"warn","message":"DWX file not found — will retry watcher in 5s...","timestamp":"2026-03-29 08:51:47"}
{"level":"warn","message":"DWX market data file not found — waiting for MT5 to create it...","timestamp":"2026-03-29 08:51:47"}
{"level":"warn","message":"Price feed has stale data:","staleCount":4,"timestamp":"2026-03-29 08:51:47","total":4}
{"level":"warn","message":"DWX market data file not found — waiting for MT5 to create it...","timestamp":"2026-03-29 08:51:48"}
{"level":"warn","message":"Price feed has stale data:","staleCount":4,"timestamp":"2026-03-29 08:51:48","total":4}
{"level":"warn","message":"DWX market data file not found — waiting for MT5 to create it...","timestamp":"2026-03-29 08:51:49"}
{"level":"warn","message":"Price feed has stale data:","staleCount":4,"timestamp":"2026-03-29 08:51:49","total":4}
{"level":"warn","message":"DWX market data file not found — waiting for MT5 to create it...","timestamp":"2026-03-29 08:51:50"}
{"level":"warn","message":"Price feed has stale data:","staleCount":4,"timestamp":"2026-03-29 08:51:50","total":4}
{"level":"warn","message":"DWX market data file not found — waiting for MT5 to create it...","timestamp":"2026-03-29 08:51:51"}
{"level":"warn","message":"Price feed has stale data:","staleCount":4,"timestamp":"2026-03-29 08:51:51","total":4}
{"level":"warn","message":"DWX file not found — will retry watcher in 5s...","timestamp":"2026-03-29 08:51:52"}
{"level":"warn","message":"DWX market data file not found — waiting for MT5 to create it...","timestamp":"2026-03-29 08:51:52"}
{"level":"warn","message":"Price feed has stale data:","staleCount":4,"timestamp":"2026-03-29 08:51:52","total":4}
{"level":"warn","message":"DWX market data file not found — waiting for MT5 to create it...","timestamp":"2026-03-29 08:51:53"}
{"level":"warn","message":"Price feed has stale data:","staleCount":4,"timestamp":"2026-03-29 08:51:53","total":4}
{"level":"warn","message":"DWX market data file not found — waiting for MT5 to create it...","timestamp":"2026-03-29 08:51:54"}
{"level":"warn","message":"Price feed has stale data:","staleCount":4,"timestamp":"2026-03-29 08:51:54","total":4}
{"level":"warn","message":"DWX market data file not found — waiting for MT5 to create it...","timestamp":"2026-03-29 08:51:55"}
{"level":"warn","message":"Price feed has stale data:","staleCount":4,"timestamp":"2026-03-29 08:51:55","total":4}
{"level":"warn","message":"DWX market data file not found — waiting for MT5 to create it...","timestamp":"2026-03-29 08:51:56"}
{"level":"warn","message":"Price feed has stale data:","staleCount":4,"timestamp":"2026-03-29 08:51:56","total":4}
{"level":"warn","message":"DWX file not found — will retry watcher in 5s...","timestamp":"2026-03-29 08:51:57"}
{"level":"warn","message":"DWX market data file not found — waiting for MT5 to create it...","timestamp":"2026-03-29 08:51:57"}
{"level":"warn","message":"Price feed has stale data:","staleCount":4,"timestamp":"2026-03-29 08:51:57","total":4}
{"level":"warn","message":"DWX market data file not found — waiting for MT5 to create it...","timestamp":"2026-03-29 08:51:58"}
{"level":"warn","message":"Price feed has stale data:","staleCount":4,"timestamp":"2026-03-29 08:51:58","total":4}
{"level":"warn","message":"DWX market data file not found — waiting for MT5 to create it...","timestamp":"2026-03-29 08:51:59"}
{"level":"warn","message":"Price feed has stale data:","staleCount":4,"timestamp":"2026-03-29 08:51:59","total":4}
{"level":"warn","message":"DWX market data file not found — waiting for MT5 to create it...","timestamp":"2026-03-29 08:52:00"}
{"level":"warn","message":"Price feed has stale data:","staleCount":4,"timestamp":"2026-03-29 08:52:00","total":4}
{"level":"warn","message":"DWX market data file not found — waiting for MT5 to create it...","timestamp":"2026-03-29 08:52:01"}
{"level":"warn","message":"Price feed has stale data:","staleCount":4,"timestamp":"2026-03-29 08:52:01","total":4}
{"level":"warn","message":"DWX file not found — will retry watcher in 5s...","timestamp":"2026-03-29 08:52:02"}
{"level":"warn","message":"DWX market data file not found — waiting for MT5 to create it...","timestamp":"2026-03-29 08:52:02"}
{"level":"warn","message":"Price feed has stale data:","staleCount":4,"timestamp":"2026-03-29 08:52:02","total":4}
{"level":"warn","message":"DWX market data file not found — waiting for MT5 to create it...","timestamp":"2026-03-29 08:52:03"}
{"level":"warn","message":"Price feed has stale data:","staleCount":4,"timestamp":"2026-03-29 08:52:03","total":4}
{"level":"warn","message":"DWX market data file not found — waiting for MT5 to create it...","timestamp":"2026-03-29 08:52:04"}
{"level":"warn","message":"Price feed has stale data:","staleCount":4,"timestamp":"2026-03-29 08:52:04","total":4}
{"level":"warn","message":"DWX market data file not found — waiting for MT5 to create it...","timestamp":"2026-03-29 08:52:05"}
{"level":"warn","message":"Price feed has stale data:","staleCount":4,"timestamp":"2026-03-29 08:52:05","total":4}
{"level":"warn","message":"DWX market data file not found — waiting for MT5 to create it...","timestamp":"2026-03-29 08:52:06"}
{"level":"warn","message":"Price feed has stale data:","staleCount":4,"timestamp":"2026-03-29 08:52:06","total":4}
{"level":"warn","message":"DWX file not found — will retry watcher in 5s...","timestamp":"2026-03-29 08:52:07"}
{"level":"warn","message":"DWX market data file not found — waiting for MT5 to create it...","timestamp":"2026-03-29 08:52:07"}
{"level":"warn","message":"Price feed has stale data:","staleCount":4,"timestamp":"2026-03-29 08:52:07","total":4}
{"level":"warn","message":"DWX market data file not found — waiting for MT5 to create it...","timestamp":"2026-03-29 08:52:08"}
{"level":"warn","message":"Price feed has stale data:","staleCount":4,"timestamp":"2026-03-29 08:52:08","total":4}
{"level":"warn","message":"DWX market data file not found — waiting for MT5 to create it...","timestamp":"2026-03-29 08:52:09"}
{"level":"warn","message":"Price feed has stale data:","staleCount":4,"timestamp":"2026-03-29 08:52:09","total":4}
{"level":"warn","message":"DWX market data file not found — waiting for MT5 to create it...","timestamp":"2026-03-29 08:52:10"}
{"level":"warn","message":"Price feed has stale data:","staleCount":4,"timestamp":"2026-03-29 08:52:10","total":4}
{"level":"warn","message":"DWX market data file not found — waiting for MT5 to create it...","timestamp":"2026-03-29 08:52:11"}
{"level":"warn","message":"Price feed has stale data:","staleCount":4,"timestamp":"2026-03-29 08:52:11","total":4}
{"level":"warn","message":"DWX file not found — will retry watcher in 5s...","timestamp":"2026-03-29 08:52:12"}
{"level":"warn","message":"DWX market data file not found — waiting for MT5 to create it...","timestamp":"2026-03-29 08:52:12"}
{"level":"warn","message":"Price feed has stale data:","staleCount":4,"timestamp":"2026-03-29 08:52:12","total":4}
{"level":"warn","message":"DWX market data file not found — waiting for MT5 to create it...","timestamp":"2026-03-29 08:52:13"}
{"level":"warn","message":"Price feed has stale data:","staleCount":4,"timestamp":"2026-03-29 08:52:13","total":4}
{"level":"warn","message":"DWX market data file not found — waiting for MT5 to create it...","timestamp":"2026-03-29 08:52:14"}
{"level":"warn","message":"Price feed has stale data:","staleCount":4,"timestamp":"2026-03-29 08:52:14","total":4}
{"level":"warn","message":"DWX market data file not found — waiting for MT5 to create it...","timestamp":"2026-03-29 08:52:15"}
{"level":"warn","message":"Price feed has stale data:","staleCount":4,"timestamp":"2026-03-29 08:52:15","total":4}
{"level":"warn","message":"DWX market data file not found — waiting for MT5 to create it...","timestamp":"2026-03-29 08:52:16"}
{"level":"warn","message":"Price feed has stale data:","staleCount":4,"timestamp":"2026-03-29 08:52:16","total":4}
{"level":"warn","message":"DWX file not found — will retry watcher in 5s...","timestamp":"2026-03-29 08:52:17"}
{"level":"warn","message":"DWX market data file not found — waiting for MT5 to create it...","timestamp":"2026-03-29 08:52:17"}
{"level":"warn","message":"Price feed has stale data:","staleCount":4,"timestamp":"2026-03-29 08:52:17","total":4}
{"level":"warn","message":"DWX market data file not found — waiting for MT5 to create it...","timestamp":"2026-03-29 08:52:18"}
{"level":"warn","message":"Price feed has stale data:","staleCount":4,"timestamp":"2026-03-29 08:52:18","total":4}
{"level":"warn","message":"DWX market data file not found — waiting for MT5 to create it...","timestamp":"2026-03-29 08:52:19"}
{"level":"warn","message":"Price feed has stale data:","staleCount":4,"timestamp":"2026-03-29 08:52:19","total":4}
{"level":"warn","message":"DWX market data file not found — waiting for MT5 to create it...","timestamp":"2026-03-29 08:52:20"}
{"level":"warn","message":"Price feed has stale data:","staleCount":4,"timestamp":"2026-03-29 08:52:20","total":4}
{"level":"warn","message":"DWX market data file not found — waiting for MT5 to create it...","timestamp":"2026-03-29 08:52:21"}
{"level":"warn","message":"Price feed has stale data:","staleCount":4,"timestamp":"2026-03-29 08:52:21","total":4}
{"level":"warn","message":"DWX file not found — will retry watcher in 5s...","timestamp":"2026-03-29 08:52:22"}
{"level":"warn","message":"DWX market data file not found — waiting for MT5 to create it...","timestamp":"2026-03-29 08:52:22"}
{"level":"warn","message":"Price feed has stale data:","staleCount":4,"timestamp":"2026-03-29 08:52:22","total":4}
{"level":"warn","message":"DWX market data file not found — waiting for MT5 to create it...","timestamp":"2026-03-29 08:52:23"}
{"level":"warn","message":"Price feed has stale data:","staleCount":4,"timestamp":"2026-03-29 08:52:23","total":4}
{"level":"warn","message":"DWX market data file not found — waiting for MT5 to create it...","timestamp":"2026-03-29 08:52:24"}
{"level":"warn","message":"Price feed has stale data:","staleCount":4,"timestamp":"2026-03-29 08:52:24","total":4}
{"level":"warn","message":"DWX market data file not found — waiting for MT5 to create it...","timestamp":"2026-03-29 08:52:25"}
{"level":"warn","message":"Price feed has stale data:","staleCount":4,"timestamp":"2026-03-29 08:52:25","total":4}
{"level":"warn","message":"DWX market data file not found — waiting for MT5 to create it...","timestamp":"2026-03-29 08:52:26"}
{"level":"warn","message":"Price feed has stale data:","staleCount":4,"timestamp":"2026-03-29 08:52:26","total":4}
{"level":"warn","message":"DWX file not found — will retry watcher in 5s...","timestamp":"2026-03-29 08:52:27"}
{"level":"warn","message":"DWX market data file not found — waiting for MT5 to create it...","timestamp":"2026-03-29 08:52:27"}
{"level":"warn","message":"Price feed has stale data:","staleCount":4,"timestamp":"2026-03-29 08:52:27","total":4}
{"level":"warn","message":"DWX market data file not found — waiting for MT5 to create it...","timestamp":"2026-03-29 08:52:28"}
{"level":"warn","message":"Price feed has stale data:","staleCount":4,"timestamp":"2026-03-29 08:52:28","total":4}
{"level":"warn","message":"DWX market data file not found — waiting for MT5 to create it...","timestamp":"2026-03-29 08:52:29"}
{"level":"warn","message":"Price feed has stale data:","staleCount":4,"timestamp":"2026-03-29 08:52:29","total":4}
{"level":"warn","message":"DWX market data file not found — waiting for MT5 to create it...","timestamp":"2026-03-29 08:52:30"}
{"level":"warn","message":"Price feed has stale data:","staleCount":4,"timestamp":"2026-03-29 08:52:30","total":4}
{"level":"warn","message":"DWX market data file not found — waiting for MT5 to create it...","timestamp":"2026-03-29 08:52:31"}
{"level":"warn","message":"Price feed has stale data:","staleCount":4,"timestamp":"2026-03-29 08:52:31","total":4}
{"level":"warn","message":"DWX file not found — will retry watcher in 5s...","timestamp":"2026-03-29 08:52:32"}
{"level":"warn","message":"DWX market data file not found — waiting for MT5 to create it...","timestamp":"2026-03-29 08:52:32"}
{"level":"warn","message":"Price feed has stale data:","staleCount":4,"timestamp":"2026-03-29 08:52:32","total":4}
{"level":"warn","message":"DWX market data file not found — waiting for MT5 to create it...","timestamp":"2026-03-29 08:52:33"}
{"level":"warn","message":"Price feed has stale data:","staleCount":4,"timestamp":"2026-03-29 08:52:33","total":4}
{"level":"warn","message":"DWX market data file not found — waiting for MT5 to create it...","timestamp":"2026-03-29 08:52:34"}
{"level":"warn","message":"Price feed has stale data:","staleCount":4,"timestamp":"2026-03-29 08:52:34","total":4}
{"level":"warn","message":"DWX market data file not found — waiting for MT5 to create it...","timestamp":"2026-03-29 08:52:35"}
{"level":"warn","message":"Price feed has stale data:","staleCount":4,"timestamp":"2026-03-29 08:52:35","total":4}
{"level":"warn","message":"DWX market data file not found — waiting for MT5 to create it...","timestamp":"2026-03-29 08:52:36"}
{"level":"warn","message":"Price feed has stale data:","staleCount":4,"timestamp":"2026-03-29 08:52:36","total":4}
{"level":"warn","message":"DWX file not found — will retry watcher in 5s...","timestamp":"2026-03-29 08:52:37"}
{"level":"warn","message":"DWX market data file not found — waiting for MT5 to create it...","timestamp":"2026-03-29 08:52:37"}
{"level":"warn","message":"Price feed has stale data:","staleCount":4,"timestamp":"2026-03-29 08:52:37","total":4}
{"level":"warn","message":"DWX market data file not found — waiting for MT5 to create it...","timestamp":"2026-03-29 08:52:38"}
{"level":"warn","message":"Price feed has stale data:","staleCount":4,"timestamp":"2026-03-29 08:52:38","total":4}
{"level":"warn","message":"DWX market data file not found — waiting for MT5 to create it...","timestamp":"2026-03-29 08:52:39"}
{"level":"warn","message":"Price feed has stale data:","staleCount":4,"timestamp":"2026-03-29 08:52:39","total":4}
{"level":"warn","message":"DWX market data file not found — waiting for MT5 to create it...","timestamp":"2026-03-29 08:52:40"}
{"level":"warn","message":"Price feed has stale data:","staleCount":4,"timestamp":"2026-03-29 08:52:40","total":4}
{"level":"warn","message":"DWX market data file not found — waiting for MT5 to create it...","timestamp":"2026-03-29 08:52:41"}
{"level":"warn","message":"Price feed has stale data:","staleCount":4,"timestamp":"2026-03-29 08:52:41","total":4}
{"level":"warn","message":"DWX file not found — will retry watcher in 5s...","timestamp":"2026-03-29 08:52:42"}
{"level":"warn","message":"DWX market data file not found — waiting for MT5 to create it...","timestamp":"2026-03-29 08:52:42"}
{"level":"warn","message":"Price feed has stale data:","staleCount":4,"timestamp":"2026-03-29 08:52:42","total":4}
{"level":"warn","message":"DWX market data file not found — waiting for MT5 to create it...","timestamp":"2026-03-29 08:52:43"}
{"level":"warn","message":"Price feed has stale data:","staleCount":4,"timestamp":"2026-03-29 08:52:43","total":4}
{"level":"warn","message":"DWX market data file not found — waiting for MT5 to create it...","timestamp":"2026-03-29 08:52:44"}
{"level":"warn","message":"Price feed has stale data:","staleCount":4,"timestamp":"2026-03-29 08:52:44","total":4}
{"level":"warn","message":"DWX market data file not found — waiting for MT5 to create it...","timestamp":"2026-03-29 08:52:45"}
{"level":"warn","message":"Price feed has stale data:","staleCount":4,"timestamp":"2026-03-29 08:52:45","total":4}
{"level":"warn","message":"DWX market data file not found — waiting for MT5 to create it...","timestamp":"2026-03-29 08:52:46"}
{"level":"warn","message":"Price feed has stale data:","staleCount":4,"timestamp":"2026-03-29 08:52:46","total":4}
{"level":"warn","message":"DWX file not found — will retry watcher in 5s...","timestamp":"2026-03-29 08:52:47"}
{"level":"warn","message":"DWX market data file not found — waiting for MT5 to create it...","timestamp":"2026-03-29 08:52:47"}
{"level":"warn","message":"Price feed has stale data:","staleCount":4,"timestamp":"2026-03-29 08:52:47","total":4}
{"level":"warn","message":"DWX market data file not found — waiting for MT5 to create it...","timestamp":"2026-03-29 08:52:48"}
{"level":"warn","message":"Price feed has stale data:","staleCount":4,"timestamp":"2026-03-29 08:52:48","total":4}
{"level":"warn","message":"DWX market data file not found — waiting for MT5 to create it...","timestamp":"2026-03-29 08:52:49"}
{"level":"warn","message":"Price feed has stale data:","staleCount":4,"timestamp":"2026-03-29 08:52:49","total":4}
{"level":"warn","message":"DWX market data file not found — waiting for MT5 to create it...","timestamp":"2026-03-29 08:52:50"}
{"level":"warn","message":"Price feed has stale data:","staleCount":4,"timestamp":"2026-03-29 08:52:50","total":4}
{"level":"warn","message":"DWX market data file not found — waiting for MT5 to create it...","timestamp":"2026-03-29 08:52:51"}
{"level":"warn","message":"Price feed has stale data:","staleCount":4,"timestamp":"2026-03-29 08:52:51","total":4}
{"level":"warn","message":"DWX file not found — will retry watcher in 5s...","timestamp":"2026-03-29 08:52:52"}
{"level":"warn","message":"DWX market data file not found — waiting for MT5 to create it...","timestamp":"2026-03-29 08:52:52"}
{"level":"warn","message":"Price feed has stale data:","staleCount":4,"timestamp":"2026-03-29 08:52:52","total":4}
{"level":"warn","message":"DWX market data file not found — waiting for MT5 to create it...","timestamp":"2026-03-29 08:52:53"}
{"level":"warn","message":"Price feed has stale data:","staleCount":4,"timestamp":"2026-03-29 08:52:53","total":4}
{"level":"warn","message":"DWX market data file not found — waiting for MT5 to create it...","timestamp":"2026-03-29 08:52:54"}
{"level":"warn","message":"Price feed has stale data:","staleCount":4,"timestamp":"2026-03-29 08:52:54","total":4}
{"level":"warn","message":"DWX market data file not found — waiting for MT5 to create it...","timestamp":"2026-03-29 08:52:55"}
{"level":"warn","message":"Price feed has stale data:","staleCount":4,"timestamp":"2026-03-29 08:52:55","total":4}
{"level":"warn","message":"DWX market data file not found — waiting for MT5 to create it...","timestamp":"2026-03-29 08:52:56"}
{"level":"warn","message":"Price feed has stale data:","staleCount":4,"timestamp":"2026-03-29 08:52:56","total":4}
{"level":"warn","message":"DWX file not found — will retry watcher in 5s...","timestamp":"2026-03-29 08:52:57"}
{"level":"warn","message":"DWX market data file not found — waiting for MT5 to create it...","timestamp":"2026-03-29 08:52:57"}
{"level":"warn","message":"Price feed has stale data:","staleCount":4,"timestamp":"2026-03-29 08:52:57","total":4}
{"level":"warn","message":"DWX market data file not found — waiting for MT5 to create it...","timestamp":"2026-03-29 08:52:58"}
{"level":"warn","message":"Price feed has stale data:","staleCount":4,"timestamp":"2026-03-29 08:52:58","total":4}
{"level":"warn","message":"DWX market data file not found — waiting for MT5 to create it...","timestamp":"2026-03-29 08:52:59"}
{"level":"warn","message":"Price feed has stale data:","staleCount":4,"timestamp":"2026-03-29 08:52:59","total":4}
{"level":"warn","message":"DWX market data file not found — waiting for MT5 to create it...","timestamp":"2026-03-29 08:53:00"}
{"level":"warn","message":"Price feed has stale data:","staleCount":4,"timestamp":"2026-03-29 08:53:00","total":4}
{"level":"warn","message":"DWX market data file not found — waiting for MT5 to create it...","timestamp":"2026-03-29 08:53:01"}
{"level":"warn","message":"Price feed has stale data:","staleCount":4,"timestamp":"2026-03-29 08:53:01","total":4}
{"level":"warn","message":"DWX file not found — will retry watcher in 5s...","timestamp":"2026-03-29 08:53:02"}
{"level":"warn","message":"DWX market data file not found — waiting for MT5 to create it...","timestamp":"2026-03-29 08:53:02"}
{"level":"warn","message":"Price feed has stale data:","staleCount":4,"timestamp":"2026-03-29 08:53:02","total":4}
{"level":"warn","message":"DWX market data file not found — waiting for MT5 to create it...","timestamp":"2026-03-29 08:53:03"}
{"level":"warn","message":"Price feed has stale data:","staleCount":4,"timestamp":"2026-03-29 08:53:03","total":4}
{"level":"warn","message":"DWX market data file not found — waiting for MT5 to create it...","timestamp":"2026-03-29 08:53:04"}
{"level":"warn","message":"Price feed has stale data:","staleCount":4,"timestamp":"2026-03-29 08:53:04","total":4}
{"level":"warn","message":"DWX market data file not found — waiting for MT5 to create it...","timestamp":"2026-03-29 08:53:05"}
{"level":"warn","message":"Price feed has stale data:","staleCount":4,"timestamp":"2026-03-29 08:53:05","total":4}
{"level":"warn","message":"DWX market data file not found — waiting for MT5 to create it...","timestamp":"2026-03-29 08:53:06"}
{"level":"warn","message":"Price feed has stale data:","staleCount":4,"timestamp":"2026-03-29 08:53:06","total":4}
{"level":"warn","message":"DWX file not found — will retry watcher in 5s...","timestamp":"2026-03-29 08:53:07"}
{"level":"warn","message":"DWX market data file not found — waiting for MT5 to create it...","timestamp":"2026-03-29 08:53:07"}
{"level":"warn","message":"Price feed has stale data:","staleCount":4,"timestamp":"2026-03-29 08:53:07","total":4}
{"level":"warn","message":"DWX market data file not found — waiting for MT5 to create it...","timestamp":"2026-03-29 08:53:08"}
{"level":"warn","message":"Price feed has stale data:","staleCount":4,"timestamp":"2026-03-29 08:53:08","total":4}
{"level":"warn","message":"DWX market data file not found — waiting for MT5 to create it...","timestamp":"2026-03-29 08:53:09"}
{"level":"warn","message":"Price feed has stale data:","staleCount":4,"timestamp":"2026-03-29 08:53:09","total":4}
{"level":"warn","message":"DWX market data file not found — waiting for MT5 to create it...","timestamp":"2026-03-29 08:53:10"}
{"level":"warn","message":"Price feed has stale data:","staleCount":4,"timestamp":"2026-03-29 08:53:10","total":4}
{"level":"warn","message":"DWX market data file not found — waiting for MT5 to create it...","timestamp":"2026-03-29 08:53:11"}
{"level":"warn","message":"Price feed has stale data:","staleCount":4,"timestamp":"2026-03-29 08:53:11","total":4}
{"level":"warn","message":"DWX file not found — will retry watcher in 5s...","timestamp":"2026-03-29 08:53:12"}
{"level":"warn","message":"DWX market data file not found — waiting for MT5 to create it...","timestamp":"2026-03-29 08:53:12"}
{"level":"warn","message":"Price feed has stale data:","staleCount":4,"timestamp":"2026-03-29 08:53:12","total":4}
{"level":"warn","message":"DWX market data file not found — waiting for MT5 to create it...","timestamp":"2026-03-29 08:53:13"}
{"level":"warn","message":"Price feed has stale data:","staleCount":4,"timestamp":"2026-03-29 08:53:13","total":4}
{"level":"warn","message":"DWX market data file not found — waiting for MT5 to create it...","timestamp":"2026-03-29 08:53:14"}
{"level":"warn","message":"Price feed has stale data:","staleCount":4,"timestamp":"2026-03-29 08:53:14","total":4}
{"level":"warn","message":"DWX market data file not found — waiting for MT5 to create it...","timestamp":"2026-03-29 08:53:15"}
{"level":"warn","message":"Price feed has stale data:","staleCount":4,"timestamp":"2026-03-29 08:53:15","total":4}
{"level":"warn","message":"DWX market data file not found — waiting for MT5 to create it...","timestamp":"2026-03-29 08:53:16"}
{"level":"warn","message":"Price feed has stale data:","staleCount":4,"timestamp":"2026-03-29 08:53:16","total":4}
{"level":"warn","message":"DWX file not found — will retry watcher in 5s...","timestamp":"2026-03-29 08:53:17"}
{"level":"warn","message":"DWX market data file not found — waiting for MT5 to create it...","timestamp":"2026-03-29 08:53:17"}
{"level":"warn","message":"Price feed has stale data:","staleCount":4,"timestamp":"2026-03-29 08:53:17","total":4}
{"level":"warn","message":"DWX market data file not found — waiting for MT5 to create it...","timestamp":"2026-03-29 08:53:18"}
{"level":"warn","message":"Price feed has stale data:","staleCount":4,"timestamp":"2026-03-29 08:53:18","total":4}
{"level":"warn","message":"DWX market data file not found — waiting for MT5 to create it...","timestamp":"2026-03-29 08:53:19"}
{"level":"warn","message":"Price feed has stale data:","staleCount":4,"timestamp":"2026-03-29 08:53:19","total":4}
{"level":"warn","message":"DWX market data file not found — waiting for MT5 to create it...","timestamp":"2026-03-29 08:53:20"}
{"level":"warn","message":"Price feed has stale data:","staleCount":4,"timestamp":"2026-03-29 08:53:20","total":4}
{"level":"warn","message":"DWX market data file not found — waiting for MT5 to create it...","timestamp":"2026-03-29 08:53:21"}
{"level":"warn","message":"Price feed has stale data:","staleCount":4,"timestamp":"2026-03-29 08:53:21","total":4}
{"level":"warn","message":"DWX file not found — will retry watcher in 5s...","timestamp":"2026-03-29 08:53:22"}
{"level":"warn","message":"DWX market data file not found — waiting for MT5 to create it...","timestamp":"2026-03-29 08:53:22"}
{"level":"warn","message":"Price feed has stale data:","staleCount":4,"timestamp":"2026-03-29 08:53:22","total":4}
{"level":"warn","message":"DWX market data file not found — waiting for MT5 to create it...","timestamp":"2026-03-29 08:53:23"}
{"level":"warn","message":"Price feed has stale data:","staleCount":4,"timestamp":"2026-03-29 08:53:23","total":4}
{"level":"warn","message":"DWX market data file not found — waiting for MT5 to create it...","timestamp":"2026-03-29 08:53:24"}
{"level":"warn","message":"Price feed has stale data:","staleCount":4,"timestamp":"2026-03-29 08:53:24","total":4}
{"level":"warn","message":"DWX market data file not found — waiting for MT5 to create it...","timestamp":"2026-03-29 08:53:25"}
{"level":"warn","message":"Price feed has stale data:","staleCount":4,"timestamp":"2026-03-29 08:53:25","total":4}
{"level":"warn","message":"DWX market data file not found — waiting for MT5 to create it...","timestamp":"2026-03-29 08:53:26"}
{"level":"warn","message":"Price feed has stale data:","staleCount":4,"timestamp":"2026-03-29 08:53:26","total":4}
{"level":"warn","message":"DWX file not found — will retry watcher in 5s...","timestamp":"2026-03-29 08:53:27"}
{"level":"warn","message":"DWX market data file not found — waiting for MT5 to create it...","timestamp":"2026-03-29 08:53:27"}
{"level":"warn","message":"Price feed has stale data:","staleCount":4,"timestamp":"2026-03-29 08:53:27","total":4}
{"level":"warn","message":"DWX market data file not found — waiting for MT5 to create it...","timestamp":"2026-03-29 08:53:28"}
{"level":"warn","message":"Price feed has stale data:","staleCount":4,"timestamp":"2026-03-29 08:53:28","total":4}
{"level":"warn","message":"DWX market data file not found — waiting for MT5 to create it...","timestamp":"2026-03-29 08:53:29"}
{"level":"warn","message":"Price feed has stale data:","staleCount":4,"timestamp":"2026-03-29 08:53:29","total":4}
{"level":"warn","message":"DWX market data file not found — waiting for MT5 to create it...","timestamp":"2026-03-29 08:53:30"}
{"level":"warn","message":"Price feed has stale data:","staleCount":4,"timestamp":"2026-03-29 08:53:30","total":4}
{"level":"warn","message":"DWX market data file not found — waiting for MT5 to create it...","timestamp":"2026-03-29 08:53:31"}
{"level":"warn","message":"Price feed has stale data:","staleCount":4,"timestamp":"2026-03-29 08:53:31","total":4}
{"level":"warn","message":"DWX file not found — will retry watcher in 5s...","timestamp":"2026-03-29 08:53:32"}
{"level":"warn","message":"DWX market data file not found — waiting for MT5 to create it...","timestamp":"2026-03-29 08:53:32"}
{"level":"warn","message":"Price feed has stale data:","staleCount":4,"timestamp":"2026-03-29 08:53:32","total":4}
{"level":"warn","message":"DWX market data file not found — waiting for MT5 to create it...","timestamp":"2026-03-29 08:53:33"}
{"level":"warn","message":"Price feed has stale data:","staleCount":4,"timestamp":"2026-03-29 08:53:33","total":4}
{"level":"warn","message":"DWX market data file not found — waiting for MT5 to create it...","timestamp":"2026-03-29 08:53:34"}
{"level":"warn","message":"Price feed has stale data:","staleCount":4,"timestamp":"2026-03-29 08:53:34","total":4}
{"level":"warn","message":"DWX market data file not found — waiting for MT5 to create it...","timestamp":"2026-03-29 08:53:35"}
{"level":"warn","message":"Price feed has stale data:","staleCount":4,"timestamp":"2026-03-29 08:53:35","total":4}
{"level":"warn","message":"DWX market data file not found — waiting for MT5 to create it...","timestamp":"2026-03-29 08:53:37"}
{"level":"warn","message":"Price feed has stale data:","staleCount":4,"timestamp":"2026-03-29 08:53:37","total":4}
{"level":"warn","message":"DWX file not found — will retry watcher in 5s...","timestamp":"2026-03-29 08:53:37"}
{"level":"warn","message":"DWX market data file not found — waiting for MT5 to create it...","timestamp":"2026-03-29 08:53:38"}
{"level":"warn","message":"Price feed has stale data:","staleCount":4,"timestamp":"2026-03-29 08:53:38","total":4}
{"level":"warn","message":"DWX market data file not found — waiting for MT5 to create it...","timestamp":"2026-03-29 08:53:39"}
{"level":"warn","message":"Price feed has stale data:","staleCount":4,"timestamp":"2026-03-29 08:53:39","total":4}
{"level":"warn","message":"DWX market data file not found — waiting for MT5 to create it...","timestamp":"2026-03-29 08:53:40"}
{"level":"warn","message":"Price feed has stale data:","staleCount":4,"timestamp":"2026-03-29 08:53:40","total":4}
{"level":"warn","message":"DWX market data file not found — waiting for MT5 to create it...","timestamp":"2026-03-29 08:53:41"}
{"level":"warn","message":"Price feed has stale data:","staleCount":4,"timestamp":"2026-03-29 08:53:41","total":4}
{"level":"warn","message":"DWX market data file not found — waiting for MT5 to create it...","timestamp":"2026-03-29 08:53:42"}
{"level":"warn","message":"Price feed has stale data:","staleCount":4,"timestamp":"2026-03-29 08:53:42","total":4}
{"level":"warn","message":"DWX file not found — will retry watcher in 5s...","timestamp":"2026-03-29 08:53:42"}
{"level":"warn","message":"DWX market data file not found — waiting for MT5 to create it...","timestamp":"2026-03-29 08:53:43"}
{"level":"warn","message":"Price feed has stale data:","staleCount":4,"timestamp":"2026-03-29 08:53:43","total":4}
{"level":"warn","message":"DWX market data file not found — waiting for MT5 to create it...","timestamp":"2026-03-29 08:53:44"}
{"level":"warn","message":"Price feed has stale data:","staleCount":4,"timestamp":"2026-03-29 08:53:44","total":4}
{"level":"warn","message":"DWX market data file not found — waiting for MT5 to create it...","timestamp":"2026-03-29 08:53:45"}
{"level":"warn","message":"Price feed has stale data:","staleCount":4,"timestamp":"2026-03-29 08:53:45","total":4}
{"level":"warn","message":"DWX market data file not found — waiting for MT5 to create it...","timestamp":"2026-03-29 08:53:46"}
{"level":"warn","message":"Price feed has stale data:","staleCount":4,"timestamp":"2026-03-29 08:53:46","total":4}
{"level":"warn","message":"DWX market data file not found — waiting for MT5 to create it...","timestamp":"2026-03-29 08:53:47"}
{"level":"warn","message":"Price feed has stale data:","staleCount":4,"timestamp":"2026-03-29 08:53:47","total":4}
{"level":"warn","message":"DWX file not found — will retry watcher in 5s...","timestamp":"2026-03-29 08:53:47"}
{"level":"warn","message":"DWX market data file not found — waiting for MT5 to create it...","timestamp":"2026-03-29 08:53:48"}
{"level":"warn","message":"Price feed has stale data:","staleCount":4,"timestamp":"2026-03-29 08:53:48","total":4}
{"level":"warn","message":"DWX market data file not found — waiting for MT5 to create it...","timestamp":"2026-03-29 08:53:49"}
{"level":"warn","message":"Price feed has stale data:","staleCount":4,"timestamp":"2026-03-29 08:53:49","total":4}
{"level":"warn","message":"DWX market data file not found — waiting for MT5 to create it...","timestamp":"2026-03-29 08:53:50"}
{"level":"warn","message":"Price feed has stale data:","staleCount":4,"timestamp":"2026-03-29 08:53:50","total":4}
{"level":"warn","message":"DWX market data file not found — waiting for MT5 to create it...","timestamp":"2026-03-29 08:53:51"}
{"level":"warn","message":"Price feed has stale data:","staleCount":4,"timestamp":"2026-03-29 08:53:51","total":4}
{"level":"warn","message":"DWX market data file not found — waiting for MT5 to create it...","timestamp":"2026-03-29 08:53:52"}
{"level":"warn","message":"Price feed has stale data:","staleCount":4,"timestamp":"2026-03-29 08:53:52","total":4}
{"level":"warn","message":"DWX file not found — will retry watcher in 5s...","timestamp":"2026-03-29 08:53:52"}
{"level":"warn","message":"DWX market data file not found — waiting for MT5 to create it...","timestamp":"2026-03-29 08:53:53"}
{"level":"warn","message":"Price feed has stale data:","staleCount":4,"timestamp":"2026-03-29 08:53:53","total":4}
{"level":"warn","message":"DWX market data file not found — waiting for MT5 to create it...","timestamp":"2026-03-29 08:53:54"}
{"level":"warn","message":"Price feed has stale data:","staleCount":4,"timestamp":"2026-03-29 08:53:54","total":4}
{"level":"warn","message":"DWX market data file not found — waiting for MT5 to create it...","timestamp":"2026-03-29 08:53:55"}
{"level":"warn","message":"Price feed has stale data:","staleCount":4,"timestamp":"2026-03-29 08:53:55","total":4}
{"level":"warn","message":"DWX market data file not found — waiting for MT5 to create it...","timestamp":"2026-03-29 08:53:56"}
{"level":"warn","message":"Price feed has stale data:","staleCount":4,"timestamp":"2026-03-29 08:53:56","total":4}
{"level":"warn","message":"DWX market data file not found — waiting for MT5 to create it...","timestamp":"2026-03-29 08:53:57"}
{"level":"warn","message":"Price feed has stale data:","staleCount":4,"timestamp":"2026-03-29 08:53:57","total":4}
{"level":"warn","message":"DWX file not found — will retry watcher in 5s...","timestamp":"2026-03-29 08:53:57"}
{"level":"warn","message":"DWX market data file not found — waiting for MT5 to create it...","timestamp":"2026-03-29 08:53:58"}
{"level":"warn","message":"Price feed has stale data:","staleCount":4,"timestamp":"2026-03-29 08:53:58","total":4}
{"level":"warn","message":"DWX market data file not found — waiting for MT5 to create it...","timestamp":"2026-03-29 08:53:59"}
{"level":"warn","message":"Price feed has stale data:","staleCount":4,"timestamp":"2026-03-29 08:53:59","total":4}
{"level":"warn","message":"DWX market data file not found — waiting for MT5 to create it...","timestamp":"2026-03-29 08:54:00"}
{"level":"warn","message":"Price feed has stale data:","staleCount":4,"timestamp":"2026-03-29 08:54:00","total":4}
{"level":"warn","message":"DWX market data file not found — waiting for MT5 to create it...","timestamp":"2026-03-29 08:54:01"}
{"level":"warn","message":"Price feed has stale data:","staleCount":4,"timestamp":"2026-03-29 08:54:01","total":4}
{"level":"warn","message":"DWX market data file not found — waiting for MT5 to create it...","timestamp":"2026-03-29 08:54:02"}
{"level":"warn","message":"Price feed has stale data:","staleCount":4,"timestamp":"2026-03-29 08:54:02","total":4}
{"level":"warn","message":"DWX file not found — will retry watcher in 5s...","timestamp":"2026-03-29 08:54:02"}
{"level":"warn","message":"DWX market data file not found — waiting for MT5 to create it...","timestamp":"2026-03-29 08:54:03"}
{"level":"warn","message":"Price feed has stale data:","staleCount":4,"timestamp":"2026-03-29 08:54:03","total":4}
{"level":"warn","message":"DWX market data file not found — waiting for MT5 to create it...","timestamp":"2026-03-29 08:54:04"}
{"level":"warn","message":"Price feed has stale data:","staleCount":4,"timestamp":"2026-03-29 08:54:04","total":4}
{"level":"warn","message":"DWX market data file not found — waiting for MT5 to create it...","timestamp":"2026-03-29 08:54:05"}
{"level":"warn","message":"Price feed has stale data:","staleCount":4,"timestamp":"2026-03-29 08:54:05","total":4}
{"level":"warn","message":"DWX market data file not found — waiting for MT5 to create it...","timestamp":"2026-03-29 08:54:06"}
{"level":"warn","message":"Price feed has stale data:","staleCount":4,"timestamp":"2026-03-29 08:54:06","total":4}
{"level":"warn","message":"DWX market data file not found — waiting for MT5 to create it...","timestamp":"2026-03-29 08:54:07"}
{"level":"warn","message":"Price feed has stale data:","staleCount":4,"timestamp":"2026-03-29 08:54:07","total":4}
{"level":"warn","message":"DWX file not found — will retry watcher in 5s...","timestamp":"2026-03-29 08:54:07"}
{"level":"warn","message":"DWX market data file not found — waiting for MT5 to create it...","timestamp":"2026-03-29 08:54:08"}
{"level":"warn","message":"Price feed has stale data:","staleCount":4,"timestamp":"2026-03-29 08:54:08","total":4}
{"level":"warn","message":"DWX market data file not found — waiting for MT5 to create it...","timestamp":"2026-03-29 08:54:09"}
{"level":"warn","message":"Price feed has stale data:","staleCount":4,"timestamp":"2026-03-29 08:54:09","total":4}
{"level":"warn","message":"DWX market data file not found — waiting for MT5 to create it...","timestamp":"2026-03-29 08:54:10"}
{"level":"warn","message":"Price feed has stale data:","staleCount":4,"timestamp":"2026-03-29 08:54:10","total":4}
{"level":"warn","message":"DWX market data file not found — waiting for MT5 to create it...","timestamp":"2026-03-29 08:54:11"}
{"level":"warn","message":"Price feed has stale data:","staleCount":4,"timestamp":"2026-03-29 08:54:11","total":4}
{"level":"warn","message":"DWX market data file not found — waiting for MT5 to create it...","timestamp":"2026-03-29 08:54:12"}
{"level":"warn","message":"Price feed has stale data:","staleCount":4,"timestamp":"2026-03-29 08:54:12","total":4}
{"level":"warn","message":"DWX file not found — will retry watcher in 5s...","timestamp":"2026-03-29 08:54:12"}
{"level":"warn","message":"DWX market data file not found — waiting for MT5 to create it...","timestamp":"2026-03-29 08:54:13"}
{"level":"warn","message":"Price feed has stale data:","staleCount":4,"timestamp":"2026-03-29 08:54:13","total":4}
{"level":"warn","message":"DWX market data file not found — waiting for MT5 to create it...","timestamp":"2026-03-29 08:54:14"}
{"level":"warn","message":"Price feed has stale data:","staleCount":4,"timestamp":"2026-03-29 08:54:14","total":4}
{"level":"warn","message":"DWX market data file not found — waiting for MT5 to create it...","timestamp":"2026-03-29 08:54:15"}
{"level":"warn","message":"Price feed has stale data:","staleCount":4,"timestamp":"2026-03-29 08:54:15","total":4}
{"level":"warn","message":"DWX market data file not found — waiting for MT5 to create it...","timestamp":"2026-03-29 08:54:16"}
{"level":"warn","message":"Price feed has stale data:","staleCount":4,"timestamp":"2026-03-29 08:54:16","total":4}
{"level":"warn","message":"DWX market data file not found — waiting for MT5 to create it...","timestamp":"2026-03-29 08:54:17"}
{"level":"warn","message":"Price feed has stale data:","staleCount":4,"timestamp":"2026-03-29 08:54:17","total":4}
{"level":"warn","message":"DWX file not found — will retry watcher in 5s...","timestamp":"2026-03-29 08:54:17"}
{"level":"warn","message":"DWX market data file not found — waiting for MT5 to create it...","timestamp":"2026-03-29 08:54:18"}
{"level":"warn","message":"Price feed has stale data:","staleCount":4,"timestamp":"2026-03-29 08:54:18","total":4}
{"level":"warn","message":"DWX market data file not found — waiting for MT5 to create it...","timestamp":"2026-03-29 08:54:19"}
{"level":"warn","message":"Price feed has stale data:","staleCount":4,"timestamp":"2026-03-29 08:54:19","total":4}
{"level":"warn","message":"DWX market data file not found — waiting for MT5 to create it...","timestamp":"2026-03-29 08:54:20"}
{"level":"warn","message":"Price feed has stale data:","staleCount":4,"timestamp":"2026-03-29 08:54:20","total":4}
{"level":"warn","message":"DWX market data file not found — waiting for MT5 to create it...","timestamp":"2026-03-29 08:54:21"}
{"level":"warn","message":"Price feed has stale data:","staleCount":4,"timestamp":"2026-03-29 08:54:21","total":4}
{"level":"warn","message":"DWX market data file not found — waiting for MT5 to create it...","timestamp":"2026-03-29 08:54:22"}
{"level":"warn","message":"Price feed has stale data:","staleCount":4,"timestamp":"2026-03-29 08:54:22","total":4}
{"level":"warn","message":"DWX file not found — will retry watcher in 5s...","timestamp":"2026-03-29 08:54:22"}
{"level":"warn","message":"DWX market data file not found — waiting for MT5 to create it...","timestamp":"2026-03-29 08:54:23"}
{"level":"warn","message":"Price feed has stale data:","staleCount":4,"timestamp":"2026-03-29 08:54:23","total":4}
{"level":"warn","message":"DWX market data file not found — waiting for MT5 to create it...","timestamp":"2026-03-29 08:54:24"}
{"level":"warn","message":"Price feed has stale data:","staleCount":4,"timestamp":"2026-03-29 08:54:24","total":4}
{"level":"warn","message":"DWX market data file not found — waiting for MT5 to create it...","timestamp":"2026-03-29 08:54:25"}
{"level":"warn","message":"Price feed has stale data:","staleCount":4,"timestamp":"2026-03-29 08:54:25","total":4}
{"level":"warn","message":"DWX market data file not found — waiting for MT5 to create it...","timestamp":"2026-03-29 08:54:26"}
{"level":"warn","message":"Price feed has stale data:","staleCount":4,"timestamp":"2026-03-29 08:54:26","total":4}
{"level":"warn","message":"DWX market data file not found — waiting for MT5 to create it...","timestamp":"2026-03-29 08:54:27"}
{"level":"warn","message":"Price feed has stale data:","staleCount":4,"timestamp":"2026-03-29 08:54:27","total":4}
{"level":"warn","message":"DWX file not found — will retry watcher in 5s...","timestamp":"2026-03-29 08:54:27"}
{"level":"warn","message":"DWX market data file not found — waiting for MT5 to create it...","timestamp":"2026-03-29 08:54:28"}
{"level":"warn","message":"Price feed has stale data:","staleCount":4,"timestamp":"2026-03-29 08:54:28","total":4}
{"level":"warn","message":"DWX market data file not found — waiting for MT5 to create it...","timestamp":"2026-03-29 08:54:29"}
{"level":"warn","message":"Price feed has stale data:","staleCount":4,"timestamp":"2026-03-29 08:54:29","total":4}
{"level":"warn","message":"DWX market data file not found — waiting for MT5 to create it...","timestamp":"2026-03-29 08:54:30"}
{"level":"warn","message":"Price feed has stale data:","staleCount":4,"timestamp":"2026-03-29 08:54:30","total":4}
{"level":"warn","message":"DWX market data file not found — waiting for MT5 to create it...","timestamp":"2026-03-29 08:54:31"}
{"level":"warn","message":"Price feed has stale data:","staleCount":4,"timestamp":"2026-03-29 08:54:31","total":4}
{"level":"warn","message":"DWX market data file not found — waiting for MT5 to create it...","timestamp":"2026-03-29 08:54:32"}
{"level":"warn","message":"Price feed has stale data:","staleCount":4,"timestamp":"2026-03-29 08:54:32","total":4}
{"level":"warn","message":"DWX file not found — will retry watcher in 5s...","timestamp":"2026-03-29 08:54:32"}
{"level":"warn","message":"DWX market data file not found — waiting for MT5 to create it...","timestamp":"2026-03-29 08:54:33"}
{"level":"warn","message":"Price feed has stale data:","staleCount":4,"timestamp":"2026-03-29 08:54:33","total":4}
{"level":"warn","message":"DWX market data file not found — waiting for MT5 to create it...","timestamp":"2026-03-29 08:54:34"}
{"level":"warn","message":"Price feed has stale data:","staleCount":4,"timestamp":"2026-03-29 08:54:34","total":4}
{"level":"warn","message":"DWX market data file not found — waiting for MT5 to create it...","timestamp":"2026-03-29 08:54:35"}
{"level":"warn","message":"Price feed has stale data:","staleCount":4,"timestamp":"2026-03-29 08:54:35","total":4}
{"level":"warn","message":"DWX market data file not found — waiting for MT5 to create it...","timestamp":"2026-03-29 08:54:36"}
{"level":"warn","message":"Price feed has stale data:","staleCount":4,"timestamp":"2026-03-29 08:54:36","total":4}
{"level":"warn","message":"DWX market data file not found — waiting for MT5 to create it...","timestamp":"2026-03-29 08:54:37"}
{"level":"warn","message":"Price feed has stale data:","staleCount":4,"timestamp":"2026-03-29 08:54:37","total":4}
{"level":"warn","message":"DWX file not found — will retry watcher in 5s...","timestamp":"2026-03-29 08:54:37"}
{"level":"warn","message":"DWX market data file not found — waiting for MT5 to create it...","timestamp":"2026-03-29 08:54:38"}
{"level":"warn","message":"Price feed has stale data:","staleCount":4,"timestamp":"2026-03-29 08:54:38","total":4}
{"level":"warn","message":"DWX market data file not found — waiting for MT5 to create it...","timestamp":"2026-03-29 08:54:39"}
{"level":"warn","message":"Price feed has stale data:","staleCount":4,"timestamp":"2026-03-29 08:54:39","total":4}
{"level":"warn","message":"DWX market data file not found — waiting for MT5 to create it...","timestamp":"2026-03-29 08:54:40"}
{"level":"warn","message":"Price feed has stale data:","staleCount":4,"timestamp":"2026-03-29 08:54:40","total":4}
{"level":"warn","message":"DWX market data file not found — waiting for MT5 to create it...","timestamp":"2026-03-29 08:54:41"}
{"level":"warn","message":"Price feed has stale data:","staleCount":4,"timestamp":"2026-03-29 08:54:41","total":4}
{"level":"warn","message":"DWX market data file not found — waiting for MT5 to create it...","timestamp":"2026-03-29 08:54:42"}
{"level":"warn","message":"Price feed has stale data:","staleCount":4,"timestamp":"2026-03-29 08:54:42","total":4}
{"level":"warn","message":"DWX file not found — will retry watcher in 5s...","timestamp":"2026-03-29 08:54:42"}
{"level":"warn","message":"DWX market data file not found — waiting for MT5 to create it...","timestamp":"2026-03-29 08:54:43"}
{"level":"warn","message":"Price feed has stale data:","staleCount":4,"timestamp":"2026-03-29 08:54:43","total":4}
{"level":"warn","message":"DWX market data file not found — waiting for MT5 to create it...","timestamp":"2026-03-29 08:54:44"}
{"level":"warn","message":"Price feed has stale data:","staleCount":4,"timestamp":"2026-03-29 08:54:44","total":4}
{"level":"warn","message":"DWX market data file not found — waiting for MT5 to create it...","timestamp":"2026-03-29 08:54:45"}
{"level":"warn","message":"Price feed has stale data:","staleCount":4,"timestamp":"2026-03-29 08:54:45","total":4}
{"level":"warn","message":"DWX market data file not found — waiting for MT5 to create it...","timestamp":"2026-03-29 08:54:46"}
{"level":"warn","message":"Price feed has stale data:","staleCount":4,"timestamp":"2026-03-29 08:54:46","total":4}
{"level":"warn","message":"DWX market data file not found — waiting for MT5 to create it...","timestamp":"2026-03-29 08:54:47"}
{"level":"warn","message":"Price feed has stale data:","staleCount":4,"timestamp":"2026-03-29 08:54:47","total":4}
{"level":"warn","message":"DWX file not found — will retry watcher in 5s...","timestamp":"2026-03-29 08:54:47"}
{"level":"warn","message":"DWX market data file not found — waiting for MT5 to create it...","timestamp":"2026-03-29 08:54:48"}
{"level":"warn","message":"Price feed has stale data:","staleCount":4,"timestamp":"2026-03-29 08:54:48","total":4}
{"level":"warn","message":"DWX market data file not found — waiting for MT5 to create it...","timestamp":"2026-03-29 08:54:49"}
{"level":"warn","message":"Price feed has stale data:","staleCount":4,"timestamp":"2026-03-29 08:54:49","total":4}
{"level":"warn","message":"DWX market data file not found — waiting for MT5 to create it...","timestamp":"2026-03-29 08:54:50"}
{"level":"warn","message":"Price feed has stale data:","staleCount":4,"timestamp":"2026-03-29 08:54:50","total":4}
{"level":"warn","message":"DWX market data file not found — waiting for MT5 to create it...","timestamp":"2026-03-29 08:54:51"}
{"level":"warn","message":"Price feed has stale data:","staleCount":4,"timestamp":"2026-03-29 08:54:51","total":4}
{"level":"warn","message":"DWX file not found — will retry watcher in 5s...","timestamp":"2026-03-29 08:54:52"}
{"level":"warn","message":"DWX market data file not found — waiting for MT5 to create it...","timestamp":"2026-03-29 08:54:52"}
{"level":"warn","message":"Price feed has stale data:","staleCount":4,"timestamp":"2026-03-29 08:54:52","total":4}
{"level":"warn","message":"DWX market data file not found — waiting for MT5 to create it...","timestamp":"2026-03-29 08:54:53"}
{"level":"warn","message":"Price feed has stale data:","staleCount":4,"timestamp":"2026-03-29 08:54:53","total":4}
{"level":"warn","message":"DWX market data file not found — waiting for MT5 to create it...","timestamp":"2026-03-29 08:54:54"}
{"level":"warn","message":"Price feed has stale data:","staleCount":4,"timestamp":"2026-03-29 08:54:54","total":4}
{"level":"warn","message":"DWX market data file not found — waiting for MT5 to create it...","timestamp":"2026-03-29 08:54:55"}
{"level":"warn","message":"Price feed has stale data:","staleCount":4,"timestamp":"2026-03-29 08:54:55","total":4}
{"level":"warn","message":"DWX market data file not found — waiting for MT5 to create it...","timestamp":"2026-03-29 08:54:56"}
{"level":"warn","message":"Price feed has stale data:","staleCount":4,"timestamp":"2026-03-29 08:54:56","total":4}
{"level":"warn","message":"DWX file not found — will retry watcher in 5s...","timestamp":"2026-03-29 08:54:57"}
{"level":"warn","message":"DWX market data file not found — waiting for MT5 to create it...","timestamp":"2026-03-29 08:54:57"}
{"level":"warn","message":"Price feed has stale data:","staleCount":4,"timestamp":"2026-03-29 08:54:57","total":4}
{"level":"warn","message":"DWX market data file not found — waiting for MT5 to create it...","timestamp":"2026-03-29 08:54:58"}
{"level":"warn","message":"Price feed has stale data:","staleCount":4,"timestamp":"2026-03-29 08:54:58","total":4}
{"level":"warn","message":"DWX market data file not found — waiting for MT5 to create it...","timestamp":"2026-03-29 08:54:59"}
{"level":"warn","message":"Price feed has stale data:","staleCount":4,"timestamp":"2026-03-29 08:54:59","total":4}
{"level":"warn","message":"DWX market data file not found — waiting for MT5 to create it...","timestamp":"2026-03-29 08:55:00"}
{"level":"warn","message":"Price feed has stale data:","staleCount":4,"timestamp":"2026-03-29 08:55:00","total":4}
{"level":"warn","message":"DWX market data file not found — waiting for MT5 to create it...","timestamp":"2026-03-29 08:55:01"}
{"level":"warn","message":"Price feed has stale data:","staleCount":4,"timestamp":"2026-03-29 08:55:01","total":4}
{"level":"warn","message":"DWX file not found — will retry watcher in 5s...","timestamp":"2026-03-29 08:55:02"}
{"level":"warn","message":"DWX market data file not found — waiting for MT5 to create it...","timestamp":"2026-03-29 08:55:02"}
{"level":"warn","message":"Price feed has stale data:","staleCount":4,"timestamp":"2026-03-29 08:55:02","total":4}
{"level":"warn","message":"DWX market data file not found — waiting for MT5 to create it...","timestamp":"2026-03-29 08:55:03"}
{"level":"warn","message":"Price feed has stale data:","staleCount":4,"timestamp":"2026-03-29 08:55:03","total":4}
{"level":"warn","message":"DWX market data file not found — waiting for MT5 to create it...","timestamp":"2026-03-29 08:55:04"}
{"level":"warn","message":"Price feed has stale data:","staleCount":4,"timestamp":"2026-03-29 08:55:04","total":4}
{"level":"warn","message":"DWX market data file not found — waiting for MT5 to create it...","timestamp":"2026-03-29 08:55:05"}
{"level":"warn","message":"Price feed has stale data:","staleCount":4,"timestamp":"2026-03-29 08:55:05","total":4}
{"level":"warn","message":"DWX market data file not found — waiting for MT5 to create it...","timestamp":"2026-03-29 08:55:06"}
{"level":"warn","message":"Price feed has stale data:","staleCount":4,"timestamp":"2026-03-29 08:55:06","total":4}
{"level":"warn","message":"DWX file not found — will retry watcher in 5s...","timestamp":"2026-03-29 08:55:07"}
{"level":"warn","message":"DWX market data file not found — waiting for MT5 to create it...","timestamp":"2026-03-29 08:55:07"}
{"level":"warn","message":"Price feed has stale data:","staleCount":4,"timestamp":"2026-03-29 08:55:07","total":4}
{"level":"warn","message":"DWX market data file not found — waiting for MT5 to create it...","timestamp":"2026-03-29 08:55:08"}
{"level":"warn","message":"Price feed has stale data:","staleCount":4,"timestamp":"2026-03-29 08:55:08","total":4}
{"level":"warn","message":"DWX market data file not found — waiting for MT5 to create it...","timestamp":"2026-03-29 08:55:09"}
{"level":"warn","message":"Price feed has stale data:","staleCount":4,"timestamp":"2026-03-29 08:55:09","total":4}
{"level":"warn","message":"DWX market data file not found — waiting for MT5 to create it...","timestamp":"2026-03-29 08:55:10"}
{"level":"warn","message":"Price feed has stale data:","staleCount":4,"timestamp":"2026-03-29 08:55:10","total":4}
{"level":"warn","message":"DWX market data file not found — waiting for MT5 to create it...","timestamp":"2026-03-29 08:55:11"}
{"level":"warn","message":"Price feed has stale data:","staleCount":4,"timestamp":"2026-03-29 08:55:11","total":4}
{"level":"warn","message":"DWX file not found — will retry watcher in 5s...","timestamp":"2026-03-29 08:55:12"}
{"level":"warn","message":"DWX market data file not found — waiting for MT5 to create it...","timestamp":"2026-03-29 08:55:12"}
{"level":"warn","message":"Price feed has stale data:","staleCount":4,"timestamp":"2026-03-29 08:55:12","total":4}
{"level":"warn","message":"DWX market data file not found — waiting for MT5 to create it...","timestamp":"2026-03-29 08:55:13"}
{"level":"warn","message":"Price feed has stale data:","staleCount":4,"timestamp":"2026-03-29 08:55:13","total":4}
{"level":"warn","message":"DWX market data file not found — waiting for MT5 to create it...","timestamp":"2026-03-29 08:55:14"}
{"level":"warn","message":"Price feed has stale data:","staleCount":4,"timestamp":"2026-03-29 08:55:14","total":4}
{"level":"warn","message":"DWX market data file not found — waiting for MT5 to create it...","timestamp":"2026-03-29 08:55:15"}
{"level":"warn","message":"Price feed has stale data:","staleCount":4,"timestamp":"2026-03-29 08:55:15","total":4}
{"level":"warn","message":"DWX market data file not found — waiting for MT5 to create it...","timestamp":"2026-03-29 08:55:16"}
{"level":"warn","message":"Price feed has stale data:","staleCount":4,"timestamp":"2026-03-29 08:55:16","total":4}
{"level":"warn","message":"DWX file not found — will retry watcher in 5s...","timestamp":"2026-03-29 08:55:17"}
{"level":"warn","message":"DWX market data file not found — waiting for MT5 to create it...","timestamp":"2026-03-29 08:55:17"}
{"level":"warn","message":"Price feed has stale data:","staleCount":4,"timestamp":"2026-03-29 08:55:17","total":4}
{"duration_ms":1,"ip":"::1","level":"http","message":"GET /api/admin/announcement","status":404,"timestamp":"2026-03-29 08:55:18","userAgent":"Mozilla/5.0 (Windows NT 10.0; Win64; x64) AppleWebKit/537.36 (KHTML, like Gecko) Chrome/146.0.0.0 Safari/537.36 Edg/146.0.0.0"}
{"level":"warn","message":"DWX market data file not found — waiting for MT5 to create it...","timestamp":"2026-03-29 08:55:18"}
{"level":"warn","message":"Price feed has stale data:","staleCount":4,"timestamp":"2026-03-29 08:55:18","total":4}
{"level":"warn","message":"DWX market data file not found — waiting for MT5 to create it...","timestamp":"2026-03-29 08:55:19"}
{"level":"warn","message":"Price feed has stale data:","staleCount":4,"timestamp":"2026-03-29 08:55:19","total":4}
{"level":"warn","message":"DWX market data file not found — waiting for MT5 to create it...","timestamp":"2026-03-29 08:55:20"}
{"level":"warn","message":"Price feed has stale data:","staleCount":4,"timestamp":"2026-03-29 08:55:20","total":4}
{"level":"warn","message":"DWX market data file not found — waiting for MT5 to create it...","timestamp":"2026-03-29 08:55:21"}
{"level":"warn","message":"Price feed has stale data:","staleCount":4,"timestamp":"2026-03-29 08:55:21","total":4}
{"level":"warn","message":"DWX file not found — will retry watcher in 5s...","timestamp":"2026-03-29 08:55:22"}
{"level":"warn","message":"DWX market data file not found — waiting for MT5 to create it...","timestamp":"2026-03-29 08:55:22"}
{"level":"warn","message":"Price feed has stale data:","staleCount":4,"timestamp":"2026-03-29 08:55:22","total":4}
{"level":"warn","message":"DWX market data file not found — waiting for MT5 to create it...","timestamp":"2026-03-29 08:55:23"}
{"level":"warn","message":"Price feed has stale data:","staleCount":4,"timestamp":"2026-03-29 08:55:23","total":4}
{"level":"warn","message":"DWX market data file not found — waiting for MT5 to create it...","timestamp":"2026-03-29 08:55:24"}
{"level":"warn","message":"Price feed has stale data:","staleCount":4,"timestamp":"2026-03-29 08:55:24","total":4}
{"level":"warn","message":"DWX market data file not found — waiting for MT5 to create it...","timestamp":"2026-03-29 08:55:25"}
{"level":"warn","message":"Price feed has stale data:","staleCount":4,"timestamp":"2026-03-29 08:55:25","total":4}
{"level":"warn","message":"DWX market data file not found — waiting for MT5 to create it...","timestamp":"2026-03-29 08:55:26"}
{"level":"warn","message":"Price feed has stale data:","staleCount":4,"timestamp":"2026-03-29 08:55:26","total":4}
{"level":"warn","message":"DWX file not found — will retry watcher in 5s...","timestamp":"2026-03-29 08:55:27"}
{"level":"warn","message":"DWX market data file not found — waiting for MT5 to create it...","timestamp":"2026-03-29 08:55:27"}
{"level":"warn","message":"Price feed has stale data:","staleCount":4,"timestamp":"2026-03-29 08:55:27","total":4}
{"level":"warn","message":"DWX market data file not found — waiting for MT5 to create it...","timestamp":"2026-03-29 08:55:28"}
{"level":"warn","message":"Price feed has stale data:","staleCount":4,"timestamp":"2026-03-29 08:55:28","total":4}
{"level":"warn","message":"DWX market data file not found — waiting for MT5 to create it...","timestamp":"2026-03-29 08:55:29"}
{"level":"warn","message":"Price feed has stale data:","staleCount":4,"timestamp":"2026-03-29 08:55:29","total":4}
{"level":"warn","message":"DWX market data file not found — waiting for MT5 to create it...","timestamp":"2026-03-29 08:55:30"}
{"level":"warn","message":"Price feed has stale data:","staleCount":4,"timestamp":"2026-03-29 08:55:30","total":4}
{"level":"warn","message":"DWX market data file not found — waiting for MT5 to create it...","timestamp":"2026-03-29 08:55:31"}
{"level":"warn","message":"Price feed has stale data:","staleCount":4,"timestamp":"2026-03-29 08:55:31","total":4}
{"level":"warn","message":"DWX file not found — will retry watcher in 5s...","timestamp":"2026-03-29 08:55:32"}
{"level":"warn","message":"DWX market data file not found — waiting for MT5 to create it...","timestamp":"2026-03-29 08:55:32"}
{"level":"warn","message":"Price feed has stale data:","staleCount":4,"timestamp":"2026-03-29 08:55:32","total":4}
{"level":"warn","message":"DWX market data file not found — waiting for MT5 to create it...","timestamp":"2026-03-29 08:55:33"}
{"level":"warn","message":"Price feed has stale data:","staleCount":4,"timestamp":"2026-03-29 08:55:33","total":4}
{"level":"warn","message":"DWX market data file not found — waiting for MT5 to create it...","timestamp":"2026-03-29 08:55:34"}
{"level":"warn","message":"Price feed has stale data:","staleCount":4,"timestamp":"2026-03-29 08:55:34","total":4}
{"level":"warn","message":"DWX market data file not found — waiting for MT5 to create it...","timestamp":"2026-03-29 08:55:35"}
{"level":"warn","message":"Price feed has stale data:","staleCount":4,"timestamp":"2026-03-29 08:55:35","total":4}
{"level":"warn","message":"DWX market data file not found — waiting for MT5 to create it...","timestamp":"2026-03-29 08:55:36"}
{"level":"warn","message":"Price feed has stale data:","staleCount":4,"timestamp":"2026-03-29 08:55:36","total":4}
{"level":"warn","message":"DWX file not found — will retry watcher in 5s...","timestamp":"2026-03-29 08:55:37"}
{"level":"warn","message":"DWX market data file not found — waiting for MT5 to create it...","timestamp":"2026-03-29 08:55:37"}
{"level":"warn","message":"Price feed has stale data:","staleCount":4,"timestamp":"2026-03-29 08:55:37","total":4}
{"level":"warn","message":"DWX market data file not found — waiting for MT5 to create it...","timestamp":"2026-03-29 08:55:38"}
{"level":"warn","message":"Price feed has stale data:","staleCount":4,"timestamp":"2026-03-29 08:55:38","total":4}
{"level":"warn","message":"DWX market data file not found — waiting for MT5 to create it...","timestamp":"2026-03-29 08:55:39"}
{"level":"warn","message":"Price feed has stale data:","staleCount":4,"timestamp":"2026-03-29 08:55:39","total":4}
{"level":"warn","message":"DWX market data file not found — waiting for MT5 to create it...","timestamp":"2026-03-29 08:55:40"}
{"level":"warn","message":"Price feed has stale data:","staleCount":4,"timestamp":"2026-03-29 08:55:40","total":4}
{"level":"warn","message":"DWX market data file not found — waiting for MT5 to create it...","timestamp":"2026-03-29 08:55:41"}
{"level":"warn","message":"Price feed has stale data:","staleCount":4,"timestamp":"2026-03-29 08:55:41","total":4}
{"level":"warn","message":"DWX file not found — will retry watcher in 5s...","timestamp":"2026-03-29 08:55:42"}
{"level":"warn","message":"DWX market data file not found — waiting for MT5 to create it...","timestamp":"2026-03-29 08:55:42"}
{"level":"warn","message":"Price feed has stale data:","staleCount":4,"timestamp":"2026-03-29 08:55:42","total":4}
{"level":"warn","message":"DWX market data file not found — waiting for MT5 to create it...","timestamp":"2026-03-29 08:55:43"}
{"level":"warn","message":"Price feed has stale data:","staleCount":4,"timestamp":"2026-03-29 08:55:43","total":4}
{"level":"warn","message":"DWX market data file not found — waiting for MT5 to create it...","timestamp":"2026-03-29 08:55:44"}
{"level":"warn","message":"Price feed has stale data:","staleCount":4,"timestamp":"2026-03-29 08:55:44","total":4}
{"level":"warn","message":"DWX market data file not found — waiting for MT5 to create it...","timestamp":"2026-03-29 08:55:45"}
{"level":"warn","message":"Price feed has stale data:","staleCount":4,"timestamp":"2026-03-29 08:55:45","total":4}
{"level":"warn","message":"DWX market data file not found — waiting for MT5 to create it...","timestamp":"2026-03-29 08:55:46"}
{"level":"warn","message":"Price feed has stale data:","staleCount":4,"timestamp":"2026-03-29 08:55:46","total":4}
{"level":"warn","message":"DWX file not found — will retry watcher in 5s...","timestamp":"2026-03-29 08:55:47"}
{"level":"warn","message":"DWX market data file not found — waiting for MT5 to create it...","timestamp":"2026-03-29 08:55:47"}
{"level":"warn","message":"Price feed has stale data:","staleCount":4,"timestamp":"2026-03-29 08:55:47","total":4}
{"level":"warn","message":"DWX market data file not found — waiting for MT5 to create it...","timestamp":"2026-03-29 08:55:48"}
{"level":"warn","message":"Price feed has stale data:","staleCount":4,"timestamp":"2026-03-29 08:55:48","total":4}
{"level":"warn","message":"DWX market data file not found — waiting for MT5 to create it...","timestamp":"2026-03-29 08:55:49"}
{"level":"warn","message":"Price feed has stale data:","staleCount":4,"timestamp":"2026-03-29 08:55:49","total":4}
{"level":"warn","message":"DWX market data file not found — waiting for MT5 to create it...","timestamp":"2026-03-29 08:55:50"}
{"level":"warn","message":"Price feed has stale data:","staleCount":4,"timestamp":"2026-03-29 08:55:50","total":4}
{"level":"warn","message":"DWX market data file not found — waiting for MT5 to create it...","timestamp":"2026-03-29 08:55:51"}
{"level":"warn","message":"Price feed has stale data:","staleCount":4,"timestamp":"2026-03-29 08:55:51","total":4}
{"level":"warn","message":"DWX file not found — will retry watcher in 5s...","timestamp":"2026-03-29 08:55:52"}
{"level":"warn","message":"DWX market data file not found — waiting for MT5 to create it...","timestamp":"2026-03-29 08:55:52"}
{"level":"warn","message":"Price feed has stale data:","staleCount":4,"timestamp":"2026-03-29 08:55:52","total":4}
{"level":"warn","message":"DWX market data file not found — waiting for MT5 to create it...","timestamp":"2026-03-29 08:55:53"}
{"level":"warn","message":"Price feed has stale data:","staleCount":4,"timestamp":"2026-03-29 08:55:53","total":4}
{"level":"warn","message":"DWX market data file not found — waiting for MT5 to create it...","timestamp":"2026-03-29 08:55:54"}
{"level":"warn","message":"Price feed has stale data:","staleCount":4,"timestamp":"2026-03-29 08:55:54","total":4}
{"level":"warn","message":"DWX market data file not found — waiting for MT5 to create it...","timestamp":"2026-03-29 08:55:55"}
{"level":"warn","message":"Price feed has stale data:","staleCount":4,"timestamp":"2026-03-29 08:55:55","total":4}
{"level":"warn","message":"DWX market data file not found — waiting for MT5 to create it...","timestamp":"2026-03-29 08:55:56"}
{"level":"warn","message":"Price feed has stale data:","staleCount":4,"timestamp":"2026-03-29 08:55:56","total":4}
{"level":"warn","message":"DWX file not found — will retry watcher in 5s...","timestamp":"2026-03-29 08:55:57"}
{"level":"warn","message":"DWX market data file not found — waiting for MT5 to create it...","timestamp":"2026-03-29 08:55:57"}
{"level":"warn","message":"Price feed has stale data:","staleCount":4,"timestamp":"2026-03-29 08:55:57","total":4}
{"level":"warn","message":"DWX market data file not found — waiting for MT5 to create it...","timestamp":"2026-03-29 08:55:58"}
{"level":"warn","message":"Price feed has stale data:","staleCount":4,"timestamp":"2026-03-29 08:55:58","total":4}
{"level":"warn","message":"DWX market data file not found — waiting for MT5 to create it...","timestamp":"2026-03-29 08:55:59"}
{"level":"warn","message":"Price feed has stale data:","staleCount":4,"timestamp":"2026-03-29 08:55:59","total":4}
{"level":"warn","message":"DWX market data file not found — waiting for MT5 to create it...","timestamp":"2026-03-29 08:56:00"}
{"level":"warn","message":"Price feed has stale data:","staleCount":4,"timestamp":"2026-03-29 08:56:00","total":4}
{"level":"warn","message":"DWX market data file not found — waiting for MT5 to create it...","timestamp":"2026-03-29 08:56:01"}
{"level":"warn","message":"Price feed has stale data:","staleCount":4,"timestamp":"2026-03-29 08:56:01","total":4}
{"level":"warn","message":"DWX file not found — will retry watcher in 5s...","timestamp":"2026-03-29 08:56:02"}
{"level":"warn","message":"DWX market data file not found — waiting for MT5 to create it...","timestamp":"2026-03-29 08:56:02"}
{"level":"warn","message":"Price feed has stale data:","staleCount":4,"timestamp":"2026-03-29 08:56:02","total":4}
{"level":"warn","message":"DWX market data file not found — waiting for MT5 to create it...","timestamp":"2026-03-29 08:56:03"}
{"level":"warn","message":"Price feed has stale data:","staleCount":4,"timestamp":"2026-03-29 08:56:03","total":4}
{"level":"warn","message":"DWX market data file not found — waiting for MT5 to create it...","timestamp":"2026-03-29 08:56:04"}
{"level":"warn","message":"Price feed has stale data:","staleCount":4,"timestamp":"2026-03-29 08:56:04","total":4}
{"level":"warn","message":"DWX market data file not found — waiting for MT5 to create it...","timestamp":"2026-03-29 08:56:05"}
{"level":"warn","message":"Price feed has stale data:","staleCount":4,"timestamp":"2026-03-29 08:56:05","total":4}
{"level":"warn","message":"DWX market data file not found — waiting for MT5 to create it...","timestamp":"2026-03-29 08:56:06"}
{"level":"warn","message":"Price feed has stale data:","staleCount":4,"timestamp":"2026-03-29 08:56:06","total":4}
{"level":"warn","message":"DWX file not found — will retry watcher in 5s...","timestamp":"2026-03-29 08:56:07"}
{"level":"warn","message":"DWX market data file not found — waiting for MT5 to create it...","timestamp":"2026-03-29 08:56:07"}
{"level":"warn","message":"Price feed has stale data:","staleCount":4,"timestamp":"2026-03-29 08:56:07","total":4}
{"level":"warn","message":"DWX market data file not found — waiting for MT5 to create it...","timestamp":"2026-03-29 08:56:08"}
{"level":"warn","message":"Price feed has stale data:","staleCount":4,"timestamp":"2026-03-29 08:56:08","total":4}
{"level":"warn","message":"DWX market data file not found — waiting for MT5 to create it...","timestamp":"2026-03-29 08:56:09"}
{"level":"warn","message":"Price feed has stale data:","staleCount":4,"timestamp":"2026-03-29 08:56:09","total":4}
{"level":"warn","message":"DWX market data file not found — waiting for MT5 to create it...","timestamp":"2026-03-29 08:56:10"}
{"level":"warn","message":"Price feed has stale data:","staleCount":4,"timestamp":"2026-03-29 08:56:10","total":4}
{"level":"warn","message":"DWX market data file not found — waiting for MT5 to create it...","timestamp":"2026-03-29 08:56:11"}
{"level":"warn","message":"Price feed has stale data:","staleCount":4,"timestamp":"2026-03-29 08:56:11","total":4}
{"level":"warn","message":"DWX file not found — will retry watcher in 5s...","timestamp":"2026-03-29 08:56:12"}
{"level":"warn","message":"DWX market data file not found — waiting for MT5 to create it...","timestamp":"2026-03-29 08:56:12"}
{"level":"warn","message":"Price feed has stale data:","staleCount":4,"timestamp":"2026-03-29 08:56:12","total":4}
{"level":"warn","message":"DWX market data file not found — waiting for MT5 to create it...","timestamp":"2026-03-29 08:56:13"}
{"level":"warn","message":"Price feed has stale data:","staleCount":4,"timestamp":"2026-03-29 08:56:13","total":4}
{"level":"warn","message":"DWX market data file not found — waiting for MT5 to create it...","timestamp":"2026-03-29 08:56:14"}
{"level":"warn","message":"Price feed has stale data:","staleCount":4,"timestamp":"2026-03-29 08:56:14","total":4}
{"level":"warn","message":"DWX market data file not found — waiting for MT5 to create it...","timestamp":"2026-03-29 08:56:15"}
{"level":"warn","message":"Price feed has stale data:","staleCount":4,"timestamp":"2026-03-29 08:56:15","total":4}
{"level":"warn","message":"DWX market data file not found — waiting for MT5 to create it...","timestamp":"2026-03-29 08:56:16"}
{"level":"warn","message":"Price feed has stale data:","staleCount":4,"timestamp":"2026-03-29 08:56:16","total":4}
{"level":"warn","message":"DWX file not found — will retry watcher in 5s...","timestamp":"2026-03-29 08:56:17"}
{"level":"warn","message":"DWX market data file not found — waiting for MT5 to create it...","timestamp":"2026-03-29 08:56:18"}
{"level":"warn","message":"Price feed has stale data:","staleCount":4,"timestamp":"2026-03-29 08:56:18","total":4}
{"level":"warn","message":"DWX market data file not found — waiting for MT5 to create it...","timestamp":"2026-03-29 08:56:19"}
{"level":"warn","message":"Price feed has stale data:","staleCount":4,"timestamp":"2026-03-29 08:56:19","total":4}
{"level":"warn","message":"DWX market data file not found — waiting for MT5 to create it...","timestamp":"2026-03-29 08:56:20"}
{"level":"warn","message":"Price feed has stale data:","staleCount":4,"timestamp":"2026-03-29 08:56:20","total":4}
{"level":"warn","message":"DWX market data file not found — waiting for MT5 to create it...","timestamp":"2026-03-29 08:56:21"}
{"level":"warn","message":"Price feed has stale data:","staleCount":4,"timestamp":"2026-03-29 08:56:21","total":4}
{"level":"warn","message":"DWX market data file not found — waiting for MT5 to create it...","timestamp":"2026-03-29 08:56:22"}
{"level":"warn","message":"Price feed has stale data:","staleCount":4,"timestamp":"2026-03-29 08:56:22","total":4}
{"level":"warn","message":"DWX file not found — will retry watcher in 5s...","timestamp":"2026-03-29 08:56:22"}
{"level":"warn","message":"DWX market data file not found — waiting for MT5 to create it...","timestamp":"2026-03-29 08:56:23"}
{"level":"warn","message":"Price feed has stale data:","staleCount":4,"timestamp":"2026-03-29 08:56:23","total":4}
{"level":"warn","message":"DWX market data file not found — waiting for MT5 to create it...","timestamp":"2026-03-29 08:56:24"}
{"level":"warn","message":"Price feed has stale data:","staleCount":4,"timestamp":"2026-03-29 08:56:24","total":4}
{"level":"warn","message":"DWX market data file not found — waiting for MT5 to create it...","timestamp":"2026-03-29 08:56:25"}
{"level":"warn","message":"Price feed has stale data:","staleCount":4,"timestamp":"2026-03-29 08:56:25","total":4}
{"level":"warn","message":"DWX market data file not found — waiting for MT5 to create it...","timestamp":"2026-03-29 08:56:26"}
{"level":"warn","message":"Price feed has stale data:","staleCount":4,"timestamp":"2026-03-29 08:56:26","total":4}
{"level":"warn","message":"DWX market data file not found — waiting for MT5 to create it...","timestamp":"2026-03-29 08:56:27"}
{"level":"warn","message":"Price feed has stale data:","staleCount":4,"timestamp":"2026-03-29 08:56:27","total":4}
{"level":"warn","message":"DWX file not found — will retry watcher in 5s...","timestamp":"2026-03-29 08:56:27"}
{"level":"warn","message":"DWX market data file not found — waiting for MT5 to create it...","timestamp":"2026-03-29 08:56:28"}
{"level":"warn","message":"Price feed has stale data:","staleCount":4,"timestamp":"2026-03-29 08:56:28","total":4}
{"level":"warn","message":"DWX market data file not found — waiting for MT5 to create it...","timestamp":"2026-03-29 08:56:29"}
{"level":"warn","message":"Price feed has stale data:","staleCount":4,"timestamp":"2026-03-29 08:56:29","total":4}
{"level":"warn","message":"DWX market data file not found — waiting for MT5 to create it...","timestamp":"2026-03-29 08:56:30"}
{"level":"warn","message":"Price feed has stale data:","staleCount":4,"timestamp":"2026-03-29 08:56:30","total":4}
{"level":"warn","message":"DWX market data file not found — waiting for MT5 to create it...","timestamp":"2026-03-29 08:56:31"}
{"level":"warn","message":"Price feed has stale data:","staleCount":4,"timestamp":"2026-03-29 08:56:31","total":4}
{"level":"warn","message":"DWX market data file not found — waiting for MT5 to create it...","timestamp":"2026-03-29 08:56:32"}
{"level":"warn","message":"Price feed has stale data:","staleCount":4,"timestamp":"2026-03-29 08:56:32","total":4}
{"level":"warn","message":"DWX file not found — will retry watcher in 5s...","timestamp":"2026-03-29 08:56:32"}
{"level":"warn","message":"DWX market data file not found — waiting for MT5 to create it...","timestamp":"2026-03-29 08:56:33"}
{"level":"warn","message":"Price feed has stale data:","staleCount":4,"timestamp":"2026-03-29 08:56:33","total":4}
{"level":"warn","message":"DWX market data file not found — waiting for MT5 to create it...","timestamp":"2026-03-29 08:56:34"}
{"level":"warn","message":"Price feed has stale data:","staleCount":4,"timestamp":"2026-03-29 08:56:34","total":4}
{"level":"warn","message":"DWX market data file not found — waiting for MT5 to create it...","timestamp":"2026-03-29 08:56:35"}
{"level":"warn","message":"Price feed has stale data:","staleCount":4,"timestamp":"2026-03-29 08:56:35","total":4}
{"level":"warn","message":"DWX market data file not found — waiting for MT5 to create it...","timestamp":"2026-03-29 08:56:36"}
{"level":"warn","message":"Price feed has stale data:","staleCount":4,"timestamp":"2026-03-29 08:56:36","total":4}
{"level":"warn","message":"DWX market data file not found — waiting for MT5 to create it...","timestamp":"2026-03-29 08:56:37"}
{"level":"warn","message":"Price feed has stale data:","staleCount":4,"timestamp":"2026-03-29 08:56:37","total":4}
{"level":"warn","message":"DWX file not found — will retry watcher in 5s...","timestamp":"2026-03-29 08:56:37"}
{"level":"warn","message":"DWX market data file not found — waiting for MT5 to create it...","timestamp":"2026-03-29 08:56:38"}
{"level":"warn","message":"Price feed has stale data:","staleCount":4,"timestamp":"2026-03-29 08:56:38","total":4}
{"level":"warn","message":"DWX market data file not found — waiting for MT5 to create it...","timestamp":"2026-03-29 08:56:39"}
{"level":"warn","message":"Price feed has stale data:","staleCount":4,"timestamp":"2026-03-29 08:56:39","total":4}
{"level":"warn","message":"DWX market data file not found — waiting for MT5 to create it...","timestamp":"2026-03-29 08:56:40"}
{"level":"warn","message":"Price feed has stale data:","staleCount":4,"timestamp":"2026-03-29 08:56:40","total":4}
{"level":"warn","message":"DWX market data file not found — waiting for MT5 to create it...","timestamp":"2026-03-29 08:56:41"}
{"level":"warn","message":"Price feed has stale data:","staleCount":4,"timestamp":"2026-03-29 08:56:41","total":4}
{"level":"warn","message":"DWX market data file not found — waiting for MT5 to create it...","timestamp":"2026-03-29 08:56:42"}
{"level":"warn","message":"Price feed has stale data:","staleCount":4,"timestamp":"2026-03-29 08:56:42","total":4}
{"level":"warn","message":"DWX file not found — will retry watcher in 5s...","timestamp":"2026-03-29 08:56:42"}
{"level":"warn","message":"DWX market data file not found — waiting for MT5 to create it...","timestamp":"2026-03-29 08:56:43"}
{"level":"warn","message":"Price feed has stale data:","staleCount":4,"timestamp":"2026-03-29 08:56:43","total":4}
{"level":"warn","message":"DWX market data file not found — waiting for MT5 to create it...","timestamp":"2026-03-29 08:56:44"}
{"level":"warn","message":"Price feed has stale data:","staleCount":4,"timestamp":"2026-03-29 08:56:44","total":4}
{"level":"warn","message":"DWX market data file not found — waiting for MT5 to create it...","timestamp":"2026-03-29 08:56:45"}
{"level":"warn","message":"Price feed has stale data:","staleCount":4,"timestamp":"2026-03-29 08:56:45","total":4}
{"level":"warn","message":"DWX market data file not found — waiting for MT5 to create it...","timestamp":"2026-03-29 08:56:46"}
{"level":"warn","message":"Price feed has stale data:","staleCount":4,"timestamp":"2026-03-29 08:56:46","total":4}
{"level":"warn","message":"DWX market data file not found — waiting for MT5 to create it...","timestamp":"2026-03-29 08:56:47"}
{"level":"warn","message":"Price feed has stale data:","staleCount":4,"timestamp":"2026-03-29 08:56:47","total":4}
{"level":"warn","message":"DWX file not found — will retry watcher in 5s...","timestamp":"2026-03-29 08:56:47"}
{"level":"warn","message":"DWX market data file not found — waiting for MT5 to create it...","timestamp":"2026-03-29 08:56:48"}
{"level":"warn","message":"Price feed has stale data:","staleCount":4,"timestamp":"2026-03-29 08:56:48","total":4}
{"level":"warn","message":"DWX market data file not found — waiting for MT5 to create it...","timestamp":"2026-03-29 08:56:49"}
{"level":"warn","message":"Price feed has stale data:","staleCount":4,"timestamp":"2026-03-29 08:56:49","total":4}
{"level":"warn","message":"DWX market data file not found — waiting for MT5 to create it...","timestamp":"2026-03-29 08:56:50"}
{"level":"warn","message":"Price feed has stale data:","staleCount":4,"timestamp":"2026-03-29 08:56:50","total":4}
{"level":"warn","message":"DWX market data file not found — waiting for MT5 to create it...","timestamp":"2026-03-29 08:56:51"}
{"level":"warn","message":"Price feed has stale data:","staleCount":4,"timestamp":"2026-03-29 08:56:51","total":4}
{"level":"warn","message":"DWX market data file not found — waiting for MT5 to create it...","timestamp":"2026-03-29 08:56:52"}
{"level":"warn","message":"Price feed has stale data:","staleCount":4,"timestamp":"2026-03-29 08:56:52","total":4}
{"level":"warn","message":"DWX file not found — will retry watcher in 5s...","timestamp":"2026-03-29 08:56:52"}
{"level":"warn","message":"DWX market data file not found — waiting for MT5 to create it...","timestamp":"2026-03-29 08:56:53"}
{"level":"warn","message":"Price feed has stale data:","staleCount":4,"timestamp":"2026-03-29 08:56:53","total":4}
{"level":"warn","message":"DWX market data file not found — waiting for MT5 to create it...","timestamp":"2026-03-29 08:56:54"}
{"level":"warn","message":"Price feed has stale data:","staleCount":4,"timestamp":"2026-03-29 08:56:54","total":4}
{"level":"warn","message":"DWX market data file not found — waiting for MT5 to create it...","timestamp":"2026-03-29 08:56:55"}
{"level":"warn","message":"Price feed has stale data:","staleCount":4,"timestamp":"2026-03-29 08:56:55","total":4}
{"level":"warn","message":"DWX market data file not found — waiting for MT5 to create it...","timestamp":"2026-03-29 08:56:56"}
{"level":"warn","message":"Price feed has stale data:","staleCount":4,"timestamp":"2026-03-29 08:56:56","total":4}
{"level":"warn","message":"DWX market data file not found — waiting for MT5 to create it...","timestamp":"2026-03-29 08:56:57"}
{"level":"warn","message":"Price feed has stale data:","staleCount":4,"timestamp":"2026-03-29 08:56:57","total":4}
{"level":"warn","message":"DWX file not found — will retry watcher in 5s...","timestamp":"2026-03-29 08:56:57"}
{"level":"warn","message":"DWX market data file not found — waiting for MT5 to create it...","timestamp":"2026-03-29 08:56:58"}
{"level":"warn","message":"Price feed has stale data:","staleCount":4,"timestamp":"2026-03-29 08:56:58","total":4}
{"level":"warn","message":"DWX market data file not found — waiting for MT5 to create it...","timestamp":"2026-03-29 08:56:59"}
{"level":"warn","message":"Price feed has stale data:","staleCount":4,"timestamp":"2026-03-29 08:56:59","total":4}
{"level":"warn","message":"DWX market data file not found — waiting for MT5 to create it...","timestamp":"2026-03-29 08:57:00"}
{"level":"warn","message":"Price feed has stale data:","staleCount":4,"timestamp":"2026-03-29 08:57:00","total":4}
{"level":"warn","message":"DWX market data file not found — waiting for MT5 to create it...","timestamp":"2026-03-29 08:57:01"}
{"level":"warn","message":"Price feed has stale data:","staleCount":4,"timestamp":"2026-03-29 08:57:01","total":4}
{"level":"warn","message":"DWX market data file not found — waiting for MT5 to create it...","timestamp":"2026-03-29 08:57:02"}
{"level":"warn","message":"Price feed has stale data:","staleCount":4,"timestamp":"2026-03-29 08:57:02","total":4}
{"level":"warn","message":"DWX file not found — will retry watcher in 5s...","timestamp":"2026-03-29 08:57:02"}
{"level":"warn","message":"DWX market data file not found — waiting for MT5 to create it...","timestamp":"2026-03-29 08:57:03"}
{"level":"warn","message":"Price feed has stale data:","staleCount":4,"timestamp":"2026-03-29 08:57:03","total":4}
{"level":"warn","message":"DWX market data file not found — waiting for MT5 to create it...","timestamp":"2026-03-29 08:57:04"}
{"level":"warn","message":"Price feed has stale data:","staleCount":4,"timestamp":"2026-03-29 08:57:04","total":4}
{"level":"warn","message":"DWX market data file not found — waiting for MT5 to create it...","timestamp":"2026-03-29 08:57:05"}
{"level":"warn","message":"Price feed has stale data:","staleCount":4,"timestamp":"2026-03-29 08:57:05","total":4}
{"level":"warn","message":"DWX market data file not found — waiting for MT5 to create it...","timestamp":"2026-03-29 08:57:06"}
{"level":"warn","message":"Price feed has stale data:","staleCount":4,"timestamp":"2026-03-29 08:57:06","total":4}
{"level":"warn","message":"DWX market data file not found — waiting for MT5 to create it...","timestamp":"2026-03-29 08:57:07"}
{"level":"warn","message":"Price feed has stale data:","staleCount":4,"timestamp":"2026-03-29 08:57:07","total":4}
{"level":"warn","message":"DWX file not found — will retry watcher in 5s...","timestamp":"2026-03-29 08:57:07"}
{"level":"warn","message":"DWX market data file not found — waiting for MT5 to create it...","timestamp":"2026-03-29 08:57:08"}
{"level":"warn","message":"Price feed has stale data:","staleCount":4,"timestamp":"2026-03-29 08:57:08","total":4}
{"level":"warn","message":"DWX market data file not found — waiting for MT5 to create it...","timestamp":"2026-03-29 08:57:09"}
{"level":"warn","message":"Price feed has stale data:","staleCount":4,"timestamp":"2026-03-29 08:57:09","total":4}
{"level":"warn","message":"DWX market data file not found — waiting for MT5 to create it...","timestamp":"2026-03-29 08:57:10"}
{"level":"warn","message":"Price feed has stale data:","staleCount":4,"timestamp":"2026-03-29 08:57:10","total":4}
{"level":"warn","message":"DWX market data file not found — waiting for MT5 to create it...","timestamp":"2026-03-29 08:57:11"}
{"level":"warn","message":"Price feed has stale data:","staleCount":4,"timestamp":"2026-03-29 08:57:11","total":4}
{"level":"warn","message":"DWX market data file not found — waiting for MT5 to create it...","timestamp":"2026-03-29 08:57:12"}
{"level":"warn","message":"Price feed has stale data:","staleCount":4,"timestamp":"2026-03-29 08:57:12","total":4}
{"level":"warn","message":"DWX file not found — will retry watcher in 5s...","timestamp":"2026-03-29 08:57:12"}
{"level":"warn","message":"DWX market data file not found — waiting for MT5 to create it...","timestamp":"2026-03-29 08:57:13"}
{"level":"warn","message":"Price feed has stale data:","staleCount":4,"timestamp":"2026-03-29 08:57:13","total":4}
{"level":"warn","message":"DWX market data file not found — waiting for MT5 to create it...","timestamp":"2026-03-29 08:57:14"}
{"level":"warn","message":"Price feed has stale data:","staleCount":4,"timestamp":"2026-03-29 08:57:14","total":4}
{"level":"warn","message":"DWX market data file not found — waiting for MT5 to create it...","timestamp":"2026-03-29 08:57:15"}
{"level":"warn","message":"Price feed has stale data:","staleCount":4,"timestamp":"2026-03-29 08:57:15","total":4}
{"level":"warn","message":"DWX market data file not found — waiting for MT5 to create it...","timestamp":"2026-03-29 08:57:16"}
{"level":"warn","message":"Price feed has stale data:","staleCount":4,"timestamp":"2026-03-29 08:57:16","total":4}
{"level":"warn","message":"DWX market data file not found — waiting for MT5 to create it...","timestamp":"2026-03-29 08:57:17"}
{"level":"warn","message":"Price feed has stale data:","staleCount":4,"timestamp":"2026-03-29 08:57:17","total":4}
{"level":"warn","message":"DWX file not found — will retry watcher in 5s...","timestamp":"2026-03-29 08:57:17"}
{"level":"warn","message":"DWX market data file not found — waiting for MT5 to create it...","timestamp":"2026-03-29 08:57:18"}
{"level":"warn","message":"Price feed has stale data:","staleCount":4,"timestamp":"2026-03-29 08:57:18","total":4}
{"level":"warn","message":"DWX market data file not found — waiting for MT5 to create it...","timestamp":"2026-03-29 08:57:19"}
{"level":"warn","message":"Price feed has stale data:","staleCount":4,"timestamp":"2026-03-29 08:57:19","total":4}
{"level":"warn","message":"DWX market data file not found — waiting for MT5 to create it...","timestamp":"2026-03-29 08:57:20"}
{"level":"warn","message":"Price feed has stale data:","staleCount":4,"timestamp":"2026-03-29 08:57:20","total":4}
{"level":"warn","message":"DWX market data file not found — waiting for MT5 to create it...","timestamp":"2026-03-29 08:57:21"}
{"level":"warn","message":"Price feed has stale data:","staleCount":4,"timestamp":"2026-03-29 08:57:21","total":4}
{"level":"warn","message":"DWX market data file not found — waiting for MT5 to create it...","timestamp":"2026-03-29 08:57:22"}
{"level":"warn","message":"Price feed has stale data:","staleCount":4,"timestamp":"2026-03-29 08:57:22","total":4}
{"level":"warn","message":"DWX file not found — will retry watcher in 5s...","timestamp":"2026-03-29 08:57:22"}
{"level":"warn","message":"DWX market data file not found — waiting for MT5 to create it...","timestamp":"2026-03-29 08:57:23"}
{"level":"warn","message":"Price feed has stale data:","staleCount":4,"timestamp":"2026-03-29 08:57:23","total":4}
{"level":"warn","message":"DWX market data file not found — waiting for MT5 to create it...","timestamp":"2026-03-29 08:57:24"}
{"level":"warn","message":"Price feed has stale data:","staleCount":4,"timestamp":"2026-03-29 08:57:24","total":4}
{"level":"warn","message":"DWX market data file not found — waiting for MT5 to create it...","timestamp":"2026-03-29 08:57:25"}
{"level":"warn","message":"Price feed has stale data:","staleCount":4,"timestamp":"2026-03-29 08:57:25","total":4}
{"level":"warn","message":"DWX market data file not found — waiting for MT5 to create it...","timestamp":"2026-03-29 08:57:26"}
{"level":"warn","message":"Price feed has stale data:","staleCount":4,"timestamp":"2026-03-29 08:57:26","total":4}
{"level":"warn","message":"DWX market data file not found — waiting for MT5 to create it...","timestamp":"2026-03-29 08:57:27"}
{"level":"warn","message":"Price feed has stale data:","staleCount":4,"timestamp":"2026-03-29 08:57:27","total":4}
{"level":"warn","message":"DWX file not found — will retry watcher in 5s...","timestamp":"2026-03-29 08:57:27"}
{"level":"warn","message":"DWX market data file not found — waiting for MT5 to create it...","timestamp":"2026-03-29 08:57:28"}
{"level":"warn","message":"Price feed has stale data:","staleCount":4,"timestamp":"2026-03-29 08:57:28","total":4}
{"level":"warn","message":"DWX market data file not found — waiting for MT5 to create it...","timestamp":"2026-03-29 08:57:29"}
{"level":"warn","message":"Price feed has stale data:","staleCount":4,"timestamp":"2026-03-29 08:57:29","total":4}
{"level":"warn","message":"DWX market data file not found — waiting for MT5 to create it...","timestamp":"2026-03-29 08:57:30"}
{"level":"warn","message":"Price feed has stale data:","staleCount":4,"timestamp":"2026-03-29 08:57:30","total":4}
{"level":"warn","message":"DWX market data file not found — waiting for MT5 to create it...","timestamp":"2026-03-29 08:57:31"}
{"level":"warn","message":"Price feed has stale data:","staleCount":4,"timestamp":"2026-03-29 08:57:31","total":4}
{"level":"warn","message":"DWX market data file not found — waiting for MT5 to create it...","timestamp":"2026-03-29 08:57:32"}
{"level":"warn","message":"Price feed has stale data:","staleCount":4,"timestamp":"2026-03-29 08:57:32","total":4}
{"level":"warn","message":"DWX file not found — will retry watcher in 5s...","timestamp":"2026-03-29 08:57:32"}
{"level":"warn","message":"DWX market data file not found — waiting for MT5 to create it...","timestamp":"2026-03-29 08:57:33"}
{"level":"warn","message":"Price feed has stale data:","staleCount":4,"timestamp":"2026-03-29 08:57:33","total":4}
{"level":"warn","message":"DWX market data file not found — waiting for MT5 to create it...","timestamp":"2026-03-29 08:57:34"}
{"level":"warn","message":"Price feed has stale data:","staleCount":4,"timestamp":"2026-03-29 08:57:34","total":4}
{"level":"warn","message":"DWX market data file not found — waiting for MT5 to create it...","timestamp":"2026-03-29 08:57:35"}
{"level":"warn","message":"Price feed has stale data:","staleCount":4,"timestamp":"2026-03-29 08:57:35","total":4}
{"level":"warn","message":"DWX market data file not found — waiting for MT5 to create it...","timestamp":"2026-03-29 08:57:36"}
{"level":"warn","message":"Price feed has stale data:","staleCount":4,"timestamp":"2026-03-29 08:57:36","total":4}
{"level":"warn","message":"DWX market data file not found — waiting for MT5 to create it...","timestamp":"2026-03-29 08:57:37"}
{"level":"warn","message":"Price feed has stale data:","staleCount":4,"timestamp":"2026-03-29 08:57:37","total":4}
{"level":"warn","message":"DWX file not found — will retry watcher in 5s...","timestamp":"2026-03-29 08:57:37"}
{"level":"warn","message":"DWX market data file not found — waiting for MT5 to create it...","timestamp":"2026-03-29 08:57:38"}
{"level":"warn","message":"Price feed has stale data:","staleCount":4,"timestamp":"2026-03-29 08:57:38","total":4}
{"level":"warn","message":"DWX market data file not found — waiting for MT5 to create it...","timestamp":"2026-03-29 08:57:39"}
{"level":"warn","message":"Price feed has stale data:","staleCount":4,"timestamp":"2026-03-29 08:57:39","total":4}
{"level":"warn","message":"DWX market data file not found — waiting for MT5 to create it...","timestamp":"2026-03-29 08:57:40"}
{"level":"warn","message":"Price feed has stale data:","staleCount":4,"timestamp":"2026-03-29 08:57:40","total":4}
{"level":"warn","message":"DWX market data file not found — waiting for MT5 to create it...","timestamp":"2026-03-29 08:57:41"}
{"level":"warn","message":"Price feed has stale data:","staleCount":4,"timestamp":"2026-03-29 08:57:41","total":4}
{"level":"warn","message":"DWX market data file not found — waiting for MT5 to create it...","timestamp":"2026-03-29 08:57:42"}
{"level":"warn","message":"Price feed has stale data:","staleCount":4,"timestamp":"2026-03-29 08:57:42","total":4}
{"level":"warn","message":"DWX file not found — will retry watcher in 5s...","timestamp":"2026-03-29 08:57:42"}
{"level":"warn","message":"DWX market data file not found — waiting for MT5 to create it...","timestamp":"2026-03-29 08:57:43"}
{"level":"warn","message":"Price feed has stale data:","staleCount":4,"timestamp":"2026-03-29 08:57:43","total":4}
{"level":"warn","message":"DWX market data file not found — waiting for MT5 to create it...","timestamp":"2026-03-29 08:57:44"}
{"level":"warn","message":"Price feed has stale data:","staleCount":4,"timestamp":"2026-03-29 08:57:44","total":4}
{"level":"warn","message":"DWX market data file not found — waiting for MT5 to create it...","timestamp":"2026-03-29 08:57:45"}
{"level":"warn","message":"Price feed has stale data:","staleCount":4,"timestamp":"2026-03-29 08:57:45","total":4}
{"level":"warn","message":"DWX market data file not found — waiting for MT5 to create it...","timestamp":"2026-03-29 08:57:46"}
{"level":"warn","message":"Price feed has stale data:","staleCount":4,"timestamp":"2026-03-29 08:57:46","total":4}
{"level":"warn","message":"DWX market data file not found — waiting for MT5 to create it...","timestamp":"2026-03-29 08:57:47"}
{"level":"warn","message":"Price feed has stale data:","staleCount":4,"timestamp":"2026-03-29 08:57:47","total":4}
{"level":"warn","message":"DWX file not found — will retry watcher in 5s...","timestamp":"2026-03-29 08:57:47"}
{"level":"warn","message":"DWX market data file not found — waiting for MT5 to create it...","timestamp":"2026-03-29 08:57:48"}
{"level":"warn","message":"Price feed has stale data:","staleCount":4,"timestamp":"2026-03-29 08:57:48","total":4}
{"level":"warn","message":"DWX market data file not found — waiting for MT5 to create it...","timestamp":"2026-03-29 08:57:49"}
{"level":"warn","message":"Price feed has stale data:","staleCount":4,"timestamp":"2026-03-29 08:57:49","total":4}
{"level":"warn","message":"DWX market data file not found — waiting for MT5 to create it...","timestamp":"2026-03-29 08:57:50"}
{"level":"warn","message":"Price feed has stale data:","staleCount":4,"timestamp":"2026-03-29 08:57:50","total":4}
{"level":"warn","message":"DWX market data file not found — waiting for MT5 to create it...","timestamp":"2026-03-29 08:57:51"}
{"level":"warn","message":"Price feed has stale data:","staleCount":4,"timestamp":"2026-03-29 08:57:51","total":4}
{"level":"warn","message":"DWX market data file not found — waiting for MT5 to create it...","timestamp":"2026-03-29 08:57:52"}
{"level":"warn","message":"Price feed has stale data:","staleCount":4,"timestamp":"2026-03-29 08:57:52","total":4}
{"level":"warn","message":"DWX file not found — will retry watcher in 5s...","timestamp":"2026-03-29 08:57:52"}
{"level":"warn","message":"DWX market data file not found — waiting for MT5 to create it...","timestamp":"2026-03-29 08:57:53"}
{"level":"warn","message":"Price feed has stale data:","staleCount":4,"timestamp":"2026-03-29 08:57:53","total":4}
{"level":"warn","message":"DWX market data file not found — waiting for MT5 to create it...","timestamp":"2026-03-29 08:57:54"}
{"level":"warn","message":"Price feed has stale data:","staleCount":4,"timestamp":"2026-03-29 08:57:54","total":4}
{"level":"warn","message":"DWX market data file not found — waiting for MT5 to create it...","timestamp":"2026-03-29 08:57:55"}
{"level":"warn","message":"Price feed has stale data:","staleCount":4,"timestamp":"2026-03-29 08:57:55","total":4}
{"level":"warn","message":"DWX market data file not found — waiting for MT5 to create it...","timestamp":"2026-03-29 08:57:56"}
{"level":"warn","message":"Price feed has stale data:","staleCount":4,"timestamp":"2026-03-29 08:57:56","total":4}
{"level":"warn","message":"DWX market data file not found — waiting for MT5 to create it...","timestamp":"2026-03-29 08:57:57"}
{"level":"warn","message":"Price feed has stale data:","staleCount":4,"timestamp":"2026-03-29 08:57:57","total":4}
{"level":"warn","message":"DWX file not found — will retry watcher in 5s...","timestamp":"2026-03-29 08:57:57"}
{"level":"warn","message":"DWX market data file not found — waiting for MT5 to create it...","timestamp":"2026-03-29 08:57:58"}
{"level":"warn","message":"Price feed has stale data:","staleCount":4,"timestamp":"2026-03-29 08:57:58","total":4}
{"level":"warn","message":"DWX market data file not found — waiting for MT5 to create it...","timestamp":"2026-03-29 08:57:59"}
{"level":"warn","message":"Price feed has stale data:","staleCount":4,"timestamp":"2026-03-29 08:57:59","total":4}
{"level":"warn","message":"DWX market data file not found — waiting for MT5 to create it...","timestamp":"2026-03-29 08:58:00"}
{"level":"warn","message":"Price feed has stale data:","staleCount":4,"timestamp":"2026-03-29 08:58:00","total":4}
{"level":"warn","message":"DWX market data file not found — waiting for MT5 to create it...","timestamp":"2026-03-29 08:58:01"}
{"level":"warn","message":"Price feed has stale data:","staleCount":4,"timestamp":"2026-03-29 08:58:01","total":4}
{"level":"warn","message":"DWX market data file not found — waiting for MT5 to create it...","timestamp":"2026-03-29 08:58:02"}
{"level":"warn","message":"Price feed has stale data:","staleCount":4,"timestamp":"2026-03-29 08:58:02","total":4}
{"level":"warn","message":"DWX file not found — will retry watcher in 5s...","timestamp":"2026-03-29 08:58:02"}
{"level":"warn","message":"DWX market data file not found — waiting for MT5 to create it...","timestamp":"2026-03-29 08:58:03"}
{"level":"warn","message":"Price feed has stale data:","staleCount":4,"timestamp":"2026-03-29 08:58:03","total":4}
{"level":"warn","message":"DWX market data file not found — waiting for MT5 to create it...","timestamp":"2026-03-29 08:58:04"}
{"level":"warn","message":"Price feed has stale data:","staleCount":4,"timestamp":"2026-03-29 08:58:04","total":4}
{"level":"warn","message":"DWX market data file not found — waiting for MT5 to create it...","timestamp":"2026-03-29 08:58:05"}
{"level":"warn","message":"Price feed has stale data:","staleCount":4,"timestamp":"2026-03-29 08:58:05","total":4}
{"level":"warn","message":"DWX market data file not found — waiting for MT5 to create it...","timestamp":"2026-03-29 08:58:06"}
{"level":"warn","message":"Price feed has stale data:","staleCount":4,"timestamp":"2026-03-29 08:58:06","total":4}
{"level":"warn","message":"DWX file not found — will retry watcher in 5s...","timestamp":"2026-03-29 08:58:07"}
{"level":"warn","message":"DWX market data file not found — waiting for MT5 to create it...","timestamp":"2026-03-29 08:58:07"}
{"level":"warn","message":"Price feed has stale data:","staleCount":4,"timestamp":"2026-03-29 08:58:07","total":4}
{"level":"warn","message":"DWX market data file not found — waiting for MT5 to create it...","timestamp":"2026-03-29 08:58:08"}
{"level":"warn","message":"Price feed has stale data:","staleCount":4,"timestamp":"2026-03-29 08:58:08","total":4}
{"level":"warn","message":"DWX market data file not found — waiting for MT5 to create it...","timestamp":"2026-03-29 08:58:09"}
{"level":"warn","message":"Price feed has stale data:","staleCount":4,"timestamp":"2026-03-29 08:58:09","total":4}
{"level":"warn","message":"DWX market data file not found — waiting for MT5 to create it...","timestamp":"2026-03-29 08:58:10"}
{"level":"warn","message":"Price feed has stale data:","staleCount":4,"timestamp":"2026-03-29 08:58:10","total":4}
{"level":"warn","message":"DWX market data file not found — waiting for MT5 to create it...","timestamp":"2026-03-29 08:58:11"}
{"level":"warn","message":"Price feed has stale data:","staleCount":4,"timestamp":"2026-03-29 08:58:11","total":4}
{"level":"warn","message":"DWX file not found — will retry watcher in 5s...","timestamp":"2026-03-29 08:58:12"}
{"level":"warn","message":"DWX market data file not found — waiting for MT5 to create it...","timestamp":"2026-03-29 08:58:12"}
{"level":"warn","message":"Price feed has stale data:","staleCount":4,"timestamp":"2026-03-29 08:58:12","total":4}
{"level":"warn","message":"DWX market data file not found — waiting for MT5 to create it...","timestamp":"2026-03-29 08:58:13"}
{"level":"warn","message":"Price feed has stale data:","staleCount":4,"timestamp":"2026-03-29 08:58:13","total":4}
{"level":"warn","message":"DWX market data file not found — waiting for MT5 to create it...","timestamp":"2026-03-29 08:58:14"}
{"level":"warn","message":"Price feed has stale data:","staleCount":4,"timestamp":"2026-03-29 08:58:14","total":4}
{"level":"warn","message":"DWX market data file not found — waiting for MT5 to create it...","timestamp":"2026-03-29 08:58:15"}
{"level":"warn","message":"Price feed has stale data:","staleCount":4,"timestamp":"2026-03-29 08:58:15","total":4}
{"level":"warn","message":"DWX market data file not found — waiting for MT5 to create it...","timestamp":"2026-03-29 08:58:16"}
{"level":"warn","message":"Price feed has stale data:","staleCount":4,"timestamp":"2026-03-29 08:58:16","total":4}
{"level":"warn","message":"DWX file not found — will retry watcher in 5s...","timestamp":"2026-03-29 08:58:17"}
{"level":"warn","message":"DWX market data file not found — waiting for MT5 to create it...","timestamp":"2026-03-29 08:58:17"}
{"level":"warn","message":"Price feed has stale data:","staleCount":4,"timestamp":"2026-03-29 08:58:17","total":4}
{"level":"warn","message":"DWX market data file not found — waiting for MT5 to create it...","timestamp":"2026-03-29 08:58:18"}
{"level":"warn","message":"Price feed has stale data:","staleCount":4,"timestamp":"2026-03-29 08:58:18","total":4}
{"level":"warn","message":"DWX market data file not found — waiting for MT5 to create it...","timestamp":"2026-03-29 08:58:19"}
{"level":"warn","message":"Price feed has stale data:","staleCount":4,"timestamp":"2026-03-29 08:58:19","total":4}
{"level":"warn","message":"DWX market data file not found — waiting for MT5 to create it...","timestamp":"2026-03-29 08:58:20"}
{"level":"warn","message":"Price feed has stale data:","staleCount":4,"timestamp":"2026-03-29 08:58:20","total":4}
{"level":"warn","message":"DWX market data file not found — waiting for MT5 to create it...","timestamp":"2026-03-29 08:58:21"}
{"level":"warn","message":"Price feed has stale data:","staleCount":4,"timestamp":"2026-03-29 08:58:21","total":4}
{"level":"warn","message":"DWX file not found — will retry watcher in 5s...","timestamp":"2026-03-29 08:58:22"}
{"level":"warn","message":"DWX market data file not found — waiting for MT5 to create it...","timestamp":"2026-03-29 08:58:22"}
{"level":"warn","message":"Price feed has stale data:","staleCount":4,"timestamp":"2026-03-29 08:58:22","total":4}
{"level":"warn","message":"DWX market data file not found — waiting for MT5 to create it...","timestamp":"2026-03-29 08:58:23"}
{"level":"warn","message":"Price feed has stale data:","staleCount":4,"timestamp":"2026-03-29 08:58:23","total":4}
{"level":"warn","message":"DWX market data file not found — waiting for MT5 to create it...","timestamp":"2026-03-29 08:58:24"}
{"level":"warn","message":"Price feed has stale data:","staleCount":4,"timestamp":"2026-03-29 08:58:24","total":4}
{"level":"warn","message":"DWX market data file not found — waiting for MT5 to create it...","timestamp":"2026-03-29 08:58:25"}
{"level":"warn","message":"Price feed has stale data:","staleCount":4,"timestamp":"2026-03-29 08:58:25","total":4}
{"level":"warn","message":"DWX market data file not found — waiting for MT5 to create it...","timestamp":"2026-03-29 08:58:26"}
{"level":"warn","message":"Price feed has stale data:","staleCount":4,"timestamp":"2026-03-29 08:58:26","total":4}
{"level":"warn","message":"DWX file not found — will retry watcher in 5s...","timestamp":"2026-03-29 08:58:27"}
{"level":"warn","message":"DWX market data file not found — waiting for MT5 to create it...","timestamp":"2026-03-29 08:58:27"}
{"level":"warn","message":"Price feed has stale data:","staleCount":4,"timestamp":"2026-03-29 08:58:27","total":4}
{"level":"warn","message":"DWX market data file not found — waiting for MT5 to create it...","timestamp":"2026-03-29 08:58:28"}
{"level":"warn","message":"Price feed has stale data:","staleCount":4,"timestamp":"2026-03-29 08:58:28","total":4}
{"level":"warn","message":"DWX market data file not found — waiting for MT5 to create it...","timestamp":"2026-03-29 08:58:29"}
{"level":"warn","message":"Price feed has stale data:","staleCount":4,"timestamp":"2026-03-29 08:58:29","total":4}
{"level":"warn","message":"DWX market data file not found — waiting for MT5 to create it...","timestamp":"2026-03-29 08:58:30"}
{"level":"warn","message":"Price feed has stale data:","staleCount":4,"timestamp":"2026-03-29 08:58:30","total":4}
{"level":"warn","message":"DWX market data file not found — waiting for MT5 to create it...","timestamp":"2026-03-29 08:58:31"}
{"level":"warn","message":"Price feed has stale data:","staleCount":4,"timestamp":"2026-03-29 08:58:31","total":4}
{"level":"warn","message":"DWX file not found — will retry watcher in 5s...","timestamp":"2026-03-29 08:58:32"}
{"level":"warn","message":"DWX market data file not found — waiting for MT5 to create it...","timestamp":"2026-03-29 08:58:32"}
{"level":"warn","message":"Price feed has stale data:","staleCount":4,"timestamp":"2026-03-29 08:58:32","total":4}
{"level":"warn","message":"DWX market data file not found — waiting for MT5 to create it...","timestamp":"2026-03-29 08:58:33"}
{"level":"warn","message":"Price feed has stale data:","staleCount":4,"timestamp":"2026-03-29 08:58:33","total":4}
{"level":"warn","message":"DWX market data file not found — waiting for MT5 to create it...","timestamp":"2026-03-29 08:58:34"}
{"level":"warn","message":"Price feed has stale data:","staleCount":4,"timestamp":"2026-03-29 08:58:34","total":4}
{"level":"warn","message":"DWX market data file not found — waiting for MT5 to create it...","timestamp":"2026-03-29 08:58:35"}
{"level":"warn","message":"Price feed has stale data:","staleCount":4,"timestamp":"2026-03-29 08:58:35","total":4}
{"level":"warn","message":"DWX market data file not found — waiting for MT5 to create it...","timestamp":"2026-03-29 08:58:36"}
{"level":"warn","message":"Price feed has stale data:","staleCount":4,"timestamp":"2026-03-29 08:58:36","total":4}
{"level":"warn","message":"DWX file not found — will retry watcher in 5s...","timestamp":"2026-03-29 08:58:37"}
{"level":"warn","message":"DWX market data file not found — waiting for MT5 to create it...","timestamp":"2026-03-29 08:58:37"}
{"level":"warn","message":"Price feed has stale data:","staleCount":4,"timestamp":"2026-03-29 08:58:37","total":4}
{"level":"warn","message":"DWX market data file not found — waiting for MT5 to create it...","timestamp":"2026-03-29 08:58:38"}
{"level":"warn","message":"Price feed has stale data:","staleCount":4,"timestamp":"2026-03-29 08:58:38","total":4}
{"level":"warn","message":"DWX market data file not found — waiting for MT5 to create it...","timestamp":"2026-03-29 08:58:39"}
{"level":"warn","message":"Price feed has stale data:","staleCount":4,"timestamp":"2026-03-29 08:58:39","total":4}
{"level":"warn","message":"DWX market data file not found — waiting for MT5 to create it...","timestamp":"2026-03-29 08:58:40"}
{"level":"warn","message":"Price feed has stale data:","staleCount":4,"timestamp":"2026-03-29 08:58:40","total":4}
{"level":"warn","message":"DWX market data file not found — waiting for MT5 to create it...","timestamp":"2026-03-29 08:58:41"}
{"level":"warn","message":"Price feed has stale data:","staleCount":4,"timestamp":"2026-03-29 08:58:41","total":4}
{"level":"warn","message":"DWX file not found — will retry watcher in 5s...","timestamp":"2026-03-29 08:58:42"}
{"level":"warn","message":"DWX market data file not found — waiting for MT5 to create it...","timestamp":"2026-03-29 08:58:42"}
{"level":"warn","message":"Price feed has stale data:","staleCount":4,"timestamp":"2026-03-29 08:58:42","total":4}
{"level":"warn","message":"DWX market data file not found — waiting for MT5 to create it...","timestamp":"2026-03-29 08:58:43"}
{"level":"warn","message":"Price feed has stale data:","staleCount":4,"timestamp":"2026-03-29 08:58:43","total":4}
{"level":"warn","message":"DWX market data file not found — waiting for MT5 to create it...","timestamp":"2026-03-29 08:58:44"}
{"level":"warn","message":"Price feed has stale data:","staleCount":4,"timestamp":"2026-03-29 08:58:44","total":4}
{"level":"warn","message":"DWX market data file not found — waiting for MT5 to create it...","timestamp":"2026-03-29 08:58:45"}
{"level":"warn","message":"Price feed has stale data:","staleCount":4,"timestamp":"2026-03-29 08:58:45","total":4}
{"level":"warn","message":"DWX market data file not found — waiting for MT5 to create it...","timestamp":"2026-03-29 08:58:46"}
{"level":"warn","message":"Price feed has stale data:","staleCount":4,"timestamp":"2026-03-29 08:58:46","total":4}
{"level":"warn","message":"DWX file not found — will retry watcher in 5s...","timestamp":"2026-03-29 08:58:47"}
{"level":"warn","message":"DWX market data file not found — waiting for MT5 to create it...","timestamp":"2026-03-29 08:58:47"}
{"level":"warn","message":"Price feed has stale data:","staleCount":4,"timestamp":"2026-03-29 08:58:47","total":4}
{"level":"warn","message":"DWX market data file not found — waiting for MT5 to create it...","timestamp":"2026-03-29 08:58:48"}
{"level":"warn","message":"Price feed has stale data:","staleCount":4,"timestamp":"2026-03-29 08:58:48","total":4}
{"level":"warn","message":"DWX market data file not found — waiting for MT5 to create it...","timestamp":"2026-03-29 08:58:49"}
{"level":"warn","message":"Price feed has stale data:","staleCount":4,"timestamp":"2026-03-29 08:58:49","total":4}
{"level":"warn","message":"DWX market data file not found — waiting for MT5 to create it...","timestamp":"2026-03-29 08:58:50"}
{"level":"warn","message":"Price feed has stale data:","staleCount":4,"timestamp":"2026-03-29 08:58:50","total":4}
{"level":"warn","message":"DWX market data file not found — waiting for MT5 to create it...","timestamp":"2026-03-29 08:58:51"}
{"level":"warn","message":"Price feed has stale data:","staleCount":4,"timestamp":"2026-03-29 08:58:51","total":4}
{"level":"warn","message":"DWX file not found — will retry watcher in 5s...","timestamp":"2026-03-29 08:58:52"}
{"level":"warn","message":"DWX market data file not found — waiting for MT5 to create it...","timestamp":"2026-03-29 08:58:53"}
{"level":"warn","message":"Price feed has stale data:","staleCount":4,"timestamp":"2026-03-29 08:58:53","total":4}
{"level":"warn","message":"DWX market data file not found — waiting for MT5 to create it...","timestamp":"2026-03-29 08:58:54"}
{"level":"warn","message":"Price feed has stale data:","staleCount":4,"timestamp":"2026-03-29 08:58:54","total":4}
{"level":"warn","message":"DWX market data file not found — waiting for MT5 to create it...","timestamp":"2026-03-29 08:58:55"}
{"level":"warn","message":"Price feed has stale data:","staleCount":4,"timestamp":"2026-03-29 08:58:55","total":4}
{"level":"warn","message":"DWX market data file not found — waiting for MT5 to create it...","timestamp":"2026-03-29 08:58:56"}
{"level":"warn","message":"Price feed has stale data:","staleCount":4,"timestamp":"2026-03-29 08:58:56","total":4}
{"level":"warn","message":"DWX market data file not found — waiting for MT5 to create it...","timestamp":"2026-03-29 08:58:57"}
{"level":"warn","message":"Price feed has stale data:","staleCount":4,"timestamp":"2026-03-29 08:58:57","total":4}
{"level":"warn","message":"DWX file not found — will retry watcher in 5s...","timestamp":"2026-03-29 08:58:57"}
{"level":"warn","message":"DWX market data file not found — waiting for MT5 to create it...","timestamp":"2026-03-29 08:58:58"}
{"level":"warn","message":"Price feed has stale data:","staleCount":4,"timestamp":"2026-03-29 08:58:58","total":4}
{"level":"warn","message":"DWX market data file not found — waiting for MT5 to create it...","timestamp":"2026-03-29 08:58:59"}
{"level":"warn","message":"Price feed has stale data:","staleCount":4,"timestamp":"2026-03-29 08:58:59","total":4}
{"level":"warn","message":"DWX market data file not found — waiting for MT5 to create it...","timestamp":"2026-03-29 08:59:00"}
{"level":"warn","message":"Price feed has stale data:","staleCount":4,"timestamp":"2026-03-29 08:59:00","total":4}
{"level":"warn","message":"DWX market data file not found — waiting for MT5 to create it...","timestamp":"2026-03-29 08:59:01"}
{"level":"warn","message":"Price feed has stale data:","staleCount":4,"timestamp":"2026-03-29 08:59:01","total":4}
{"level":"warn","message":"DWX market data file not found — waiting for MT5 to create it...","timestamp":"2026-03-29 08:59:02"}
{"level":"warn","message":"Price feed has stale data:","staleCount":4,"timestamp":"2026-03-29 08:59:02","total":4}
{"level":"warn","message":"DWX file not found — will retry watcher in 5s...","timestamp":"2026-03-29 08:59:02"}
{"level":"warn","message":"DWX market data file not found — waiting for MT5 to create it...","timestamp":"2026-03-29 08:59:03"}
{"level":"warn","message":"Price feed has stale data:","staleCount":4,"timestamp":"2026-03-29 08:59:03","total":4}
{"level":"warn","message":"DWX market data file not found — waiting for MT5 to create it...","timestamp":"2026-03-29 08:59:04"}
{"level":"warn","message":"Price feed has stale data:","staleCount":4,"timestamp":"2026-03-29 08:59:04","total":4}
{"level":"warn","message":"DWX market data file not found — waiting for MT5 to create it...","timestamp":"2026-03-29 08:59:05"}
{"level":"warn","message":"Price feed has stale data:","staleCount":4,"timestamp":"2026-03-29 08:59:05","total":4}
{"level":"warn","message":"DWX market data file not found — waiting for MT5 to create it...","timestamp":"2026-03-29 08:59:06"}
{"level":"warn","message":"Price feed has stale data:","staleCount":4,"timestamp":"2026-03-29 08:59:06","total":4}
{"level":"warn","message":"DWX market data file not found — waiting for MT5 to create it...","timestamp":"2026-03-29 08:59:07"}
{"level":"warn","message":"Price feed has stale data:","staleCount":4,"timestamp":"2026-03-29 08:59:07","total":4}
{"level":"warn","message":"DWX file not found — will retry watcher in 5s...","timestamp":"2026-03-29 08:59:07"}
{"level":"warn","message":"DWX market data file not found — waiting for MT5 to create it...","timestamp":"2026-03-29 08:59:08"}
{"level":"warn","message":"Price feed has stale data:","staleCount":4,"timestamp":"2026-03-29 08:59:08","total":4}
{"level":"warn","message":"DWX market data file not found — waiting for MT5 to create it...","timestamp":"2026-03-29 08:59:09"}
{"level":"warn","message":"Price feed has stale data:","staleCount":4,"timestamp":"2026-03-29 08:59:09","total":4}
{"level":"warn","message":"DWX market data file not found — waiting for MT5 to create it...","timestamp":"2026-03-29 08:59:10"}
{"level":"warn","message":"Price feed has stale data:","staleCount":4,"timestamp":"2026-03-29 08:59:10","total":4}
{"level":"warn","message":"DWX market data file not found — waiting for MT5 to create it...","timestamp":"2026-03-29 08:59:11"}
{"level":"warn","message":"Price feed has stale data:","staleCount":4,"timestamp":"2026-03-29 08:59:11","total":4}
{"level":"warn","message":"DWX market data file not found — waiting for MT5 to create it...","timestamp":"2026-03-29 08:59:12"}
{"level":"warn","message":"Price feed has stale data:","staleCount":4,"timestamp":"2026-03-29 08:59:12","total":4}
{"level":"warn","message":"DWX file not found — will retry watcher in 5s...","timestamp":"2026-03-29 08:59:12"}
{"level":"warn","message":"DWX market data file not found — waiting for MT5 to create it...","timestamp":"2026-03-29 08:59:13"}
{"level":"warn","message":"Price feed has stale data:","staleCount":4,"timestamp":"2026-03-29 08:59:13","total":4}
{"level":"warn","message":"DWX market data file not found — waiting for MT5 to create it...","timestamp":"2026-03-29 08:59:14"}
{"level":"warn","message":"Price feed has stale data:","staleCount":4,"timestamp":"2026-03-29 08:59:14","total":4}
{"level":"warn","message":"DWX market data file not found — waiting for MT5 to create it...","timestamp":"2026-03-29 08:59:15"}
{"level":"warn","message":"Price feed has stale data:","staleCount":4,"timestamp":"2026-03-29 08:59:15","total":4}
{"level":"warn","message":"DWX market data file not found — waiting for MT5 to create it...","timestamp":"2026-03-29 08:59:16"}
{"level":"warn","message":"Price feed has stale data:","staleCount":4,"timestamp":"2026-03-29 08:59:16","total":4}
{"level":"warn","message":"DWX market data file not found — waiting for MT5 to create it...","timestamp":"2026-03-29 08:59:17"}
{"level":"warn","message":"Price feed has stale data:","staleCount":4,"timestamp":"2026-03-29 08:59:17","total":4}
{"level":"warn","message":"DWX file not found — will retry watcher in 5s...","timestamp":"2026-03-29 08:59:17"}
{"level":"warn","message":"DWX market data file not found — waiting for MT5 to create it...","timestamp":"2026-03-29 08:59:18"}
{"level":"warn","message":"Price feed has stale data:","staleCount":4,"timestamp":"2026-03-29 08:59:18","total":4}
{"level":"warn","message":"DWX market data file not found — waiting for MT5 to create it...","timestamp":"2026-03-29 08:59:19"}
{"level":"warn","message":"Price feed has stale data:","staleCount":4,"timestamp":"2026-03-29 08:59:19","total":4}
{"level":"warn","message":"DWX market data file not found — waiting for MT5 to create it...","timestamp":"2026-03-29 08:59:20"}
{"level":"warn","message":"Price feed has stale data:","staleCount":4,"timestamp":"2026-03-29 08:59:20","total":4}
{"level":"warn","message":"DWX market data file not found — waiting for MT5 to create it...","timestamp":"2026-03-29 08:59:21"}
{"level":"warn","message":"Price feed has stale data:","staleCount":4,"timestamp":"2026-03-29 08:59:21","total":4}
{"level":"warn","message":"DWX market data file not found — waiting for MT5 to create it...","timestamp":"2026-03-29 08:59:22"}
{"level":"warn","message":"Price feed has stale data:","staleCount":4,"timestamp":"2026-03-29 08:59:22","total":4}
{"level":"warn","message":"DWX file not found — will retry watcher in 5s...","timestamp":"2026-03-29 08:59:22"}
{"level":"warn","message":"DWX market data file not found — waiting for MT5 to create it...","timestamp":"2026-03-29 08:59:23"}
{"level":"warn","message":"Price feed has stale data:","staleCount":4,"timestamp":"2026-03-29 08:59:23","total":4}
{"level":"warn","message":"DWX market data file not found — waiting for MT5 to create it...","timestamp":"2026-03-29 08:59:24"}
{"level":"warn","message":"Price feed has stale data:","staleCount":4,"timestamp":"2026-03-29 08:59:24","total":4}
{"level":"warn","message":"DWX market data file not found — waiting for MT5 to create it...","timestamp":"2026-03-29 08:59:25"}
{"level":"warn","message":"Price feed has stale data:","staleCount":4,"timestamp":"2026-03-29 08:59:25","total":4}
{"level":"warn","message":"DWX market data file not found — waiting for MT5 to create it...","timestamp":"2026-03-29 08:59:26"}
{"level":"warn","message":"Price feed has stale data:","staleCount":4,"timestamp":"2026-03-29 08:59:26","total":4}
{"level":"warn","message":"DWX market data file not found — waiting for MT5 to create it...","timestamp":"2026-03-29 08:59:27"}
{"level":"warn","message":"Price feed has stale data:","staleCount":4,"timestamp":"2026-03-29 08:59:27","total":4}
{"level":"warn","message":"DWX file not found — will retry watcher in 5s...","timestamp":"2026-03-29 08:59:27"}
{"level":"warn","message":"DWX market data file not found — waiting for MT5 to create it...","timestamp":"2026-03-29 08:59:28"}
{"level":"warn","message":"Price feed has stale data:","staleCount":4,"timestamp":"2026-03-29 08:59:28","total":4}
{"level":"warn","message":"DWX market data file not found — waiting for MT5 to create it...","timestamp":"2026-03-29 08:59:29"}
{"level":"warn","message":"Price feed has stale data:","staleCount":4,"timestamp":"2026-03-29 08:59:29","total":4}
{"level":"warn","message":"DWX market data file not found — waiting for MT5 to create it...","timestamp":"2026-03-29 08:59:30"}
{"level":"warn","message":"Price feed has stale data:","staleCount":4,"timestamp":"2026-03-29 08:59:30","total":4}
{"level":"warn","message":"DWX market data file not found — waiting for MT5 to create it...","timestamp":"2026-03-29 08:59:31"}
{"level":"warn","message":"Price feed has stale data:","staleCount":4,"timestamp":"2026-03-29 08:59:31","total":4}
{"level":"warn","message":"DWX market data file not found — waiting for MT5 to create it...","timestamp":"2026-03-29 08:59:32"}
{"level":"warn","message":"Price feed has stale data:","staleCount":4,"timestamp":"2026-03-29 08:59:32","total":4}
{"level":"warn","message":"DWX file not found — will retry watcher in 5s...","timestamp":"2026-03-29 08:59:32"}
{"level":"warn","message":"DWX market data file not found — waiting for MT5 to create it...","timestamp":"2026-03-29 08:59:33"}
{"level":"warn","message":"Price feed has stale data:","staleCount":4,"timestamp":"2026-03-29 08:59:33","total":4}
{"level":"warn","message":"DWX market data file not found — waiting for MT5 to create it...","timestamp":"2026-03-29 08:59:34"}
{"level":"warn","message":"Price feed has stale data:","staleCount":4,"timestamp":"2026-03-29 08:59:34","total":4}
{"level":"warn","message":"DWX market data file not found — waiting for MT5 to create it...","timestamp":"2026-03-29 08:59:35"}
{"level":"warn","message":"Price feed has stale data:","staleCount":4,"timestamp":"2026-03-29 08:59:35","total":4}
{"level":"warn","message":"DWX market data file not found — waiting for MT5 to create it...","timestamp":"2026-03-29 08:59:36"}
{"level":"warn","message":"Price feed has stale data:","staleCount":4,"timestamp":"2026-03-29 08:59:36","total":4}
{"level":"warn","message":"DWX market data file not found — waiting for MT5 to create it...","timestamp":"2026-03-29 08:59:37"}
{"level":"warn","message":"Price feed has stale data:","staleCount":4,"timestamp":"2026-03-29 08:59:37","total":4}
{"level":"warn","message":"DWX file not found — will retry watcher in 5s...","timestamp":"2026-03-29 08:59:37"}
{"level":"warn","message":"DWX market data file not found — waiting for MT5 to create it...","timestamp":"2026-03-29 08:59:38"}
{"level":"warn","message":"Price feed has stale data:","staleCount":4,"timestamp":"2026-03-29 08:59:38","total":4}
{"level":"warn","message":"DWX market data file not found — waiting for MT5 to create it...","timestamp":"2026-03-29 08:59:39"}
{"level":"warn","message":"Price feed has stale data:","staleCount":4,"timestamp":"2026-03-29 08:59:39","total":4}
{"level":"warn","message":"DWX market data file not found — waiting for MT5 to create it...","timestamp":"2026-03-29 08:59:40"}
{"level":"warn","message":"Price feed has stale data:","staleCount":4,"timestamp":"2026-03-29 08:59:40","total":4}
{"level":"warn","message":"DWX market data file not found — waiting for MT5 to create it...","timestamp":"2026-03-29 08:59:41"}
{"level":"warn","message":"Price feed has stale data:","staleCount":4,"timestamp":"2026-03-29 08:59:41","total":4}
{"level":"warn","message":"DWX market data file not found — waiting for MT5 to create it...","timestamp":"2026-03-29 08:59:42"}
{"level":"warn","message":"Price feed has stale data:","staleCount":4,"timestamp":"2026-03-29 08:59:42","total":4}
{"level":"warn","message":"DWX file not found — will retry watcher in 5s...","timestamp":"2026-03-29 08:59:42"}
{"level":"warn","message":"DWX market data file not found — waiting for MT5 to create it...","timestamp":"2026-03-29 08:59:43"}
{"level":"warn","message":"Price feed has stale data:","staleCount":4,"timestamp":"2026-03-29 08:59:43","total":4}
{"level":"warn","message":"DWX market data file not found — waiting for MT5 to create it...","timestamp":"2026-03-29 08:59:44"}
{"level":"warn","message":"Price feed has stale data:","staleCount":4,"timestamp":"2026-03-29 08:59:44","total":4}
{"level":"warn","message":"DWX market data file not found — waiting for MT5 to create it...","timestamp":"2026-03-29 08:59:45"}
{"level":"warn","message":"Price feed has stale data:","staleCount":4,"timestamp":"2026-03-29 08:59:45","total":4}
{"level":"warn","message":"DWX market data file not found — waiting for MT5 to create it...","timestamp":"2026-03-29 08:59:46"}
{"level":"warn","message":"Price feed has stale data:","staleCount":4,"timestamp":"2026-03-29 08:59:46","total":4}
{"level":"warn","message":"DWX market data file not found — waiting for MT5 to create it...","timestamp":"2026-03-29 08:59:47"}
{"level":"warn","message":"Price feed has stale data:","staleCount":4,"timestamp":"2026-03-29 08:59:47","total":4}
{"level":"warn","message":"DWX file not found — will retry watcher in 5s...","timestamp":"2026-03-29 08:59:47"}
{"level":"warn","message":"DWX market data file not found — waiting for MT5 to create it...","timestamp":"2026-03-29 08:59:48"}
{"level":"warn","message":"Price feed has stale data:","staleCount":4,"timestamp":"2026-03-29 08:59:48","total":4}
{"level":"warn","message":"DWX market data file not found — waiting for MT5 to create it...","timestamp":"2026-03-29 08:59:49"}
{"level":"warn","message":"Price feed has stale data:","staleCount":4,"timestamp":"2026-03-29 08:59:49","total":4}
{"level":"warn","message":"DWX market data file not found — waiting for MT5 to create it...","timestamp":"2026-03-29 08:59:50"}
{"level":"warn","message":"Price feed has stale data:","staleCount":4,"timestamp":"2026-03-29 08:59:50","total":4}
{"level":"warn","message":"DWX market data file not found — waiting for MT5 to create it...","timestamp":"2026-03-29 08:59:51"}
{"level":"warn","message":"Price feed has stale data:","staleCount":4,"timestamp":"2026-03-29 08:59:51","total":4}
{"level":"warn","message":"DWX market data file not found — waiting for MT5 to create it...","timestamp":"2026-03-29 08:59:52"}
{"level":"warn","message":"Price feed has stale data:","staleCount":4,"timestamp":"2026-03-29 08:59:52","total":4}
{"level":"warn","message":"DWX file not found — will retry watcher in 5s...","timestamp":"2026-03-29 08:59:52"}
{"level":"warn","message":"DWX market data file not found — waiting for MT5 to create it...","timestamp":"2026-03-29 08:59:53"}
{"level":"warn","message":"Price feed has stale data:","staleCount":4,"timestamp":"2026-03-29 08:59:53","total":4}
{"level":"warn","message":"DWX market data file not found — waiting for MT5 to create it...","timestamp":"2026-03-29 08:59:54"}
{"level":"warn","message":"Price feed has stale data:","staleCount":4,"timestamp":"2026-03-29 08:59:54","total":4}
{"level":"warn","message":"DWX market data file not found — waiting for MT5 to create it...","timestamp":"2026-03-29 08:59:55"}
{"level":"warn","message":"Price feed has stale data:","staleCount":4,"timestamp":"2026-03-29 08:59:55","total":4}
{"level":"warn","message":"DWX market data file not found — waiting for MT5 to create it...","timestamp":"2026-03-29 08:59:56"}
{"level":"warn","message":"Price feed has stale data:","staleCount":4,"timestamp":"2026-03-29 08:59:56","total":4}
{"level":"warn","message":"DWX market data file not found — waiting for MT5 to create it...","timestamp":"2026-03-29 08:59:57"}
{"level":"warn","message":"Price feed has stale data:","staleCount":4,"timestamp":"2026-03-29 08:59:57","total":4}
{"level":"warn","message":"DWX file not found — will retry watcher in 5s...","timestamp":"2026-03-29 08:59:57"}
{"level":"warn","message":"DWX market data file not found — waiting for MT5 to create it...","timestamp":"2026-03-29 08:59:58"}
{"level":"warn","message":"Price feed has stale data:","staleCount":4,"timestamp":"2026-03-29 08:59:58","total":4}
{"level":"warn","message":"DWX market data file not found — waiting for MT5 to create it...","timestamp":"2026-03-29 08:59:59"}
{"level":"warn","message":"Price feed has stale data:","staleCount":4,"timestamp":"2026-03-29 08:59:59","total":4}
{"level":"warn","message":"DWX market data file not found — waiting for MT5 to create it...","timestamp":"2026-03-29 09:00:00"}
{"level":"warn","message":"Price feed has stale data:","staleCount":4,"timestamp":"2026-03-29 09:00:00","total":4}
{"level":"warn","message":"DWX market data file not found — waiting for MT5 to create it...","timestamp":"2026-03-29 09:00:01"}
{"level":"warn","message":"Price feed has stale data:","staleCount":4,"timestamp":"2026-03-29 09:00:01","total":4}
{"level":"warn","message":"DWX market data file not found — waiting for MT5 to create it...","timestamp":"2026-03-29 09:00:02"}
{"level":"warn","message":"Price feed has stale data:","staleCount":4,"timestamp":"2026-03-29 09:00:02","total":4}
{"level":"warn","message":"DWX file not found — will retry watcher in 5s...","timestamp":"2026-03-29 09:00:02"}
{"level":"warn","message":"DWX market data file not found — waiting for MT5 to create it...","timestamp":"2026-03-29 09:00:03"}
{"level":"warn","message":"Price feed has stale data:","staleCount":4,"timestamp":"2026-03-29 09:00:03","total":4}
{"level":"warn","message":"DWX market data file not found — waiting for MT5 to create it...","timestamp":"2026-03-29 09:00:04"}
{"level":"warn","message":"Price feed has stale data:","staleCount":4,"timestamp":"2026-03-29 09:00:04","total":4}
{"level":"warn","message":"DWX market data file not found — waiting for MT5 to create it...","timestamp":"2026-03-29 09:00:05"}
{"level":"warn","message":"Price feed has stale data:","staleCount":4,"timestamp":"2026-03-29 09:00:05","total":4}
{"level":"warn","message":"DWX market data file not found — waiting for MT5 to create it...","timestamp":"2026-03-29 09:00:06"}
{"level":"warn","message":"Price feed has stale data:","staleCount":4,"timestamp":"2026-03-29 09:00:06","total":4}
{"level":"warn","message":"DWX market data file not found — waiting for MT5 to create it...","timestamp":"2026-03-29 09:00:07"}
{"level":"warn","message":"Price feed has stale data:","staleCount":4,"timestamp":"2026-03-29 09:00:07","total":4}
{"level":"warn","message":"DWX file not found — will retry watcher in 5s...","timestamp":"2026-03-29 09:00:07"}
{"level":"warn","message":"DWX market data file not found — waiting for MT5 to create it...","timestamp":"2026-03-29 09:00:08"}
{"level":"warn","message":"Price feed has stale data:","staleCount":4,"timestamp":"2026-03-29 09:00:08","total":4}
{"level":"warn","message":"DWX market data file not found — waiting for MT5 to create it...","timestamp":"2026-03-29 09:00:09"}
{"level":"warn","message":"Price feed has stale data:","staleCount":4,"timestamp":"2026-03-29 09:00:09","total":4}
{"level":"warn","message":"DWX market data file not found — waiting for MT5 to create it...","timestamp":"2026-03-29 09:00:10"}
{"level":"warn","message":"Price feed has stale data:","staleCount":4,"timestamp":"2026-03-29 09:00:10","total":4}
{"level":"warn","message":"DWX market data file not found — waiting for MT5 to create it...","timestamp":"2026-03-29 09:00:11"}
{"level":"warn","message":"Price feed has stale data:","staleCount":4,"timestamp":"2026-03-29 09:00:11","total":4}
{"level":"warn","message":"DWX market data file not found — waiting for MT5 to create it...","timestamp":"2026-03-29 09:00:12"}
{"level":"warn","message":"Price feed has stale data:","staleCount":4,"timestamp":"2026-03-29 09:00:12","total":4}
{"level":"warn","message":"DWX file not found — will retry watcher in 5s...","timestamp":"2026-03-29 09:00:12"}
{"level":"warn","message":"DWX market data file not found — waiting for MT5 to create it...","timestamp":"2026-03-29 09:00:13"}
{"level":"warn","message":"Price feed has stale data:","staleCount":4,"timestamp":"2026-03-29 09:00:13","total":4}
{"level":"warn","message":"DWX market data file not found — waiting for MT5 to create it...","timestamp":"2026-03-29 09:00:14"}
{"level":"warn","message":"Price feed has stale data:","staleCount":4,"timestamp":"2026-03-29 09:00:14","total":4}
{"level":"warn","message":"DWX market data file not found — waiting for MT5 to create it...","timestamp":"2026-03-29 09:00:15"}
{"level":"warn","message":"Price feed has stale data:","staleCount":4,"timestamp":"2026-03-29 09:00:15","total":4}
{"level":"warn","message":"DWX market data file not found — waiting for MT5 to create it...","timestamp":"2026-03-29 09:00:16"}
{"level":"warn","message":"Price feed has stale data:","staleCount":4,"timestamp":"2026-03-29 09:00:16","total":4}
{"level":"warn","message":"DWX market data file not found — waiting for MT5 to create it...","timestamp":"2026-03-29 09:00:17"}
{"level":"warn","message":"Price feed has stale data:","staleCount":4,"timestamp":"2026-03-29 09:00:17","total":4}
{"level":"warn","message":"DWX file not found — will retry watcher in 5s...","timestamp":"2026-03-29 09:00:17"}
{"level":"warn","message":"DWX market data file not found — waiting for MT5 to create it...","timestamp":"2026-03-29 09:00:18"}
{"duration_ms":1,"ip":"::1","level":"http","message":"GET /api/admin/announcement","status":404,"timestamp":"2026-03-29 09:00:18","userAgent":"Mozilla/5.0 (Windows NT 10.0; Win64; x64) AppleWebKit/537.36 (KHTML, like Gecko) Chrome/146.0.0.0 Safari/537.36 Edg/146.0.0.0"}
{"level":"warn","message":"Price feed has stale data:","staleCount":4,"timestamp":"2026-03-29 09:00:18","total":4}
{"level":"warn","message":"DWX market data file not found — waiting for MT5 to create it...","timestamp":"2026-03-29 09:00:19"}
{"level":"warn","message":"Price feed has stale data:","staleCount":4,"timestamp":"2026-03-29 09:00:19","total":4}
{"level":"warn","message":"DWX market data file not found — waiting for MT5 to create it...","timestamp":"2026-03-29 09:00:20"}
{"level":"warn","message":"Price feed has stale data:","staleCount":4,"timestamp":"2026-03-29 09:00:20","total":4}
{"level":"warn","message":"DWX market data file not found — waiting for MT5 to create it...","timestamp":"2026-03-29 09:00:21"}
{"level":"warn","message":"Price feed has stale data:","staleCount":4,"timestamp":"2026-03-29 09:00:21","total":4}
{"level":"warn","message":"DWX market data file not found — waiting for MT5 to create it...","timestamp":"2026-03-29 09:00:22"}
{"level":"warn","message":"Price feed has stale data:","staleCount":4,"timestamp":"2026-03-29 09:00:22","total":4}
{"level":"warn","message":"DWX file not found — will retry watcher in 5s...","timestamp":"2026-03-29 09:00:22"}
{"level":"warn","message":"DWX market data file not found — waiting for MT5 to create it...","timestamp":"2026-03-29 09:00:23"}
{"level":"warn","message":"Price feed has stale data:","staleCount":4,"timestamp":"2026-03-29 09:00:23","total":4}
{"level":"warn","message":"DWX market data file not found — waiting for MT5 to create it...","timestamp":"2026-03-29 09:00:24"}
{"level":"warn","message":"Price feed has stale data:","staleCount":4,"timestamp":"2026-03-29 09:00:24","total":4}
{"level":"warn","message":"DWX market data file not found — waiting for MT5 to create it...","timestamp":"2026-03-29 09:00:25"}
{"level":"warn","message":"Price feed has stale data:","staleCount":4,"timestamp":"2026-03-29 09:00:25","total":4}
{"level":"warn","message":"DWX market data file not found — waiting for MT5 to create it...","timestamp":"2026-03-29 09:00:26"}
{"level":"warn","message":"Price feed has stale data:","staleCount":4,"timestamp":"2026-03-29 09:00:26","total":4}
{"level":"warn","message":"DWX market data file not found — waiting for MT5 to create it...","timestamp":"2026-03-29 09:00:27"}
{"level":"warn","message":"Price feed has stale data:","staleCount":4,"timestamp":"2026-03-29 09:00:27","total":4}
{"level":"warn","message":"DWX file not found — will retry watcher in 5s...","timestamp":"2026-03-29 09:00:27"}
{"level":"warn","message":"DWX market data file not found — waiting for MT5 to create it...","timestamp":"2026-03-29 09:00:28"}
{"level":"warn","message":"Price feed has stale data:","staleCount":4,"timestamp":"2026-03-29 09:00:28","total":4}
{"level":"warn","message":"DWX market data file not found — waiting for MT5 to create it...","timestamp":"2026-03-29 09:00:29"}
{"level":"warn","message":"Price feed has stale data:","staleCount":4,"timestamp":"2026-03-29 09:00:29","total":4}
{"level":"warn","message":"DWX market data file not found — waiting for MT5 to create it...","timestamp":"2026-03-29 09:00:30"}
{"level":"warn","message":"Price feed has stale data:","staleCount":4,"timestamp":"2026-03-29 09:00:30","total":4}
{"level":"warn","message":"DWX market data file not found — waiting for MT5 to create it...","timestamp":"2026-03-29 09:00:31"}
{"level":"warn","message":"Price feed has stale data:","staleCount":4,"timestamp":"2026-03-29 09:00:31","total":4}
{"level":"warn","message":"DWX market data file not found — waiting for MT5 to create it...","timestamp":"2026-03-29 09:00:32"}
{"level":"warn","message":"Price feed has stale data:","staleCount":4,"timestamp":"2026-03-29 09:00:32","total":4}
{"level":"warn","message":"DWX file not found — will retry watcher in 5s...","timestamp":"2026-03-29 09:00:32"}
{"level":"warn","message":"DWX market data file not found — waiting for MT5 to create it...","timestamp":"2026-03-29 09:00:33"}
{"level":"warn","message":"Price feed has stale data:","staleCount":4,"timestamp":"2026-03-29 09:00:33","total":4}
{"level":"warn","message":"DWX market data file not found — waiting for MT5 to create it...","timestamp":"2026-03-29 09:00:34"}
{"level":"warn","message":"Price feed has stale data:","staleCount":4,"timestamp":"2026-03-29 09:00:34","total":4}
{"level":"warn","message":"DWX market data file not found — waiting for MT5 to create it...","timestamp":"2026-03-29 09:00:35"}
{"level":"warn","message":"Price feed has stale data:","staleCount":4,"timestamp":"2026-03-29 09:00:35","total":4}
{"level":"warn","message":"DWX market data file not found — waiting for MT5 to create it...","timestamp":"2026-03-29 09:00:36"}
{"level":"warn","message":"Price feed has stale data:","staleCount":4,"timestamp":"2026-03-29 09:00:36","total":4}
{"level":"warn","message":"DWX market data file not found — waiting for MT5 to create it...","timestamp":"2026-03-29 09:00:37"}
{"level":"warn","message":"Price feed has stale data:","staleCount":4,"timestamp":"2026-03-29 09:00:37","total":4}
{"level":"warn","message":"DWX file not found — will retry watcher in 5s...","timestamp":"2026-03-29 09:00:37"}
{"level":"warn","message":"DWX market data file not found — waiting for MT5 to create it...","timestamp":"2026-03-29 09:00:38"}
{"level":"warn","message":"Price feed has stale data:","staleCount":4,"timestamp":"2026-03-29 09:00:38","total":4}
{"level":"warn","message":"DWX market data file not found — waiting for MT5 to create it...","timestamp":"2026-03-29 09:00:39"}
{"level":"warn","message":"Price feed has stale data:","staleCount":4,"timestamp":"2026-03-29 09:00:39","total":4}
{"level":"warn","message":"DWX market data file not found — waiting for MT5 to create it...","timestamp":"2026-03-29 09:00:40"}
{"level":"warn","message":"Price feed has stale data:","staleCount":4,"timestamp":"2026-03-29 09:00:40","total":4}
{"level":"warn","message":"DWX market data file not found — waiting for MT5 to create it...","timestamp":"2026-03-29 09:00:41"}
{"level":"warn","message":"Price feed has stale data:","staleCount":4,"timestamp":"2026-03-29 09:00:41","total":4}
{"level":"warn","message":"DWX market data file not found — waiting for MT5 to create it...","timestamp":"2026-03-29 09:00:42"}
{"level":"warn","message":"Price feed has stale data:","staleCount":4,"timestamp":"2026-03-29 09:00:42","total":4}
{"level":"warn","message":"DWX file not found — will retry watcher in 5s...","timestamp":"2026-03-29 09:00:42"}
{"level":"warn","message":"DWX market data file not found — waiting for MT5 to create it...","timestamp":"2026-03-29 09:00:43"}
{"level":"warn","message":"Price feed has stale data:","staleCount":4,"timestamp":"2026-03-29 09:00:43","total":4}
{"level":"warn","message":"DWX market data file not found — waiting for MT5 to create it...","timestamp":"2026-03-29 09:00:44"}
{"level":"warn","message":"Price feed has stale data:","staleCount":4,"timestamp":"2026-03-29 09:00:44","total":4}
{"level":"warn","message":"DWX market data file not found — waiting for MT5 to create it...","timestamp":"2026-03-29 09:00:45"}
{"level":"warn","message":"Price feed has stale data:","staleCount":4,"timestamp":"2026-03-29 09:00:45","total":4}
{"level":"warn","message":"DWX market data file not found — waiting for MT5 to create it...","timestamp":"2026-03-29 09:00:46"}
{"level":"warn","message":"Price feed has stale data:","staleCount":4,"timestamp":"2026-03-29 09:00:46","total":4}
{"level":"warn","message":"DWX market data file not found — waiting for MT5 to create it...","timestamp":"2026-03-29 09:00:47"}
{"level":"warn","message":"Price feed has stale data:","staleCount":4,"timestamp":"2026-03-29 09:00:47","total":4}
{"level":"warn","message":"DWX file not found — will retry watcher in 5s...","timestamp":"2026-03-29 09:00:47"}
{"level":"warn","message":"DWX market data file not found — waiting for MT5 to create it...","timestamp":"2026-03-29 09:00:48"}
{"level":"warn","message":"Price feed has stale data:","staleCount":4,"timestamp":"2026-03-29 09:00:48","total":4}
{"level":"warn","message":"DWX market data file not found — waiting for MT5 to create it...","timestamp":"2026-03-29 09:00:49"}
{"level":"warn","message":"Price feed has stale data:","staleCount":4,"timestamp":"2026-03-29 09:00:49","total":4}
{"level":"warn","message":"DWX market data file not found — waiting for MT5 to create it...","timestamp":"2026-03-29 09:00:50"}
{"level":"warn","message":"Price feed has stale data:","staleCount":4,"timestamp":"2026-03-29 09:00:50","total":4}
{"level":"warn","message":"DWX market data file not found — waiting for MT5 to create it...","timestamp":"2026-03-29 09:00:51"}
{"level":"warn","message":"Price feed has stale data:","staleCount":4,"timestamp":"2026-03-29 09:00:51","total":4}
{"level":"warn","message":"DWX market data file not found — waiting for MT5 to create it...","timestamp":"2026-03-29 09:00:52"}
{"level":"warn","message":"Price feed has stale data:","staleCount":4,"timestamp":"2026-03-29 09:00:52","total":4}
{"level":"warn","message":"DWX file not found — will retry watcher in 5s...","timestamp":"2026-03-29 09:00:52"}
{"level":"warn","message":"DWX market data file not found — waiting for MT5 to create it...","timestamp":"2026-03-29 09:00:53"}
{"level":"warn","message":"Price feed has stale data:","staleCount":4,"timestamp":"2026-03-29 09:00:53","total":4}
{"level":"warn","message":"DWX market data file not found — waiting for MT5 to create it...","timestamp":"2026-03-29 09:00:54"}
{"level":"warn","message":"Price feed has stale data:","staleCount":4,"timestamp":"2026-03-29 09:00:54","total":4}
{"level":"warn","message":"DWX market data file not found — waiting for MT5 to create it...","timestamp":"2026-03-29 09:00:55"}
{"level":"warn","message":"Price feed has stale data:","staleCount":4,"timestamp":"2026-03-29 09:00:55","total":4}
{"level":"warn","message":"DWX market data file not found — waiting for MT5 to create it...","timestamp":"2026-03-29 09:00:56"}
{"level":"warn","message":"Price feed has stale data:","staleCount":4,"timestamp":"2026-03-29 09:00:56","total":4}
{"level":"warn","message":"DWX market data file not found — waiting for MT5 to create it...","timestamp":"2026-03-29 09:00:57"}
{"level":"warn","message":"Price feed has stale data:","staleCount":4,"timestamp":"2026-03-29 09:00:57","total":4}
{"level":"warn","message":"DWX file not found — will retry watcher in 5s...","timestamp":"2026-03-29 09:00:57"}
{"level":"warn","message":"DWX market data file not found — waiting for MT5 to create it...","timestamp":"2026-03-29 09:00:58"}
{"level":"warn","message":"Price feed has stale data:","staleCount":4,"timestamp":"2026-03-29 09:00:58","total":4}
{"level":"warn","message":"DWX market data file not found — waiting for MT5 to create it...","timestamp":"2026-03-29 09:00:59"}
{"level":"warn","message":"Price feed has stale data:","staleCount":4,"timestamp":"2026-03-29 09:00:59","total":4}
{"level":"warn","message":"DWX market data file not found — waiting for MT5 to create it...","timestamp":"2026-03-29 09:01:00"}
{"level":"warn","message":"Price feed has stale data:","staleCount":4,"timestamp":"2026-03-29 09:01:00","total":4}
{"level":"warn","message":"DWX market data file not found — waiting for MT5 to create it...","timestamp":"2026-03-29 09:01:01"}
{"level":"warn","message":"Price feed has stale data:","staleCount":4,"timestamp":"2026-03-29 09:01:01","total":4}
{"level":"warn","message":"DWX market data file not found — waiting for MT5 to create it...","timestamp":"2026-03-29 09:01:02"}
{"level":"warn","message":"Price feed has stale data:","staleCount":4,"timestamp":"2026-03-29 09:01:02","total":4}
{"level":"warn","message":"DWX file not found — will retry watcher in 5s...","timestamp":"2026-03-29 09:01:03"}
{"level":"warn","message":"DWX market data file not found — waiting for MT5 to create it...","timestamp":"2026-03-29 09:01:03"}
{"level":"warn","message":"Price feed has stale data:","staleCount":4,"timestamp":"2026-03-29 09:01:03","total":4}
{"level":"warn","message":"DWX market data file not found — waiting for MT5 to create it...","timestamp":"2026-03-29 09:01:04"}
{"level":"warn","message":"Price feed has stale data:","staleCount":4,"timestamp":"2026-03-29 09:01:04","total":4}
{"level":"warn","message":"DWX market data file not found — waiting for MT5 to create it...","timestamp":"2026-03-29 09:01:05"}
{"level":"warn","message":"Price feed has stale data:","staleCount":4,"timestamp":"2026-03-29 09:01:05","total":4}
{"level":"warn","message":"DWX market data file not found — waiting for MT5 to create it...","timestamp":"2026-03-29 09:01:06"}
{"level":"warn","message":"Price feed has stale data:","staleCount":4,"timestamp":"2026-03-29 09:01:06","total":4}
{"level":"warn","message":"DWX market data file not found — waiting for MT5 to create it...","timestamp":"2026-03-29 09:01:07"}
{"level":"warn","message":"Price feed has stale data:","staleCount":4,"timestamp":"2026-03-29 09:01:07","total":4}
{"level":"warn","message":"DWX file not found — will retry watcher in 5s...","timestamp":"2026-03-29 09:01:08"}
{"level":"warn","message":"DWX market data file not found — waiting for MT5 to create it...","timestamp":"2026-03-29 09:01:08"}
{"level":"warn","message":"Price feed has stale data:","staleCount":4,"timestamp":"2026-03-29 09:01:08","total":4}
{"level":"warn","message":"DWX market data file not found — waiting for MT5 to create it...","timestamp":"2026-03-29 09:01:09"}
{"level":"warn","message":"Price feed has stale data:","staleCount":4,"timestamp":"2026-03-29 09:01:09","total":4}
{"level":"warn","message":"DWX market data file not found — waiting for MT5 to create it...","timestamp":"2026-03-29 09:01:10"}
{"level":"warn","message":"Price feed has stale data:","staleCount":4,"timestamp":"2026-03-29 09:01:10","total":4}
{"level":"warn","message":"DWX market data file not found — waiting for MT5 to create it...","timestamp":"2026-03-29 09:01:11"}
{"level":"warn","message":"Price feed has stale data:","staleCount":4,"timestamp":"2026-03-29 09:01:11","total":4}
{"level":"warn","message":"DWX market data file not found — waiting for MT5 to create it...","timestamp":"2026-03-29 09:01:12"}
{"level":"warn","message":"Price feed has stale data:","staleCount":4,"timestamp":"2026-03-29 09:01:12","total":4}
{"level":"warn","message":"DWX file not found — will retry watcher in 5s...","timestamp":"2026-03-29 09:01:13"}
{"level":"warn","message":"DWX market data file not found — waiting for MT5 to create it...","timestamp":"2026-03-29 09:01:13"}
{"level":"warn","message":"Price feed has stale data:","staleCount":4,"timestamp":"2026-03-29 09:01:13","total":4}
{"level":"warn","message":"DWX market data file not found — waiting for MT5 to create it...","timestamp":"2026-03-29 09:01:14"}
{"level":"warn","message":"Price feed has stale data:","staleCount":4,"timestamp":"2026-03-29 09:01:14","total":4}
{"level":"warn","message":"DWX market data file not found — waiting for MT5 to create it...","timestamp":"2026-03-29 09:01:15"}
{"level":"warn","message":"Price feed has stale data:","staleCount":4,"timestamp":"2026-03-29 09:01:15","total":4}
{"level":"warn","message":"DWX market data file not found — waiting for MT5 to create it...","timestamp":"2026-03-29 09:01:16"}
{"level":"warn","message":"Price feed has stale data:","staleCount":4,"timestamp":"2026-03-29 09:01:16","total":4}
{"level":"warn","message":"DWX market data file not found — waiting for MT5 to create it...","timestamp":"2026-03-29 09:01:17"}
{"level":"warn","message":"Price feed has stale data:","staleCount":4,"timestamp":"2026-03-29 09:01:17","total":4}
{"level":"warn","message":"DWX file not found — will retry watcher in 5s...","timestamp":"2026-03-29 09:01:18"}
{"level":"warn","message":"DWX market data file not found — waiting for MT5 to create it...","timestamp":"2026-03-29 09:01:18"}
{"level":"warn","message":"Price feed has stale data:","staleCount":4,"timestamp":"2026-03-29 09:01:18","total":4}
{"level":"warn","message":"DWX market data file not found — waiting for MT5 to create it...","timestamp":"2026-03-29 09:01:19"}
{"level":"warn","message":"Price feed has stale data:","staleCount":4,"timestamp":"2026-03-29 09:01:19","total":4}
{"level":"warn","message":"DWX market data file not found — waiting for MT5 to create it...","timestamp":"2026-03-29 09:01:20"}
{"level":"warn","message":"Price feed has stale data:","staleCount":4,"timestamp":"2026-03-29 09:01:20","total":4}
{"level":"warn","message":"DWX market data file not found — waiting for MT5 to create it...","timestamp":"2026-03-29 09:01:21"}
{"level":"warn","message":"Price feed has stale data:","staleCount":4,"timestamp":"2026-03-29 09:01:21","total":4}
{"level":"warn","message":"DWX market data file not found — waiting for MT5 to create it...","timestamp":"2026-03-29 09:01:22"}
{"level":"warn","message":"Price feed has stale data:","staleCount":4,"timestamp":"2026-03-29 09:01:22","total":4}
{"level":"warn","message":"DWX file not found — will retry watcher in 5s...","timestamp":"2026-03-29 09:01:23"}
{"level":"warn","message":"DWX market data file not found — waiting for MT5 to create it...","timestamp":"2026-03-29 09:01:23"}
{"level":"warn","message":"Price feed has stale data:","staleCount":4,"timestamp":"2026-03-29 09:01:23","total":4}
{"level":"warn","message":"DWX market data file not found — waiting for MT5 to create it...","timestamp":"2026-03-29 09:01:24"}
{"level":"warn","message":"Price feed has stale data:","staleCount":4,"timestamp":"2026-03-29 09:01:24","total":4}
{"level":"warn","message":"DWX market data file not found — waiting for MT5 to create it...","timestamp":"2026-03-29 09:01:25"}
{"level":"warn","message":"Price feed has stale data:","staleCount":4,"timestamp":"2026-03-29 09:01:25","total":4}
{"level":"warn","message":"DWX market data file not found — waiting for MT5 to create it...","timestamp":"2026-03-29 09:01:26"}
{"level":"warn","message":"Price feed has stale data:","staleCount":4,"timestamp":"2026-03-29 09:01:26","total":4}
{"level":"warn","message":"DWX market data file not found — waiting for MT5 to create it...","timestamp":"2026-03-29 09:01:27"}
{"level":"warn","message":"Price feed has stale data:","staleCount":4,"timestamp":"2026-03-29 09:01:27","total":4}
{"level":"warn","message":"DWX file not found — will retry watcher in 5s...","timestamp":"2026-03-29 09:01:28"}
{"level":"warn","message":"DWX market data file not found — waiting for MT5 to create it...","timestamp":"2026-03-29 09:01:28"}
{"level":"warn","message":"Price feed has stale data:","staleCount":4,"timestamp":"2026-03-29 09:01:28","total":4}
{"level":"warn","message":"DWX market data file not found — waiting for MT5 to create it...","timestamp":"2026-03-29 09:01:29"}
{"level":"warn","message":"Price feed has stale data:","staleCount":4,"timestamp":"2026-03-29 09:01:29","total":4}
{"level":"warn","message":"DWX market data file not found — waiting for MT5 to create it...","timestamp":"2026-03-29 09:01:30"}
{"level":"warn","message":"Price feed has stale data:","staleCount":4,"timestamp":"2026-03-29 09:01:30","total":4}
{"level":"warn","message":"DWX market data file not found — waiting for MT5 to create it...","timestamp":"2026-03-29 09:01:31"}
{"level":"warn","message":"Price feed has stale data:","staleCount":4,"timestamp":"2026-03-29 09:01:31","total":4}
{"level":"warn","message":"DWX market data file not found — waiting for MT5 to create it...","timestamp":"2026-03-29 09:01:32"}
{"level":"warn","message":"Price feed has stale data:","staleCount":4,"timestamp":"2026-03-29 09:01:32","total":4}
{"level":"warn","message":"DWX file not found — will retry watcher in 5s...","timestamp":"2026-03-29 09:01:33"}
{"level":"warn","message":"DWX market data file not found — waiting for MT5 to create it...","timestamp":"2026-03-29 09:01:33"}
{"level":"warn","message":"Price feed has stale data:","staleCount":4,"timestamp":"2026-03-29 09:01:33","total":4}
{"level":"warn","message":"DWX market data file not found — waiting for MT5 to create it...","timestamp":"2026-03-29 09:01:34"}
{"level":"warn","message":"Price feed has stale data:","staleCount":4,"timestamp":"2026-03-29 09:01:34","total":4}
{"level":"warn","message":"DWX market data file not found — waiting for MT5 to create it...","timestamp":"2026-03-29 09:01:35"}
{"level":"warn","message":"Price feed has stale data:","staleCount":4,"timestamp":"2026-03-29 09:01:35","total":4}
{"level":"warn","message":"DWX market data file not found — waiting for MT5 to create it...","timestamp":"2026-03-29 09:01:36"}
{"level":"warn","message":"Price feed has stale data:","staleCount":4,"timestamp":"2026-03-29 09:01:36","total":4}
{"level":"warn","message":"DWX market data file not found — waiting for MT5 to create it...","timestamp":"2026-03-29 09:01:37"}
{"level":"warn","message":"Price feed has stale data:","staleCount":4,"timestamp":"2026-03-29 09:01:37","total":4}
{"level":"warn","message":"DWX file not found — will retry watcher in 5s...","timestamp":"2026-03-29 09:01:38"}
{"level":"warn","message":"DWX market data file not found — waiting for MT5 to create it...","timestamp":"2026-03-29 09:01:39"}
{"level":"warn","message":"Price feed has stale data:","staleCount":4,"timestamp":"2026-03-29 09:01:39","total":4}
{"level":"warn","message":"DWX market data file not found — waiting for MT5 to create it...","timestamp":"2026-03-29 09:01:40"}
{"level":"warn","message":"Price feed has stale data:","staleCount":4,"timestamp":"2026-03-29 09:01:40","total":4}
{"level":"warn","message":"DWX market data file not found — waiting for MT5 to create it...","timestamp":"2026-03-29 09:01:41"}
{"level":"warn","message":"Price feed has stale data:","staleCount":4,"timestamp":"2026-03-29 09:01:41","total":4}
{"level":"warn","message":"DWX market data file not found — waiting for MT5 to create it...","timestamp":"2026-03-29 09:01:42"}
{"level":"warn","message":"Price feed has stale data:","staleCount":4,"timestamp":"2026-03-29 09:01:42","total":4}
{"level":"warn","message":"DWX market data file not found — waiting for MT5 to create it...","timestamp":"2026-03-29 09:01:43"}
{"level":"warn","message":"Price feed has stale data:","staleCount":4,"timestamp":"2026-03-29 09:01:43","total":4}
{"level":"warn","message":"DWX file not found — will retry watcher in 5s...","timestamp":"2026-03-29 09:01:43"}
{"level":"warn","message":"DWX market data file not found — waiting for MT5 to create it...","timestamp":"2026-03-29 09:01:44"}
{"level":"warn","message":"Price feed has stale data:","staleCount":4,"timestamp":"2026-03-29 09:01:44","total":4}
{"level":"warn","message":"DWX market data file not found — waiting for MT5 to create it...","timestamp":"2026-03-29 09:01:45"}
{"level":"warn","message":"Price feed has stale data:","staleCount":4,"timestamp":"2026-03-29 09:01:45","total":4}
{"level":"warn","message":"DWX market data file not found — waiting for MT5 to create it...","timestamp":"2026-03-29 09:01:46"}
{"level":"warn","message":"Price feed has stale data:","staleCount":4,"timestamp":"2026-03-29 09:01:46","total":4}
{"level":"warn","message":"DWX market data file not found — waiting for MT5 to create it...","timestamp":"2026-03-29 09:01:47"}
{"level":"warn","message":"Price feed has stale data:","staleCount":4,"timestamp":"2026-03-29 09:01:47","total":4}
{"level":"warn","message":"DWX market data file not found — waiting for MT5 to create it...","timestamp":"2026-03-29 09:01:48"}
{"level":"warn","message":"Price feed has stale data:","staleCount":4,"timestamp":"2026-03-29 09:01:48","total":4}
{"level":"warn","message":"DWX file not found — will retry watcher in 5s...","timestamp":"2026-03-29 09:01:48"}
{"level":"warn","message":"DWX market data file not found — waiting for MT5 to create it...","timestamp":"2026-03-29 09:01:49"}
{"level":"warn","message":"Price feed has stale data:","staleCount":4,"timestamp":"2026-03-29 09:01:49","total":4}
{"level":"warn","message":"DWX market data file not found — waiting for MT5 to create it...","timestamp":"2026-03-29 09:01:50"}
{"level":"warn","message":"Price feed has stale data:","staleCount":4,"timestamp":"2026-03-29 09:01:50","total":4}
{"level":"warn","message":"DWX market data file not found — waiting for MT5 to create it...","timestamp":"2026-03-29 09:01:51"}
{"level":"warn","message":"Price feed has stale data:","staleCount":4,"timestamp":"2026-03-29 09:01:51","total":4}
{"level":"warn","message":"DWX market data file not found — waiting for MT5 to create it...","timestamp":"2026-03-29 09:01:52"}
{"level":"warn","message":"Price feed has stale data:","staleCount":4,"timestamp":"2026-03-29 09:01:52","total":4}
{"level":"warn","message":"DWX file not found — will retry watcher in 5s...","timestamp":"2026-03-29 09:01:53"}
{"level":"warn","message":"DWX market data file not found — waiting for MT5 to create it...","timestamp":"2026-03-29 09:01:53"}
{"level":"warn","message":"Price feed has stale data:","staleCount":4,"timestamp":"2026-03-29 09:01:53","total":4}
{"level":"warn","message":"DWX market data file not found — waiting for MT5 to create it...","timestamp":"2026-03-29 09:01:54"}
{"level":"warn","message":"Price feed has stale data:","staleCount":4,"timestamp":"2026-03-29 09:01:54","total":4}
{"level":"warn","message":"DWX market data file not found — waiting for MT5 to create it...","timestamp":"2026-03-29 09:01:55"}
{"level":"warn","message":"Price feed has stale data:","staleCount":4,"timestamp":"2026-03-29 09:01:55","total":4}
{"level":"warn","message":"DWX market data file not found — waiting for MT5 to create it...","timestamp":"2026-03-29 09:01:56"}
{"level":"warn","message":"Price feed has stale data:","staleCount":4,"timestamp":"2026-03-29 09:01:56","total":4}
{"level":"warn","message":"DWX market data file not found — waiting for MT5 to create it...","timestamp":"2026-03-29 09:01:57"}
{"level":"warn","message":"Price feed has stale data:","staleCount":4,"timestamp":"2026-03-29 09:01:57","total":4}
{"level":"warn","message":"DWX file not found — will retry watcher in 5s...","timestamp":"2026-03-29 09:01:58"}
{"level":"warn","message":"DWX market data file not found — waiting for MT5 to create it...","timestamp":"2026-03-29 09:01:58"}
{"level":"warn","message":"Price feed has stale data:","staleCount":4,"timestamp":"2026-03-29 09:01:58","total":4}
{"level":"warn","message":"DWX market data file not found — waiting for MT5 to create it...","timestamp":"2026-03-29 09:01:59"}
{"level":"warn","message":"Price feed has stale data:","staleCount":4,"timestamp":"2026-03-29 09:01:59","total":4}
{"level":"warn","message":"DWX market data file not found — waiting for MT5 to create it...","timestamp":"2026-03-29 09:02:00"}
{"level":"warn","message":"Price feed has stale data:","staleCount":4,"timestamp":"2026-03-29 09:02:00","total":4}
{"level":"warn","message":"DWX market data file not found — waiting for MT5 to create it...","timestamp":"2026-03-29 09:02:01"}
{"level":"warn","message":"Price feed has stale data:","staleCount":4,"timestamp":"2026-03-29 09:02:01","total":4}
{"level":"warn","message":"DWX market data file not found — waiting for MT5 to create it...","timestamp":"2026-03-29 09:02:02"}
{"level":"warn","message":"Price feed has stale data:","staleCount":4,"timestamp":"2026-03-29 09:02:02","total":4}
{"level":"warn","message":"DWX file not found — will retry watcher in 5s...","timestamp":"2026-03-29 09:02:03"}
{"level":"warn","message":"DWX market data file not found — waiting for MT5 to create it...","timestamp":"2026-03-29 09:02:03"}
{"level":"warn","message":"Price feed has stale data:","staleCount":4,"timestamp":"2026-03-29 09:02:03","total":4}
{"level":"warn","message":"DWX market data file not found — waiting for MT5 to create it...","timestamp":"2026-03-29 09:02:04"}
{"level":"warn","message":"Price feed has stale data:","staleCount":4,"timestamp":"2026-03-29 09:02:04","total":4}
{"level":"warn","message":"DWX market data file not found — waiting for MT5 to create it...","timestamp":"2026-03-29 09:02:05"}
{"level":"warn","message":"Price feed has stale data:","staleCount":4,"timestamp":"2026-03-29 09:02:05","total":4}
{"level":"warn","message":"DWX market data file not found — waiting for MT5 to create it...","timestamp":"2026-03-29 09:02:06"}
{"level":"warn","message":"Price feed has stale data:","staleCount":4,"timestamp":"2026-03-29 09:02:06","total":4}
{"level":"warn","message":"DWX market data file not found — waiting for MT5 to create it...","timestamp":"2026-03-29 09:02:07"}
{"level":"warn","message":"Price feed has stale data:","staleCount":4,"timestamp":"2026-03-29 09:02:07","total":4}
{"level":"warn","message":"DWX file not found — will retry watcher in 5s...","timestamp":"2026-03-29 09:02:08"}
{"level":"warn","message":"DWX market data file not found — waiting for MT5 to create it...","timestamp":"2026-03-29 09:02:08"}
{"level":"warn","message":"Price feed has stale data:","staleCount":4,"timestamp":"2026-03-29 09:02:08","total":4}
{"level":"warn","message":"DWX market data file not found — waiting for MT5 to create it...","timestamp":"2026-03-29 09:02:09"}
{"level":"warn","message":"Price feed has stale data:","staleCount":4,"timestamp":"2026-03-29 09:02:09","total":4}
{"level":"warn","message":"DWX market data file not found — waiting for MT5 to create it...","timestamp":"2026-03-29 09:02:10"}
{"level":"warn","message":"Price feed has stale data:","staleCount":4,"timestamp":"2026-03-29 09:02:10","total":4}
{"level":"warn","message":"DWX market data file not found — waiting for MT5 to create it...","timestamp":"2026-03-29 09:02:11"}
{"level":"warn","message":"Price feed has stale data:","staleCount":4,"timestamp":"2026-03-29 09:02:11","total":4}
{"level":"warn","message":"DWX market data file not found — waiting for MT5 to create it...","timestamp":"2026-03-29 09:02:12"}
{"level":"warn","message":"Price feed has stale data:","staleCount":4,"timestamp":"2026-03-29 09:02:12","total":4}
{"level":"warn","message":"DWX file not found — will retry watcher in 5s...","timestamp":"2026-03-29 09:02:13"}
{"level":"warn","message":"DWX market data file not found — waiting for MT5 to create it...","timestamp":"2026-03-29 09:02:13"}
{"level":"warn","message":"Price feed has stale data:","staleCount":4,"timestamp":"2026-03-29 09:02:13","total":4}
{"level":"warn","message":"DWX market data file not found — waiting for MT5 to create it...","timestamp":"2026-03-29 09:02:14"}
{"level":"warn","message":"Price feed has stale data:","staleCount":4,"timestamp":"2026-03-29 09:02:14","total":4}
{"level":"warn","message":"DWX market data file not found — waiting for MT5 to create it...","timestamp":"2026-03-29 09:02:15"}
{"level":"warn","message":"Price feed has stale data:","staleCount":4,"timestamp":"2026-03-29 09:02:15","total":4}
{"level":"warn","message":"DWX market data file not found — waiting for MT5 to create it...","timestamp":"2026-03-29 09:02:16"}
{"level":"warn","message":"Price feed has stale data:","staleCount":4,"timestamp":"2026-03-29 09:02:16","total":4}
{"level":"warn","message":"DWX market data file not found — waiting for MT5 to create it...","timestamp":"2026-03-29 09:02:17"}
{"level":"warn","message":"Price feed has stale data:","staleCount":4,"timestamp":"2026-03-29 09:02:17","total":4}
{"level":"warn","message":"DWX file not found — will retry watcher in 5s...","timestamp":"2026-03-29 09:02:18"}
{"level":"warn","message":"DWX market data file not found — waiting for MT5 to create it...","timestamp":"2026-03-29 09:02:18"}
{"level":"warn","message":"Price feed has stale data:","staleCount":4,"timestamp":"2026-03-29 09:02:18","total":4}
{"level":"warn","message":"DWX market data file not found — waiting for MT5 to create it...","timestamp":"2026-03-29 09:02:19"}
{"level":"warn","message":"Price feed has stale data:","staleCount":4,"timestamp":"2026-03-29 09:02:19","total":4}
{"level":"warn","message":"DWX market data file not found — waiting for MT5 to create it...","timestamp":"2026-03-29 09:02:20"}
{"level":"warn","message":"Price feed has stale data:","staleCount":4,"timestamp":"2026-03-29 09:02:20","total":4}
{"level":"warn","message":"DWX market data file not found — waiting for MT5 to create it...","timestamp":"2026-03-29 09:02:21"}
{"level":"warn","message":"Price feed has stale data:","staleCount":4,"timestamp":"2026-03-29 09:02:21","total":4}
{"level":"warn","message":"DWX market data file not found — waiting for MT5 to create it...","timestamp":"2026-03-29 09:02:22"}
{"level":"warn","message":"Price feed has stale data:","staleCount":4,"timestamp":"2026-03-29 09:02:22","total":4}
{"level":"warn","message":"DWX file not found — will retry watcher in 5s...","timestamp":"2026-03-29 09:02:23"}
{"level":"warn","message":"DWX market data file not found — waiting for MT5 to create it...","timestamp":"2026-03-29 09:02:23"}
{"level":"warn","message":"Price feed has stale data:","staleCount":4,"timestamp":"2026-03-29 09:02:23","total":4}
{"level":"warn","message":"DWX market data file not found — waiting for MT5 to create it...","timestamp":"2026-03-29 09:02:24"}
{"level":"warn","message":"Price feed has stale data:","staleCount":4,"timestamp":"2026-03-29 09:02:24","total":4}
{"level":"warn","message":"DWX market data file not found — waiting for MT5 to create it...","timestamp":"2026-03-29 09:02:25"}
{"level":"warn","message":"Price feed has stale data:","staleCount":4,"timestamp":"2026-03-29 09:02:25","total":4}
{"level":"warn","message":"DWX market data file not found — waiting for MT5 to create it...","timestamp":"2026-03-29 09:02:26"}
{"level":"warn","message":"Price feed has stale data:","staleCount":4,"timestamp":"2026-03-29 09:02:26","total":4}
{"level":"warn","message":"DWX market data file not found — waiting for MT5 to create it...","timestamp":"2026-03-29 09:02:27"}
{"level":"warn","message":"Price feed has stale data:","staleCount":4,"timestamp":"2026-03-29 09:02:27","total":4}
{"level":"warn","message":"DWX file not found — will retry watcher in 5s...","timestamp":"2026-03-29 09:02:28"}
{"level":"warn","message":"DWX market data file not found — waiting for MT5 to create it...","timestamp":"2026-03-29 09:02:28"}
{"level":"warn","message":"Price feed has stale data:","staleCount":4,"timestamp":"2026-03-29 09:02:28","total":4}
{"level":"warn","message":"DWX market data file not found — waiting for MT5 to create it...","timestamp":"2026-03-29 09:02:29"}
{"level":"warn","message":"Price feed has stale data:","staleCount":4,"timestamp":"2026-03-29 09:02:29","total":4}
{"level":"warn","message":"DWX market data file not found — waiting for MT5 to create it...","timestamp":"2026-03-29 09:02:30"}
{"level":"warn","message":"Price feed has stale data:","staleCount":4,"timestamp":"2026-03-29 09:02:30","total":4}
{"level":"warn","message":"DWX market data file not found — waiting for MT5 to create it...","timestamp":"2026-03-29 09:02:31"}
{"level":"warn","message":"Price feed has stale data:","staleCount":4,"timestamp":"2026-03-29 09:02:31","total":4}
{"level":"warn","message":"DWX market data file not found — waiting for MT5 to create it...","timestamp":"2026-03-29 09:02:32"}
{"level":"warn","message":"Price feed has stale data:","staleCount":4,"timestamp":"2026-03-29 09:02:32","total":4}
{"level":"warn","message":"DWX file not found — will retry watcher in 5s...","timestamp":"2026-03-29 09:02:33"}
{"level":"warn","message":"DWX market data file not found — waiting for MT5 to create it...","timestamp":"2026-03-29 09:02:33"}
{"level":"warn","message":"Price feed has stale data:","staleCount":4,"timestamp":"2026-03-29 09:02:33","total":4}
{"level":"warn","message":"DWX market data file not found — waiting for MT5 to create it...","timestamp":"2026-03-29 09:02:34"}
{"level":"warn","message":"Price feed has stale data:","staleCount":4,"timestamp":"2026-03-29 09:02:34","total":4}
{"level":"warn","message":"DWX market data file not found — waiting for MT5 to create it...","timestamp":"2026-03-29 09:02:35"}
{"level":"warn","message":"Price feed has stale data:","staleCount":4,"timestamp":"2026-03-29 09:02:35","total":4}
{"level":"warn","message":"DWX market data file not found — waiting for MT5 to create it...","timestamp":"2026-03-29 09:02:36"}
{"level":"warn","message":"Price feed has stale data:","staleCount":4,"timestamp":"2026-03-29 09:02:36","total":4}
{"level":"warn","message":"DWX market data file not found — waiting for MT5 to create it...","timestamp":"2026-03-29 09:02:37"}
{"level":"warn","message":"Price feed has stale data:","staleCount":4,"timestamp":"2026-03-29 09:02:37","total":4}
{"level":"warn","message":"DWX file not found — will retry watcher in 5s...","timestamp":"2026-03-29 09:02:38"}
{"level":"warn","message":"DWX market data file not found — waiting for MT5 to create it...","timestamp":"2026-03-29 09:02:38"}
{"level":"warn","message":"Price feed has stale data:","staleCount":4,"timestamp":"2026-03-29 09:02:38","total":4}
{"level":"warn","message":"DWX market data file not found — waiting for MT5 to create it...","timestamp":"2026-03-29 09:02:39"}
{"level":"warn","message":"Price feed has stale data:","staleCount":4,"timestamp":"2026-03-29 09:02:39","total":4}
{"level":"warn","message":"DWX market data file not found — waiting for MT5 to create it...","timestamp":"2026-03-29 09:02:40"}
{"level":"warn","message":"Price feed has stale data:","staleCount":4,"timestamp":"2026-03-29 09:02:40","total":4}
{"level":"warn","message":"DWX market data file not found — waiting for MT5 to create it...","timestamp":"2026-03-29 09:02:41"}
{"level":"warn","message":"Price feed has stale data:","staleCount":4,"timestamp":"2026-03-29 09:02:41","total":4}
{"level":"warn","message":"DWX market data file not found — waiting for MT5 to create it...","timestamp":"2026-03-29 09:02:42"}
{"level":"warn","message":"Price feed has stale data:","staleCount":4,"timestamp":"2026-03-29 09:02:42","total":4}
{"level":"warn","message":"DWX file not found — will retry watcher in 5s...","timestamp":"2026-03-29 09:02:43"}
{"level":"warn","message":"DWX market data file not found — waiting for MT5 to create it...","timestamp":"2026-03-29 09:02:43"}
{"level":"warn","message":"Price feed has stale data:","staleCount":4,"timestamp":"2026-03-29 09:02:43","total":4}
{"level":"warn","message":"DWX market data file not found — waiting for MT5 to create it...","timestamp":"2026-03-29 09:02:44"}
{"level":"warn","message":"Price feed has stale data:","staleCount":4,"timestamp":"2026-03-29 09:02:44","total":4}
{"level":"warn","message":"DWX market data file not found — waiting for MT5 to create it...","timestamp":"2026-03-29 09:02:45"}
{"level":"warn","message":"Price feed has stale data:","staleCount":4,"timestamp":"2026-03-29 09:02:45","total":4}
{"level":"warn","message":"DWX market data file not found — waiting for MT5 to create it...","timestamp":"2026-03-29 09:02:46"}
{"level":"warn","message":"Price feed has stale data:","staleCount":4,"timestamp":"2026-03-29 09:02:46","total":4}
{"level":"warn","message":"DWX market data file not found — waiting for MT5 to create it...","timestamp":"2026-03-29 09:02:47"}
{"level":"warn","message":"Price feed has stale data:","staleCount":4,"timestamp":"2026-03-29 09:02:47","total":4}
{"level":"warn","message":"DWX file not found — will retry watcher in 5s...","timestamp":"2026-03-29 09:02:48"}
{"level":"warn","message":"DWX market data file not found — waiting for MT5 to create it...","timestamp":"2026-03-29 09:02:48"}
{"level":"warn","message":"Price feed has stale data:","staleCount":4,"timestamp":"2026-03-29 09:02:48","total":4}
{"level":"warn","message":"DWX market data file not found — waiting for MT5 to create it...","timestamp":"2026-03-29 09:02:49"}
{"level":"warn","message":"Price feed has stale data:","staleCount":4,"timestamp":"2026-03-29 09:02:49","total":4}
{"level":"warn","message":"DWX market data file not found — waiting for MT5 to create it...","timestamp":"2026-03-29 09:02:50"}
{"level":"warn","message":"Price feed has stale data:","staleCount":4,"timestamp":"2026-03-29 09:02:50","total":4}
{"level":"warn","message":"DWX market data file not found — waiting for MT5 to create it...","timestamp":"2026-03-29 09:02:51"}
{"level":"warn","message":"Price feed has stale data:","staleCount":4,"timestamp":"2026-03-29 09:02:51","total":4}
{"level":"warn","message":"DWX market data file not found — waiting for MT5 to create it...","timestamp":"2026-03-29 09:02:52"}
{"level":"warn","message":"Price feed has stale data:","staleCount":4,"timestamp":"2026-03-29 09:02:52","total":4}
{"level":"warn","message":"DWX file not found — will retry watcher in 5s...","timestamp":"2026-03-29 09:02:53"}
{"level":"warn","message":"DWX market data file not found — waiting for MT5 to create it...","timestamp":"2026-03-29 09:02:53"}
{"level":"warn","message":"Price feed has stale data:","staleCount":4,"timestamp":"2026-03-29 09:02:53","total":4}
{"level":"warn","message":"DWX market data file not found — waiting for MT5 to create it...","timestamp":"2026-03-29 09:02:54"}
{"level":"warn","message":"Price feed has stale data:","staleCount":4,"timestamp":"2026-03-29 09:02:54","total":4}
{"level":"warn","message":"DWX market data file not found — waiting for MT5 to create it...","timestamp":"2026-03-29 09:02:55"}
{"level":"warn","message":"Price feed has stale data:","staleCount":4,"timestamp":"2026-03-29 09:02:55","total":4}
{"level":"warn","message":"DWX market data file not found — waiting for MT5 to create it...","timestamp":"2026-03-29 09:02:56"}
{"level":"warn","message":"Price feed has stale data:","staleCount":4,"timestamp":"2026-03-29 09:02:56","total":4}
{"level":"warn","message":"DWX market data file not found — waiting for MT5 to create it...","timestamp":"2026-03-29 09:02:57"}
{"level":"warn","message":"Price feed has stale data:","staleCount":4,"timestamp":"2026-03-29 09:02:57","total":4}
{"level":"warn","message":"DWX file not found — will retry watcher in 5s...","timestamp":"2026-03-29 09:02:58"}
{"level":"warn","message":"DWX market data file not found — waiting for MT5 to create it...","timestamp":"2026-03-29 09:02:58"}
{"level":"warn","message":"Price feed has stale data:","staleCount":4,"timestamp":"2026-03-29 09:02:58","total":4}
{"level":"warn","message":"DWX market data file not found — waiting for MT5 to create it...","timestamp":"2026-03-29 09:02:59"}
{"level":"warn","message":"Price feed has stale data:","staleCount":4,"timestamp":"2026-03-29 09:02:59","total":4}
{"level":"warn","message":"DWX market data file not found — waiting for MT5 to create it...","timestamp":"2026-03-29 09:03:00"}
{"level":"warn","message":"Price feed has stale data:","staleCount":4,"timestamp":"2026-03-29 09:03:00","total":4}
{"level":"warn","message":"DWX market data file not found — waiting for MT5 to create it...","timestamp":"2026-03-29 09:03:01"}
{"level":"warn","message":"Price feed has stale data:","staleCount":4,"timestamp":"2026-03-29 09:03:01","total":4}
{"level":"warn","message":"DWX market data file not found — waiting for MT5 to create it...","timestamp":"2026-03-29 09:03:02"}
{"level":"warn","message":"Price feed has stale data:","staleCount":4,"timestamp":"2026-03-29 09:03:02","total":4}
{"level":"warn","message":"DWX file not found — will retry watcher in 5s...","timestamp":"2026-03-29 09:03:03"}
{"level":"warn","message":"DWX market data file not found — waiting for MT5 to create it...","timestamp":"2026-03-29 09:03:03"}
{"level":"warn","message":"Price feed has stale data:","staleCount":4,"timestamp":"2026-03-29 09:03:03","total":4}
{"level":"warn","message":"DWX market data file not found — waiting for MT5 to create it...","timestamp":"2026-03-29 09:03:04"}
{"level":"warn","message":"Price feed has stale data:","staleCount":4,"timestamp":"2026-03-29 09:03:04","total":4}
{"level":"warn","message":"DWX market data file not found — waiting for MT5 to create it...","timestamp":"2026-03-29 09:03:05"}
{"level":"warn","message":"Price feed has stale data:","staleCount":4,"timestamp":"2026-03-29 09:03:05","total":4}
{"level":"warn","message":"DWX market data file not found — waiting for MT5 to create it...","timestamp":"2026-03-29 09:03:06"}
{"level":"warn","message":"Price feed has stale data:","staleCount":4,"timestamp":"2026-03-29 09:03:06","total":4}
{"level":"warn","message":"DWX market data file not found — waiting for MT5 to create it...","timestamp":"2026-03-29 09:03:07"}
{"level":"warn","message":"Price feed has stale data:","staleCount":4,"timestamp":"2026-03-29 09:03:07","total":4}
{"level":"warn","message":"DWX file not found — will retry watcher in 5s...","timestamp":"2026-03-29 09:03:08"}
{"level":"warn","message":"DWX market data file not found — waiting for MT5 to create it...","timestamp":"2026-03-29 09:03:08"}
{"level":"warn","message":"Price feed has stale data:","staleCount":4,"timestamp":"2026-03-29 09:03:08","total":4}
{"level":"warn","message":"DWX market data file not found — waiting for MT5 to create it...","timestamp":"2026-03-29 09:03:09"}
{"level":"warn","message":"Price feed has stale data:","staleCount":4,"timestamp":"2026-03-29 09:03:09","total":4}
{"level":"warn","message":"DWX market data file not found — waiting for MT5 to create it...","timestamp":"2026-03-29 09:03:10"}
{"level":"warn","message":"Price feed has stale data:","staleCount":4,"timestamp":"2026-03-29 09:03:10","total":4}
{"level":"warn","message":"DWX market data file not found — waiting for MT5 to create it...","timestamp":"2026-03-29 09:03:11"}
{"level":"warn","message":"Price feed has stale data:","staleCount":4,"timestamp":"2026-03-29 09:03:11","total":4}
{"level":"warn","message":"DWX market data file not found — waiting for MT5 to create it...","timestamp":"2026-03-29 09:03:12"}
{"level":"warn","message":"Price feed has stale data:","staleCount":4,"timestamp":"2026-03-29 09:03:12","total":4}
{"level":"warn","message":"DWX file not found — will retry watcher in 5s...","timestamp":"2026-03-29 09:03:13"}
{"level":"warn","message":"DWX market data file not found — waiting for MT5 to create it...","timestamp":"2026-03-29 09:03:13"}
{"level":"warn","message":"Price feed has stale data:","staleCount":4,"timestamp":"2026-03-29 09:03:13","total":4}
{"level":"warn","message":"DWX market data file not found — waiting for MT5 to create it...","timestamp":"2026-03-29 09:03:14"}
{"level":"warn","message":"Price feed has stale data:","staleCount":4,"timestamp":"2026-03-29 09:03:14","total":4}
{"level":"warn","message":"DWX market data file not found — waiting for MT5 to create it...","timestamp":"2026-03-29 09:03:15"}
{"level":"warn","message":"Price feed has stale data:","staleCount":4,"timestamp":"2026-03-29 09:03:15","total":4}
{"level":"warn","message":"DWX market data file not found — waiting for MT5 to create it...","timestamp":"2026-03-29 09:03:16"}
{"level":"warn","message":"Price feed has stale data:","staleCount":4,"timestamp":"2026-03-29 09:03:16","total":4}
{"level":"warn","message":"DWX market data file not found — waiting for MT5 to create it...","timestamp":"2026-03-29 09:03:17"}
{"level":"warn","message":"Price feed has stale data:","staleCount":4,"timestamp":"2026-03-29 09:03:17","total":4}
{"level":"warn","message":"DWX file not found — will retry watcher in 5s...","timestamp":"2026-03-29 09:03:18"}
{"level":"warn","message":"DWX market data file not found — waiting for MT5 to create it...","timestamp":"2026-03-29 09:03:18"}
{"level":"warn","message":"Price feed has stale data:","staleCount":4,"timestamp":"2026-03-29 09:03:18","total":4}
{"level":"warn","message":"DWX market data file not found — waiting for MT5 to create it...","timestamp":"2026-03-29 09:03:19"}
{"level":"warn","message":"Price feed has stale data:","staleCount":4,"timestamp":"2026-03-29 09:03:19","total":4}
{"level":"warn","message":"DWX market data file not found — waiting for MT5 to create it...","timestamp":"2026-03-29 09:03:20"}
{"level":"warn","message":"Price feed has stale data:","staleCount":4,"timestamp":"2026-03-29 09:03:20","total":4}
{"level":"warn","message":"DWX market data file not found — waiting for MT5 to create it...","timestamp":"2026-03-29 09:03:21"}
{"level":"warn","message":"Price feed has stale data:","staleCount":4,"timestamp":"2026-03-29 09:03:21","total":4}
{"level":"warn","message":"DWX market data file not found — waiting for MT5 to create it...","timestamp":"2026-03-29 09:03:22"}
{"level":"warn","message":"Price feed has stale data:","staleCount":4,"timestamp":"2026-03-29 09:03:22","total":4}
{"level":"warn","message":"DWX file not found — will retry watcher in 5s...","timestamp":"2026-03-29 09:03:23"}
{"level":"warn","message":"DWX market data file not found — waiting for MT5 to create it...","timestamp":"2026-03-29 09:03:23"}
{"level":"warn","message":"Price feed has stale data:","staleCount":4,"timestamp":"2026-03-29 09:03:23","total":4}
{"level":"warn","message":"DWX market data file not found — waiting for MT5 to create it...","timestamp":"2026-03-29 09:03:24"}
{"level":"warn","message":"Price feed has stale data:","staleCount":4,"timestamp":"2026-03-29 09:03:24","total":4}
{"level":"warn","message":"DWX market data file not found — waiting for MT5 to create it...","timestamp":"2026-03-29 09:03:25"}
{"level":"warn","message":"Price feed has stale data:","staleCount":4,"timestamp":"2026-03-29 09:03:25","total":4}
{"level":"warn","message":"DWX market data file not found — waiting for MT5 to create it...","timestamp":"2026-03-29 09:03:26"}
{"level":"warn","message":"Price feed has stale data:","staleCount":4,"timestamp":"2026-03-29 09:03:26","total":4}
{"level":"warn","message":"DWX market data file not found — waiting for MT5 to create it...","timestamp":"2026-03-29 09:03:27"}
{"level":"warn","message":"Price feed has stale data:","staleCount":4,"timestamp":"2026-03-29 09:03:27","total":4}
{"level":"warn","message":"DWX file not found — will retry watcher in 5s...","timestamp":"2026-03-29 09:03:28"}
{"level":"warn","message":"DWX market data file not found — waiting for MT5 to create it...","timestamp":"2026-03-29 09:03:28"}
{"level":"warn","message":"Price feed has stale data:","staleCount":4,"timestamp":"2026-03-29 09:03:28","total":4}
{"level":"warn","message":"DWX market data file not found — waiting for MT5 to create it...","timestamp":"2026-03-29 09:03:29"}
{"level":"warn","message":"Price feed has stale data:","staleCount":4,"timestamp":"2026-03-29 09:03:29","total":4}
{"level":"warn","message":"DWX market data file not found — waiting for MT5 to create it...","timestamp":"2026-03-29 09:03:30"}
{"level":"warn","message":"Price feed has stale data:","staleCount":4,"timestamp":"2026-03-29 09:03:30","total":4}
{"level":"warn","message":"DWX market data file not found — waiting for MT5 to create it...","timestamp":"2026-03-29 09:03:31"}
{"level":"warn","message":"Price feed has stale data:","staleCount":4,"timestamp":"2026-03-29 09:03:31","total":4}
{"level":"warn","message":"DWX market data file not found — waiting for MT5 to create it...","timestamp":"2026-03-29 09:03:32"}
{"level":"warn","message":"Price feed has stale data:","staleCount":4,"timestamp":"2026-03-29 09:03:32","total":4}
{"level":"warn","message":"DWX file not found — will retry watcher in 5s...","timestamp":"2026-03-29 09:03:33"}
{"level":"warn","message":"DWX market data file not found — waiting for MT5 to create it...","timestamp":"2026-03-29 09:03:33"}
{"level":"warn","message":"Price feed has stale data:","staleCount":4,"timestamp":"2026-03-29 09:03:33","total":4}
{"level":"warn","message":"DWX market data file not found — waiting for MT5 to create it...","timestamp":"2026-03-29 09:03:34"}
{"level":"warn","message":"Price feed has stale data:","staleCount":4,"timestamp":"2026-03-29 09:03:34","total":4}
{"level":"warn","message":"DWX market data file not found — waiting for MT5 to create it...","timestamp":"2026-03-29 09:03:35"}
{"level":"warn","message":"Price feed has stale data:","staleCount":4,"timestamp":"2026-03-29 09:03:35","total":4}
{"level":"warn","message":"DWX market data file not found — waiting for MT5 to create it...","timestamp":"2026-03-29 09:03:36"}
{"level":"warn","message":"Price feed has stale data:","staleCount":4,"timestamp":"2026-03-29 09:03:36","total":4}
{"level":"warn","message":"DWX market data file not found — waiting for MT5 to create it...","timestamp":"2026-03-29 09:03:37"}
{"level":"warn","message":"Price feed has stale data:","staleCount":4,"timestamp":"2026-03-29 09:03:37","total":4}
{"level":"warn","message":"DWX file not found — will retry watcher in 5s...","timestamp":"2026-03-29 09:03:38"}
{"level":"warn","message":"DWX market data file not found — waiting for MT5 to create it...","timestamp":"2026-03-29 09:03:38"}
{"level":"warn","message":"Price feed has stale data:","staleCount":4,"timestamp":"2026-03-29 09:03:38","total":4}
{"level":"warn","message":"DWX market data file not found — waiting for MT5 to create it...","timestamp":"2026-03-29 09:03:39"}
{"level":"warn","message":"Price feed has stale data:","staleCount":4,"timestamp":"2026-03-29 09:03:39","total":4}
{"level":"warn","message":"DWX market data file not found — waiting for MT5 to create it...","timestamp":"2026-03-29 09:03:40"}
{"level":"warn","message":"Price feed has stale data:","staleCount":4,"timestamp":"2026-03-29 09:03:40","total":4}
{"level":"warn","message":"DWX market data file not found — waiting for MT5 to create it...","timestamp":"2026-03-29 09:03:41"}
{"level":"warn","message":"Price feed has stale data:","staleCount":4,"timestamp":"2026-03-29 09:03:41","total":4}
{"level":"warn","message":"DWX market data file not found — waiting for MT5 to create it...","timestamp":"2026-03-29 09:03:42"}
{"level":"warn","message":"Price feed has stale data:","staleCount":4,"timestamp":"2026-03-29 09:03:42","total":4}
{"level":"warn","message":"DWX file not found — will retry watcher in 5s...","timestamp":"2026-03-29 09:03:43"}
{"level":"warn","message":"DWX market data file not found — waiting for MT5 to create it...","timestamp":"2026-03-29 09:03:43"}
{"level":"warn","message":"Price feed has stale data:","staleCount":4,"timestamp":"2026-03-29 09:03:43","total":4}
{"level":"warn","message":"DWX market data file not found — waiting for MT5 to create it...","timestamp":"2026-03-29 09:03:44"}
{"level":"warn","message":"Price feed has stale data:","staleCount":4,"timestamp":"2026-03-29 09:03:44","total":4}
{"level":"warn","message":"DWX market data file not found — waiting for MT5 to create it...","timestamp":"2026-03-29 09:03:45"}
{"level":"warn","message":"Price feed has stale data:","staleCount":4,"timestamp":"2026-03-29 09:03:45","total":4}
{"level":"warn","message":"DWX market data file not found — waiting for MT5 to create it...","timestamp":"2026-03-29 09:03:46"}
{"level":"warn","message":"Price feed has stale data:","staleCount":4,"timestamp":"2026-03-29 09:03:46","total":4}
{"level":"warn","message":"DWX market data file not found — waiting for MT5 to create it...","timestamp":"2026-03-29 09:03:47"}
{"level":"warn","message":"Price feed has stale data:","staleCount":4,"timestamp":"2026-03-29 09:03:47","total":4}
{"level":"warn","message":"DWX file not found — will retry watcher in 5s...","timestamp":"2026-03-29 09:03:48"}
{"level":"warn","message":"DWX market data file not found — waiting for MT5 to create it...","timestamp":"2026-03-29 09:03:48"}
{"level":"warn","message":"Price feed has stale data:","staleCount":4,"timestamp":"2026-03-29 09:03:48","total":4}
{"level":"warn","message":"DWX market data file not found — waiting for MT5 to create it...","timestamp":"2026-03-29 09:03:49"}
{"level":"warn","message":"Price feed has stale data:","staleCount":4,"timestamp":"2026-03-29 09:03:49","total":4}
{"level":"warn","message":"DWX market data file not found — waiting for MT5 to create it...","timestamp":"2026-03-29 09:03:50"}
{"level":"warn","message":"Price feed has stale data:","staleCount":4,"timestamp":"2026-03-29 09:03:50","total":4}
{"level":"warn","message":"DWX market data file not found — waiting for MT5 to create it...","timestamp":"2026-03-29 09:03:51"}
{"level":"warn","message":"Price feed has stale data:","staleCount":4,"timestamp":"2026-03-29 09:03:51","total":4}
{"level":"warn","message":"DWX market data file not found — waiting for MT5 to create it...","timestamp":"2026-03-29 09:03:52"}
{"level":"warn","message":"Price feed has stale data:","staleCount":4,"timestamp":"2026-03-29 09:03:52","total":4}
{"level":"warn","message":"DWX file not found — will retry watcher in 5s...","timestamp":"2026-03-29 09:03:53"}
{"level":"warn","message":"DWX market data file not found — waiting for MT5 to create it...","timestamp":"2026-03-29 09:03:53"}
{"level":"warn","message":"Price feed has stale data:","staleCount":4,"timestamp":"2026-03-29 09:03:53","total":4}
{"level":"warn","message":"DWX market data file not found — waiting for MT5 to create it...","timestamp":"2026-03-29 09:03:54"}
{"level":"warn","message":"Price feed has stale data:","staleCount":4,"timestamp":"2026-03-29 09:03:54","total":4}
{"level":"warn","message":"DWX market data file not found — waiting for MT5 to create it...","timestamp":"2026-03-29 09:03:55"}
{"level":"warn","message":"Price feed has stale data:","staleCount":4,"timestamp":"2026-03-29 09:03:55","total":4}
{"level":"warn","message":"DWX market data file not found — waiting for MT5 to create it...","timestamp":"2026-03-29 09:03:56"}
{"level":"warn","message":"Price feed has stale data:","staleCount":4,"timestamp":"2026-03-29 09:03:56","total":4}
{"level":"warn","message":"DWX market data file not found — waiting for MT5 to create it...","timestamp":"2026-03-29 09:03:57"}
{"level":"warn","message":"Price feed has stale data:","staleCount":4,"timestamp":"2026-03-29 09:03:57","total":4}
{"level":"warn","message":"DWX file not found — will retry watcher in 5s...","timestamp":"2026-03-29 09:03:58"}
{"level":"warn","message":"DWX market data file not found — waiting for MT5 to create it...","timestamp":"2026-03-29 09:03:58"}
{"level":"warn","message":"Price feed has stale data:","staleCount":4,"timestamp":"2026-03-29 09:03:58","total":4}
{"level":"warn","message":"DWX market data file not found — waiting for MT5 to create it...","timestamp":"2026-03-29 09:03:59"}
{"level":"warn","message":"Price feed has stale data:","staleCount":4,"timestamp":"2026-03-29 09:03:59","total":4}
{"level":"warn","message":"DWX market data file not found — waiting for MT5 to create it...","timestamp":"2026-03-29 09:04:00"}
{"level":"warn","message":"Price feed has stale data:","staleCount":4,"timestamp":"2026-03-29 09:04:00","total":4}
{"level":"warn","message":"DWX market data file not found — waiting for MT5 to create it...","timestamp":"2026-03-29 09:04:01"}
{"level":"warn","message":"Price feed has stale data:","staleCount":4,"timestamp":"2026-03-29 09:04:01","total":4}
{"level":"warn","message":"DWX market data file not found — waiting for MT5 to create it...","timestamp":"2026-03-29 09:04:02"}
{"level":"warn","message":"Price feed has stale data:","staleCount":4,"timestamp":"2026-03-29 09:04:02","total":4}
{"level":"warn","message":"DWX file not found — will retry watcher in 5s...","timestamp":"2026-03-29 09:04:03"}
{"level":"warn","message":"DWX market data file not found — waiting for MT5 to create it...","timestamp":"2026-03-29 09:04:03"}
{"level":"warn","message":"Price feed has stale data:","staleCount":4,"timestamp":"2026-03-29 09:04:03","total":4}
{"level":"warn","message":"DWX market data file not found — waiting for MT5 to create it...","timestamp":"2026-03-29 09:04:04"}
{"level":"warn","message":"Price feed has stale data:","staleCount":4,"timestamp":"2026-03-29 09:04:04","total":4}
{"level":"warn","message":"DWX market data file not found — waiting for MT5 to create it...","timestamp":"2026-03-29 09:04:05"}
{"level":"warn","message":"Price feed has stale data:","staleCount":4,"timestamp":"2026-03-29 09:04:05","total":4}
{"level":"warn","message":"DWX market data file not found — waiting for MT5 to create it...","timestamp":"2026-03-29 09:04:06"}
{"level":"warn","message":"Price feed has stale data:","staleCount":4,"timestamp":"2026-03-29 09:04:06","total":4}
{"level":"warn","message":"DWX market data file not found — waiting for MT5 to create it...","timestamp":"2026-03-29 09:04:07"}
{"level":"warn","message":"Price feed has stale data:","staleCount":4,"timestamp":"2026-03-29 09:04:07","total":4}
{"level":"warn","message":"DWX file not found — will retry watcher in 5s...","timestamp":"2026-03-29 09:04:08"}
{"level":"warn","message":"DWX market data file not found — waiting for MT5 to create it...","timestamp":"2026-03-29 09:04:08"}
{"level":"warn","message":"Price feed has stale data:","staleCount":4,"timestamp":"2026-03-29 09:04:08","total":4}
{"level":"warn","message":"DWX market data file not found — waiting for MT5 to create it...","timestamp":"2026-03-29 09:04:10"}
{"level":"warn","message":"Price feed has stale data:","staleCount":4,"timestamp":"2026-03-29 09:04:10","total":4}
{"level":"warn","message":"DWX market data file not found — waiting for MT5 to create it...","timestamp":"2026-03-29 09:04:11"}
{"level":"warn","message":"Price feed has stale data:","staleCount":4,"timestamp":"2026-03-29 09:04:11","total":4}
{"level":"warn","message":"DWX market data file not found — waiting for MT5 to create it...","timestamp":"2026-03-29 09:04:12"}
{"level":"warn","message":"Price feed has stale data:","staleCount":4,"timestamp":"2026-03-29 09:04:12","total":4}
{"level":"warn","message":"DWX market data file not found — waiting for MT5 to create it...","timestamp":"2026-03-29 09:04:13"}
{"level":"warn","message":"Price feed has stale data:","staleCount":4,"timestamp":"2026-03-29 09:04:13","total":4}
{"level":"warn","message":"DWX file not found — will retry watcher in 5s...","timestamp":"2026-03-29 09:04:13"}
{"level":"warn","message":"DWX market data file not found — waiting for MT5 to create it...","timestamp":"2026-03-29 09:04:14"}
{"level":"warn","message":"Price feed has stale data:","staleCount":4,"timestamp":"2026-03-29 09:04:14","total":4}
{"level":"warn","message":"DWX market data file not found — waiting for MT5 to create it...","timestamp":"2026-03-29 09:04:15"}
{"level":"warn","message":"Price feed has stale data:","staleCount":4,"timestamp":"2026-03-29 09:04:15","total":4}
{"level":"warn","message":"DWX market data file not found — waiting for MT5 to create it...","timestamp":"2026-03-29 09:04:16"}
{"level":"warn","message":"Price feed has stale data:","staleCount":4,"timestamp":"2026-03-29 09:04:16","total":4}
{"level":"warn","message":"DWX market data file not found — waiting for MT5 to create it...","timestamp":"2026-03-29 09:04:17"}
{"level":"warn","message":"Price feed has stale data:","staleCount":4,"timestamp":"2026-03-29 09:04:17","total":4}
{"level":"warn","message":"DWX market data file not found — waiting for MT5 to create it...","timestamp":"2026-03-29 09:04:18"}
{"level":"warn","message":"Price feed has stale data:","staleCount":4,"timestamp":"2026-03-29 09:04:18","total":4}
{"level":"warn","message":"DWX file not found — will retry watcher in 5s...","timestamp":"2026-03-29 09:04:18"}
{"level":"warn","message":"DWX market data file not found — waiting for MT5 to create it...","timestamp":"2026-03-29 09:04:19"}
{"level":"warn","message":"Price feed has stale data:","staleCount":4,"timestamp":"2026-03-29 09:04:19","total":4}
{"level":"warn","message":"DWX market data file not found — waiting for MT5 to create it...","timestamp":"2026-03-29 09:04:20"}
{"level":"warn","message":"Price feed has stale data:","staleCount":4,"timestamp":"2026-03-29 09:04:20","total":4}
{"level":"warn","message":"DWX market data file not found — waiting for MT5 to create it...","timestamp":"2026-03-29 09:04:21"}
{"level":"warn","message":"Price feed has stale data:","staleCount":4,"timestamp":"2026-03-29 09:04:21","total":4}
{"level":"warn","message":"DWX market data file not found — waiting for MT5 to create it...","timestamp":"2026-03-29 09:04:22"}
{"level":"warn","message":"Price feed has stale data:","staleCount":4,"timestamp":"2026-03-29 09:04:22","total":4}
{"level":"warn","message":"DWX market data file not found — waiting for MT5 to create it...","timestamp":"2026-03-29 09:04:23"}
{"level":"warn","message":"Price feed has stale data:","staleCount":4,"timestamp":"2026-03-29 09:04:23","total":4}
{"level":"warn","message":"DWX file not found — will retry watcher in 5s...","timestamp":"2026-03-29 09:04:23"}
{"level":"warn","message":"DWX market data file not found — waiting for MT5 to create it...","timestamp":"2026-03-29 09:04:24"}
{"level":"warn","message":"Price feed has stale data:","staleCount":4,"timestamp":"2026-03-29 09:04:24","total":4}
{"level":"warn","message":"DWX market data file not found — waiting for MT5 to create it...","timestamp":"2026-03-29 09:04:25"}
{"level":"warn","message":"Price feed has stale data:","staleCount":4,"timestamp":"2026-03-29 09:04:25","total":4}
{"level":"warn","message":"DWX market data file not found — waiting for MT5 to create it...","timestamp":"2026-03-29 09:04:26"}
{"level":"warn","message":"Price feed has stale data:","staleCount":4,"timestamp":"2026-03-29 09:04:26","total":4}
{"level":"warn","message":"DWX market data file not found — waiting for MT5 to create it...","timestamp":"2026-03-29 09:04:27"}
{"level":"warn","message":"Price feed has stale data:","staleCount":4,"timestamp":"2026-03-29 09:04:27","total":4}
{"level":"warn","message":"DWX market data file not found — waiting for MT5 to create it...","timestamp":"2026-03-29 09:04:28"}
{"level":"warn","message":"Price feed has stale data:","staleCount":4,"timestamp":"2026-03-29 09:04:28","total":4}
{"level":"warn","message":"DWX file not found — will retry watcher in 5s...","timestamp":"2026-03-29 09:04:28"}
{"level":"warn","message":"DWX market data file not found — waiting for MT5 to create it...","timestamp":"2026-03-29 09:04:29"}
{"level":"warn","message":"Price feed has stale data:","staleCount":4,"timestamp":"2026-03-29 09:04:29","total":4}
{"level":"warn","message":"DWX market data file not found — waiting for MT5 to create it...","timestamp":"2026-03-29 09:04:30"}
{"level":"warn","message":"Price feed has stale data:","staleCount":4,"timestamp":"2026-03-29 09:04:30","total":4}
{"level":"warn","message":"DWX market data file not found — waiting for MT5 to create it...","timestamp":"2026-03-29 09:04:31"}
{"level":"warn","message":"Price feed has stale data:","staleCount":4,"timestamp":"2026-03-29 09:04:31","total":4}
{"level":"warn","message":"DWX market data file not found — waiting for MT5 to create it...","timestamp":"2026-03-29 09:04:32"}
{"level":"warn","message":"Price feed has stale data:","staleCount":4,"timestamp":"2026-03-29 09:04:32","total":4}
{"level":"warn","message":"DWX market data file not found — waiting for MT5 to create it...","timestamp":"2026-03-29 09:04:33"}
{"level":"warn","message":"Price feed has stale data:","staleCount":4,"timestamp":"2026-03-29 09:04:33","total":4}
{"level":"warn","message":"DWX file not found — will retry watcher in 5s...","timestamp":"2026-03-29 09:04:33"}
{"level":"warn","message":"DWX market data file not found — waiting for MT5 to create it...","timestamp":"2026-03-29 09:04:34"}
{"level":"warn","message":"Price feed has stale data:","staleCount":4,"timestamp":"2026-03-29 09:04:34","total":4}
{"level":"warn","message":"DWX market data file not found — waiting for MT5 to create it...","timestamp":"2026-03-29 09:04:35"}
{"level":"warn","message":"Price feed has stale data:","staleCount":4,"timestamp":"2026-03-29 09:04:35","total":4}
{"level":"warn","message":"DWX market data file not found — waiting for MT5 to create it...","timestamp":"2026-03-29 09:04:36"}
{"level":"warn","message":"Price feed has stale data:","staleCount":4,"timestamp":"2026-03-29 09:04:36","total":4}
{"level":"warn","message":"DWX market data file not found — waiting for MT5 to create it...","timestamp":"2026-03-29 09:04:37"}
{"level":"warn","message":"Price feed has stale data:","staleCount":4,"timestamp":"2026-03-29 09:04:37","total":4}
{"level":"warn","message":"DWX market data file not found — waiting for MT5 to create it...","timestamp":"2026-03-29 09:04:38"}
{"level":"warn","message":"Price feed has stale data:","staleCount":4,"timestamp":"2026-03-29 09:04:38","total":4}
{"level":"warn","message":"DWX file not found — will retry watcher in 5s...","timestamp":"2026-03-29 09:04:38"}
{"level":"warn","message":"DWX market data file not found — waiting for MT5 to create it...","timestamp":"2026-03-29 09:04:39"}
{"level":"warn","message":"Price feed has stale data:","staleCount":4,"timestamp":"2026-03-29 09:04:39","total":4}
{"level":"warn","message":"DWX market data file not found — waiting for MT5 to create it...","timestamp":"2026-03-29 09:04:40"}
{"level":"warn","message":"Price feed has stale data:","staleCount":4,"timestamp":"2026-03-29 09:04:40","total":4}
{"level":"warn","message":"DWX market data file not found — waiting for MT5 to create it...","timestamp":"2026-03-29 09:04:41"}
{"level":"warn","message":"Price feed has stale data:","staleCount":4,"timestamp":"2026-03-29 09:04:41","total":4}
{"level":"warn","message":"DWX market data file not found — waiting for MT5 to create it...","timestamp":"2026-03-29 09:04:42"}
{"level":"warn","message":"Price feed has stale data:","staleCount":4,"timestamp":"2026-03-29 09:04:42","total":4}
{"level":"warn","message":"DWX market data file not found — waiting for MT5 to create it...","timestamp":"2026-03-29 09:04:43"}
{"level":"warn","message":"Price feed has stale data:","staleCount":4,"timestamp":"2026-03-29 09:04:43","total":4}
{"level":"warn","message":"DWX file not found — will retry watcher in 5s...","timestamp":"2026-03-29 09:04:43"}
{"level":"warn","message":"DWX market data file not found — waiting for MT5 to create it...","timestamp":"2026-03-29 09:04:44"}
{"level":"warn","message":"Price feed has stale data:","staleCount":4,"timestamp":"2026-03-29 09:04:44","total":4}
{"level":"warn","message":"DWX market data file not found — waiting for MT5 to create it...","timestamp":"2026-03-29 09:04:45"}
{"level":"warn","message":"Price feed has stale data:","staleCount":4,"timestamp":"2026-03-29 09:04:45","total":4}
{"level":"warn","message":"DWX market data file not found — waiting for MT5 to create it...","timestamp":"2026-03-29 09:04:46"}
{"level":"warn","message":"Price feed has stale data:","staleCount":4,"timestamp":"2026-03-29 09:04:46","total":4}
{"level":"warn","message":"DWX market data file not found — waiting for MT5 to create it...","timestamp":"2026-03-29 09:04:47"}
{"level":"warn","message":"Price feed has stale data:","staleCount":4,"timestamp":"2026-03-29 09:04:47","total":4}
{"level":"warn","message":"DWX market data file not found — waiting for MT5 to create it...","timestamp":"2026-03-29 09:04:48"}
{"level":"warn","message":"Price feed has stale data:","staleCount":4,"timestamp":"2026-03-29 09:04:48","total":4}
{"level":"warn","message":"DWX file not found — will retry watcher in 5s...","timestamp":"2026-03-29 09:04:48"}
{"level":"warn","message":"DWX market data file not found — waiting for MT5 to create it...","timestamp":"2026-03-29 09:04:49"}
{"level":"warn","message":"Price feed has stale data:","staleCount":4,"timestamp":"2026-03-29 09:04:49","total":4}
{"level":"warn","message":"DWX market data file not found — waiting for MT5 to create it...","timestamp":"2026-03-29 09:04:50"}
{"level":"warn","message":"Price feed has stale data:","staleCount":4,"timestamp":"2026-03-29 09:04:50","total":4}
{"level":"warn","message":"DWX market data file not found — waiting for MT5 to create it...","timestamp":"2026-03-29 09:04:51"}
{"level":"warn","message":"Price feed has stale data:","staleCount":4,"timestamp":"2026-03-29 09:04:51","total":4}
{"level":"warn","message":"DWX market data file not found — waiting for MT5 to create it...","timestamp":"2026-03-29 09:04:52"}
{"level":"warn","message":"Price feed has stale data:","staleCount":4,"timestamp":"2026-03-29 09:04:52","total":4}
{"level":"warn","message":"DWX market data file not found — waiting for MT5 to create it...","timestamp":"2026-03-29 09:04:53"}
{"level":"warn","message":"Price feed has stale data:","staleCount":4,"timestamp":"2026-03-29 09:04:53","total":4}
{"level":"warn","message":"DWX file not found — will retry watcher in 5s...","timestamp":"2026-03-29 09:04:53"}
{"level":"warn","message":"DWX market data file not found — waiting for MT5 to create it...","timestamp":"2026-03-29 09:04:54"}
{"level":"warn","message":"Price feed has stale data:","staleCount":4,"timestamp":"2026-03-29 09:04:54","total":4}
{"level":"warn","message":"DWX market data file not found — waiting for MT5 to create it...","timestamp":"2026-03-29 09:04:55"}
{"level":"warn","message":"Price feed has stale data:","staleCount":4,"timestamp":"2026-03-29 09:04:55","total":4}
{"level":"warn","message":"DWX market data file not found — waiting for MT5 to create it...","timestamp":"2026-03-29 09:04:56"}
{"level":"warn","message":"Price feed has stale data:","staleCount":4,"timestamp":"2026-03-29 09:04:56","total":4}
{"level":"warn","message":"DWX market data file not found — waiting for MT5 to create it...","timestamp":"2026-03-29 09:04:57"}
{"level":"warn","message":"Price feed has stale data:","staleCount":4,"timestamp":"2026-03-29 09:04:57","total":4}
{"level":"warn","message":"DWX market data file not found — waiting for MT5 to create it...","timestamp":"2026-03-29 09:04:58"}
{"level":"warn","message":"Price feed has stale data:","staleCount":4,"timestamp":"2026-03-29 09:04:58","total":4}
{"level":"warn","message":"DWX file not found — will retry watcher in 5s...","timestamp":"2026-03-29 09:04:58"}
{"level":"warn","message":"DWX market data file not found — waiting for MT5 to create it...","timestamp":"2026-03-29 09:04:59"}
{"level":"warn","message":"Price feed has stale data:","staleCount":4,"timestamp":"2026-03-29 09:04:59","total":4}
{"level":"warn","message":"DWX market data file not found — waiting for MT5 to create it...","timestamp":"2026-03-29 09:05:00"}
{"level":"warn","message":"Price feed has stale data:","staleCount":4,"timestamp":"2026-03-29 09:05:00","total":4}
{"level":"warn","message":"DWX market data file not found — waiting for MT5 to create it...","timestamp":"2026-03-29 09:05:01"}
{"level":"warn","message":"Price feed has stale data:","staleCount":4,"timestamp":"2026-03-29 09:05:01","total":4}
{"level":"warn","message":"DWX market data file not found — waiting for MT5 to create it...","timestamp":"2026-03-29 09:05:02"}
{"level":"warn","message":"Price feed has stale data:","staleCount":4,"timestamp":"2026-03-29 09:05:02","total":4}
{"level":"warn","message":"DWX market data file not found — waiting for MT5 to create it...","timestamp":"2026-03-29 09:05:03"}
{"level":"warn","message":"Price feed has stale data:","staleCount":4,"timestamp":"2026-03-29 09:05:03","total":4}
{"level":"warn","message":"DWX file not found — will retry watcher in 5s...","timestamp":"2026-03-29 09:05:03"}
{"level":"warn","message":"DWX market data file not found — waiting for MT5 to create it...","timestamp":"2026-03-29 09:05:04"}
{"level":"warn","message":"Price feed has stale data:","staleCount":4,"timestamp":"2026-03-29 09:05:04","total":4}
{"level":"warn","message":"DWX market data file not found — waiting for MT5 to create it...","timestamp":"2026-03-29 09:05:05"}
{"level":"warn","message":"Price feed has stale data:","staleCount":4,"timestamp":"2026-03-29 09:05:05","total":4}
{"level":"warn","message":"DWX market data file not found — waiting for MT5 to create it...","timestamp":"2026-03-29 09:05:06"}
{"level":"warn","message":"Price feed has stale data:","staleCount":4,"timestamp":"2026-03-29 09:05:06","total":4}
{"level":"warn","message":"DWX market data file not found — waiting for MT5 to create it...","timestamp":"2026-03-29 09:05:07"}
{"level":"warn","message":"Price feed has stale data:","staleCount":4,"timestamp":"2026-03-29 09:05:07","total":4}
{"level":"warn","message":"DWX market data file not found — waiting for MT5 to create it...","timestamp":"2026-03-29 09:05:08"}
{"level":"warn","message":"Price feed has stale data:","staleCount":4,"timestamp":"2026-03-29 09:05:08","total":4}
{"level":"warn","message":"DWX file not found — will retry watcher in 5s...","timestamp":"2026-03-29 09:05:08"}
{"level":"warn","message":"DWX market data file not found — waiting for MT5 to create it...","timestamp":"2026-03-29 09:05:09"}
{"level":"warn","message":"Price feed has stale data:","staleCount":4,"timestamp":"2026-03-29 09:05:09","total":4}
{"level":"warn","message":"DWX market data file not found — waiting for MT5 to create it...","timestamp":"2026-03-29 09:05:10"}
{"level":"warn","message":"Price feed has stale data:","staleCount":4,"timestamp":"2026-03-29 09:05:10","total":4}
{"level":"warn","message":"DWX market data file not found — waiting for MT5 to create it...","timestamp":"2026-03-29 09:05:11"}
{"level":"warn","message":"Price feed has stale data:","staleCount":4,"timestamp":"2026-03-29 09:05:11","total":4}
{"level":"warn","message":"DWX market data file not found — waiting for MT5 to create it...","timestamp":"2026-03-29 09:05:12"}
{"level":"warn","message":"Price feed has stale data:","staleCount":4,"timestamp":"2026-03-29 09:05:12","total":4}
{"level":"warn","message":"DWX market data file not found — waiting for MT5 to create it...","timestamp":"2026-03-29 09:05:13"}
{"level":"warn","message":"Price feed has stale data:","staleCount":4,"timestamp":"2026-03-29 09:05:13","total":4}
{"level":"warn","message":"DWX file not found — will retry watcher in 5s...","timestamp":"2026-03-29 09:05:13"}
{"level":"warn","message":"DWX market data file not found — waiting for MT5 to create it...","timestamp":"2026-03-29 09:05:14"}
{"level":"warn","message":"Price feed has stale data:","staleCount":4,"timestamp":"2026-03-29 09:05:14","total":4}
{"level":"warn","message":"DWX market data file not found — waiting for MT5 to create it...","timestamp":"2026-03-29 09:05:15"}
{"level":"warn","message":"Price feed has stale data:","staleCount":4,"timestamp":"2026-03-29 09:05:15","total":4}
{"level":"warn","message":"DWX market data file not found — waiting for MT5 to create it...","timestamp":"2026-03-29 09:05:16"}
{"level":"warn","message":"Price feed has stale data:","staleCount":4,"timestamp":"2026-03-29 09:05:16","total":4}
{"level":"warn","message":"DWX market data file not found — waiting for MT5 to create it...","timestamp":"2026-03-29 09:05:17"}
{"level":"warn","message":"Price feed has stale data:","staleCount":4,"timestamp":"2026-03-29 09:05:17","total":4}
{"level":"warn","message":"DWX market data file not found — waiting for MT5 to create it...","timestamp":"2026-03-29 09:05:18"}
{"level":"warn","message":"Price feed has stale data:","staleCount":4,"timestamp":"2026-03-29 09:05:18","total":4}
{"level":"warn","message":"DWX file not found — will retry watcher in 5s...","timestamp":"2026-03-29 09:05:18"}
{"duration_ms":1,"ip":"::1","level":"http","message":"GET /api/admin/announcement","status":404,"timestamp":"2026-03-29 09:05:18","userAgent":"Mozilla/5.0 (Windows NT 10.0; Win64; x64) AppleWebKit/537.36 (KHTML, like Gecko) Chrome/146.0.0.0 Safari/537.36 Edg/146.0.0.0"}
{"level":"warn","message":"DWX market data file not found — waiting for MT5 to create it...","timestamp":"2026-03-29 09:05:19"}
{"level":"warn","message":"Price feed has stale data:","staleCount":4,"timestamp":"2026-03-29 09:05:19","total":4}
{"level":"warn","message":"DWX market data file not found — waiting for MT5 to create it...","timestamp":"2026-03-29 09:05:20"}
{"level":"warn","message":"Price feed has stale data:","staleCount":4,"timestamp":"2026-03-29 09:05:20","total":4}
{"level":"warn","message":"DWX market data file not found — waiting for MT5 to create it...","timestamp":"2026-03-29 09:05:21"}
{"level":"warn","message":"Price feed has stale data:","staleCount":4,"timestamp":"2026-03-29 09:05:21","total":4}
{"level":"warn","message":"DWX market data file not found — waiting for MT5 to create it...","timestamp":"2026-03-29 09:05:22"}
{"level":"warn","message":"Price feed has stale data:","staleCount":4,"timestamp":"2026-03-29 09:05:22","total":4}
{"level":"warn","message":"DWX file not found — will retry watcher in 5s...","timestamp":"2026-03-29 09:05:23"}
{"level":"warn","message":"DWX market data file not found — waiting for MT5 to create it...","timestamp":"2026-03-29 09:05:23"}
{"level":"warn","message":"Price feed has stale data:","staleCount":4,"timestamp":"2026-03-29 09:05:23","total":4}
{"level":"warn","message":"DWX market data file not found — waiting for MT5 to create it...","timestamp":"2026-03-29 09:05:24"}
{"level":"warn","message":"Price feed has stale data:","staleCount":4,"timestamp":"2026-03-29 09:05:24","total":4}
{"level":"warn","message":"DWX market data file not found — waiting for MT5 to create it...","timestamp":"2026-03-29 09:05:25"}
{"level":"warn","message":"Price feed has stale data:","staleCount":4,"timestamp":"2026-03-29 09:05:25","total":4}
{"level":"warn","message":"DWX market data file not found — waiting for MT5 to create it...","timestamp":"2026-03-29 09:05:26"}
{"level":"warn","message":"Price feed has stale data:","staleCount":4,"timestamp":"2026-03-29 09:05:26","total":4}
{"level":"warn","message":"DWX market data file not found — waiting for MT5 to create it...","timestamp":"2026-03-29 09:05:27"}
{"level":"warn","message":"Price feed has stale data:","staleCount":4,"timestamp":"2026-03-29 09:05:27","total":4}
{"level":"warn","message":"DWX file not found — will retry watcher in 5s...","timestamp":"2026-03-29 09:05:28"}
{"level":"warn","message":"DWX market data file not found — waiting for MT5 to create it...","timestamp":"2026-03-29 09:05:28"}
{"level":"warn","message":"Price feed has stale data:","staleCount":4,"timestamp":"2026-03-29 09:05:28","total":4}
{"level":"warn","message":"DWX market data file not found — waiting for MT5 to create it...","timestamp":"2026-03-29 09:05:29"}
{"level":"warn","message":"Price feed has stale data:","staleCount":4,"timestamp":"2026-03-29 09:05:29","total":4}
{"level":"warn","message":"DWX market data file not found — waiting for MT5 to create it...","timestamp":"2026-03-29 09:05:30"}
{"level":"warn","message":"Price feed has stale data:","staleCount":4,"timestamp":"2026-03-29 09:05:30","total":4}
{"level":"warn","message":"DWX market data file not found — waiting for MT5 to create it...","timestamp":"2026-03-29 09:05:31"}
{"level":"warn","message":"Price feed has stale data:","staleCount":4,"timestamp":"2026-03-29 09:05:31","total":4}
{"level":"warn","message":"DWX market data file not found — waiting for MT5 to create it...","timestamp":"2026-03-29 09:05:32"}
{"level":"warn","message":"Price feed has stale data:","staleCount":4,"timestamp":"2026-03-29 09:05:32","total":4}
{"level":"warn","message":"DWX file not found — will retry watcher in 5s...","timestamp":"2026-03-29 09:05:33"}
{"level":"warn","message":"DWX market data file not found — waiting for MT5 to create it...","timestamp":"2026-03-29 09:05:33"}
{"level":"warn","message":"Price feed has stale data:","staleCount":4,"timestamp":"2026-03-29 09:05:33","total":4}
{"level":"warn","message":"DWX market data file not found — waiting for MT5 to create it...","timestamp":"2026-03-29 09:05:34"}
{"level":"warn","message":"Price feed has stale data:","staleCount":4,"timestamp":"2026-03-29 09:05:34","total":4}
{"level":"warn","message":"DWX market data file not found — waiting for MT5 to create it...","timestamp":"2026-03-29 09:05:35"}
{"level":"warn","message":"Price feed has stale data:","staleCount":4,"timestamp":"2026-03-29 09:05:35","total":4}
{"level":"warn","message":"DWX market data file not found — waiting for MT5 to create it...","timestamp":"2026-03-29 09:05:36"}
{"level":"warn","message":"Price feed has stale data:","staleCount":4,"timestamp":"2026-03-29 09:05:36","total":4}
{"level":"warn","message":"DWX market data file not found — waiting for MT5 to create it...","timestamp":"2026-03-29 09:05:37"}
{"level":"warn","message":"Price feed has stale data:","staleCount":4,"timestamp":"2026-03-29 09:05:37","total":4}
{"level":"warn","message":"DWX file not found — will retry watcher in 5s...","timestamp":"2026-03-29 09:05:38"}
{"level":"warn","message":"DWX market data file not found — waiting for MT5 to create it...","timestamp":"2026-03-29 09:05:38"}
{"level":"warn","message":"Price feed has stale data:","staleCount":4,"timestamp":"2026-03-29 09:05:38","total":4}
{"level":"warn","message":"DWX market data file not found — waiting for MT5 to create it...","timestamp":"2026-03-29 09:05:39"}
{"level":"warn","message":"Price feed has stale data:","staleCount":4,"timestamp":"2026-03-29 09:05:39","total":4}
{"level":"warn","message":"DWX market data file not found — waiting for MT5 to create it...","timestamp":"2026-03-29 09:05:40"}
{"level":"warn","message":"Price feed has stale data:","staleCount":4,"timestamp":"2026-03-29 09:05:40","total":4}
{"level":"warn","message":"DWX market data file not found — waiting for MT5 to create it...","timestamp":"2026-03-29 09:05:41"}
{"level":"warn","message":"Price feed has stale data:","staleCount":4,"timestamp":"2026-03-29 09:05:41","total":4}
{"level":"warn","message":"DWX market data file not found — waiting for MT5 to create it...","timestamp":"2026-03-29 09:05:42"}
{"level":"warn","message":"Price feed has stale data:","staleCount":4,"timestamp":"2026-03-29 09:05:42","total":4}
{"level":"warn","message":"DWX file not found — will retry watcher in 5s...","timestamp":"2026-03-29 09:05:43"}
{"level":"warn","message":"DWX market data file not found — waiting for MT5 to create it...","timestamp":"2026-03-29 09:05:43"}
{"level":"warn","message":"Price feed has stale data:","staleCount":4,"timestamp":"2026-03-29 09:05:43","total":4}
{"level":"warn","message":"DWX market data file not found — waiting for MT5 to create it...","timestamp":"2026-03-29 09:05:44"}
{"level":"warn","message":"Price feed has stale data:","staleCount":4,"timestamp":"2026-03-29 09:05:44","total":4}
{"level":"warn","message":"DWX market data file not found — waiting for MT5 to create it...","timestamp":"2026-03-29 09:05:45"}
{"level":"warn","message":"Price feed has stale data:","staleCount":4,"timestamp":"2026-03-29 09:05:45","total":4}
{"level":"warn","message":"DWX market data file not found — waiting for MT5 to create it...","timestamp":"2026-03-29 09:05:46"}
{"level":"warn","message":"Price feed has stale data:","staleCount":4,"timestamp":"2026-03-29 09:05:46","total":4}
{"level":"warn","message":"DWX market data file not found — waiting for MT5 to create it...","timestamp":"2026-03-29 09:05:47"}
{"level":"warn","message":"Price feed has stale data:","staleCount":4,"timestamp":"2026-03-29 09:05:47","total":4}
{"level":"warn","message":"DWX file not found — will retry watcher in 5s...","timestamp":"2026-03-29 09:05:48"}
{"level":"warn","message":"DWX market data file not found — waiting for MT5 to create it...","timestamp":"2026-03-29 09:05:48"}
{"level":"warn","message":"Price feed has stale data:","staleCount":4,"timestamp":"2026-03-29 09:05:48","total":4}
{"level":"warn","message":"DWX market data file not found — waiting for MT5 to create it...","timestamp":"2026-03-29 09:05:49"}
{"level":"warn","message":"Price feed has stale data:","staleCount":4,"timestamp":"2026-03-29 09:05:49","total":4}
{"level":"warn","message":"DWX market data file not found — waiting for MT5 to create it...","timestamp":"2026-03-29 09:05:50"}
{"level":"warn","message":"Price feed has stale data:","staleCount":4,"timestamp":"2026-03-29 09:05:50","total":4}
{"level":"warn","message":"DWX market data file not found — waiting for MT5 to create it...","timestamp":"2026-03-29 09:05:51"}
{"level":"warn","message":"Price feed has stale data:","staleCount":4,"timestamp":"2026-03-29 09:05:51","total":4}
{"level":"warn","message":"DWX market data file not found — waiting for MT5 to create it...","timestamp":"2026-03-29 09:05:52"}
{"level":"warn","message":"Price feed has stale data:","staleCount":4,"timestamp":"2026-03-29 09:05:52","total":4}
{"level":"warn","message":"DWX file not found — will retry watcher in 5s...","timestamp":"2026-03-29 09:05:53"}
{"level":"warn","message":"DWX market data file not found — waiting for MT5 to create it...","timestamp":"2026-03-29 09:05:53"}
{"level":"warn","message":"Price feed has stale data:","staleCount":4,"timestamp":"2026-03-29 09:05:53","total":4}
{"level":"warn","message":"DWX market data file not found — waiting for MT5 to create it...","timestamp":"2026-03-29 09:05:54"}
{"level":"warn","message":"Price feed has stale data:","staleCount":4,"timestamp":"2026-03-29 09:05:54","total":4}
{"level":"warn","message":"DWX market data file not found — waiting for MT5 to create it...","timestamp":"2026-03-29 09:05:55"}
{"level":"warn","message":"Price feed has stale data:","staleCount":4,"timestamp":"2026-03-29 09:05:55","total":4}
{"level":"warn","message":"DWX market data file not found — waiting for MT5 to create it...","timestamp":"2026-03-29 09:05:56"}
{"level":"warn","message":"Price feed has stale data:","staleCount":4,"timestamp":"2026-03-29 09:05:56","total":4}
{"level":"warn","message":"DWX market data file not found — waiting for MT5 to create it...","timestamp":"2026-03-29 09:05:57"}
{"level":"warn","message":"Price feed has stale data:","staleCount":4,"timestamp":"2026-03-29 09:05:57","total":4}
{"level":"warn","message":"DWX file not found — will retry watcher in 5s...","timestamp":"2026-03-29 09:05:58"}
{"level":"warn","message":"DWX market data file not found — waiting for MT5 to create it...","timestamp":"2026-03-29 09:05:58"}
{"level":"warn","message":"Price feed has stale data:","staleCount":4,"timestamp":"2026-03-29 09:05:58","total":4}
{"level":"warn","message":"DWX market data file not found — waiting for MT5 to create it...","timestamp":"2026-03-29 09:05:59"}
{"level":"warn","message":"Price feed has stale data:","staleCount":4,"timestamp":"2026-03-29 09:05:59","total":4}
{"level":"warn","message":"DWX market data file not found — waiting for MT5 to create it...","timestamp":"2026-03-29 09:06:00"}
{"level":"warn","message":"Price feed has stale data:","staleCount":4,"timestamp":"2026-03-29 09:06:00","total":4}
{"level":"warn","message":"DWX market data file not found — waiting for MT5 to create it...","timestamp":"2026-03-29 09:06:01"}
{"level":"warn","message":"Price feed has stale data:","staleCount":4,"timestamp":"2026-03-29 09:06:01","total":4}
{"level":"warn","message":"DWX market data file not found — waiting for MT5 to create it...","timestamp":"2026-03-29 09:06:02"}
{"level":"warn","message":"Price feed has stale data:","staleCount":4,"timestamp":"2026-03-29 09:06:02","total":4}
{"level":"warn","message":"DWX file not found — will retry watcher in 5s...","timestamp":"2026-03-29 09:06:03"}
{"level":"warn","message":"DWX market data file not found — waiting for MT5 to create it...","timestamp":"2026-03-29 09:06:03"}
{"level":"warn","message":"Price feed has stale data:","staleCount":4,"timestamp":"2026-03-29 09:06:03","total":4}
{"level":"warn","message":"DWX market data file not found — waiting for MT5 to create it...","timestamp":"2026-03-29 09:06:04"}
{"level":"warn","message":"Price feed has stale data:","staleCount":4,"timestamp":"2026-03-29 09:06:04","total":4}
{"level":"warn","message":"DWX market data file not found — waiting for MT5 to create it...","timestamp":"2026-03-29 09:06:05"}
{"level":"warn","message":"Price feed has stale data:","staleCount":4,"timestamp":"2026-03-29 09:06:05","total":4}
{"level":"warn","message":"DWX market data file not found — waiting for MT5 to create it...","timestamp":"2026-03-29 09:06:06"}
{"level":"warn","message":"Price feed has stale data:","staleCount":4,"timestamp":"2026-03-29 09:06:06","total":4}
{"level":"warn","message":"DWX market data file not found — waiting for MT5 to create it...","timestamp":"2026-03-29 09:06:07"}
{"level":"warn","message":"Price feed has stale data:","staleCount":4,"timestamp":"2026-03-29 09:06:07","total":4}
{"level":"warn","message":"DWX file not found — will retry watcher in 5s...","timestamp":"2026-03-29 09:06:08"}
{"level":"warn","message":"DWX market data file not found — waiting for MT5 to create it...","timestamp":"2026-03-29 09:06:08"}
{"level":"warn","message":"Price feed has stale data:","staleCount":4,"timestamp":"2026-03-29 09:06:08","total":4}
{"level":"warn","message":"DWX market data file not found — waiting for MT5 to create it...","timestamp":"2026-03-29 09:06:09"}
{"level":"warn","message":"Price feed has stale data:","staleCount":4,"timestamp":"2026-03-29 09:06:09","total":4}
{"level":"warn","message":"DWX market data file not found — waiting for MT5 to create it...","timestamp":"2026-03-29 09:06:10"}
{"level":"warn","message":"Price feed has stale data:","staleCount":4,"timestamp":"2026-03-29 09:06:10","total":4}
{"level":"warn","message":"DWX market data file not found — waiting for MT5 to create it...","timestamp":"2026-03-29 09:06:11"}
{"level":"warn","message":"Price feed has stale data:","staleCount":4,"timestamp":"2026-03-29 09:06:11","total":4}
{"level":"warn","message":"DWX market data file not found — waiting for MT5 to create it...","timestamp":"2026-03-29 09:06:12"}
{"level":"warn","message":"Price feed has stale data:","staleCount":4,"timestamp":"2026-03-29 09:06:12","total":4}
{"level":"warn","message":"DWX file not found — will retry watcher in 5s...","timestamp":"2026-03-29 09:06:13"}
{"level":"warn","message":"DWX market data file not found — waiting for MT5 to create it...","timestamp":"2026-03-29 09:06:13"}
{"level":"warn","message":"Price feed has stale data:","staleCount":4,"timestamp":"2026-03-29 09:06:13","total":4}
{"level":"warn","message":"DWX market data file not found — waiting for MT5 to create it...","timestamp":"2026-03-29 09:06:14"}
{"level":"warn","message":"Price feed has stale data:","staleCount":4,"timestamp":"2026-03-29 09:06:14","total":4}
{"level":"warn","message":"DWX market data file not found — waiting for MT5 to create it...","timestamp":"2026-03-29 09:06:15"}
{"level":"warn","message":"Price feed has stale data:","staleCount":4,"timestamp":"2026-03-29 09:06:15","total":4}
{"level":"warn","message":"DWX market data file not found — waiting for MT5 to create it...","timestamp":"2026-03-29 09:06:16"}
{"level":"warn","message":"Price feed has stale data:","staleCount":4,"timestamp":"2026-03-29 09:06:16","total":4}
{"level":"warn","message":"DWX market data file not found — waiting for MT5 to create it...","timestamp":"2026-03-29 09:06:17"}
{"level":"warn","message":"Price feed has stale data:","staleCount":4,"timestamp":"2026-03-29 09:06:17","total":4}
{"level":"warn","message":"DWX file not found — will retry watcher in 5s...","timestamp":"2026-03-29 09:06:18"}
{"level":"warn","message":"DWX market data file not found — waiting for MT5 to create it...","timestamp":"2026-03-29 09:06:18"}
{"level":"warn","message":"Price feed has stale data:","staleCount":4,"timestamp":"2026-03-29 09:06:18","total":4}
{"level":"warn","message":"DWX market data file not found — waiting for MT5 to create it...","timestamp":"2026-03-29 09:06:19"}
{"level":"warn","message":"Price feed has stale data:","staleCount":4,"timestamp":"2026-03-29 09:06:19","total":4}
{"level":"warn","message":"DWX market data file not found — waiting for MT5 to create it...","timestamp":"2026-03-29 09:06:20"}
{"level":"warn","message":"Price feed has stale data:","staleCount":4,"timestamp":"2026-03-29 09:06:20","total":4}
{"level":"warn","message":"DWX market data file not found — waiting for MT5 to create it...","timestamp":"2026-03-29 09:06:21"}
{"level":"warn","message":"Price feed has stale data:","staleCount":4,"timestamp":"2026-03-29 09:06:21","total":4}
{"level":"warn","message":"DWX market data file not found — waiting for MT5 to create it...","timestamp":"2026-03-29 09:06:22"}
{"level":"warn","message":"Price feed has stale data:","staleCount":4,"timestamp":"2026-03-29 09:06:22","total":4}
{"level":"warn","message":"DWX file not found — will retry watcher in 5s...","timestamp":"2026-03-29 09:06:23"}
{"level":"warn","message":"DWX market data file not found — waiting for MT5 to create it...","timestamp":"2026-03-29 09:06:23"}
{"level":"warn","message":"Price feed has stale data:","staleCount":4,"timestamp":"2026-03-29 09:06:23","total":4}
{"level":"warn","message":"DWX market data file not found — waiting for MT5 to create it...","timestamp":"2026-03-29 09:06:24"}
{"level":"warn","message":"Price feed has stale data:","staleCount":4,"timestamp":"2026-03-29 09:06:24","total":4}
{"level":"warn","message":"DWX market data file not found — waiting for MT5 to create it...","timestamp":"2026-03-29 09:06:25"}
{"level":"warn","message":"Price feed has stale data:","staleCount":4,"timestamp":"2026-03-29 09:06:25","total":4}
{"level":"warn","message":"DWX market data file not found — waiting for MT5 to create it...","timestamp":"2026-03-29 09:06:26"}
{"level":"warn","message":"Price feed has stale data:","staleCount":4,"timestamp":"2026-03-29 09:06:26","total":4}
{"level":"warn","message":"DWX market data file not found — waiting for MT5 to create it...","timestamp":"2026-03-29 09:06:27"}
{"level":"warn","message":"Price feed has stale data:","staleCount":4,"timestamp":"2026-03-29 09:06:27","total":4}
{"level":"warn","message":"DWX file not found — will retry watcher in 5s...","timestamp":"2026-03-29 09:06:28"}
{"level":"warn","message":"DWX market data file not found — waiting for MT5 to create it...","timestamp":"2026-03-29 09:06:28"}
{"level":"warn","message":"Price feed has stale data:","staleCount":4,"timestamp":"2026-03-29 09:06:28","total":4}
{"level":"warn","message":"DWX market data file not found — waiting for MT5 to create it...","timestamp":"2026-03-29 09:06:29"}
{"level":"warn","message":"Price feed has stale data:","staleCount":4,"timestamp":"2026-03-29 09:06:29","total":4}
{"level":"warn","message":"DWX market data file not found — waiting for MT5 to create it...","timestamp":"2026-03-29 09:06:30"}
{"level":"warn","message":"Price feed has stale data:","staleCount":4,"timestamp":"2026-03-29 09:06:30","total":4}
{"level":"warn","message":"DWX market data file not found — waiting for MT5 to create it...","timestamp":"2026-03-29 09:06:31"}
{"level":"warn","message":"Price feed has stale data:","staleCount":4,"timestamp":"2026-03-29 09:06:31","total":4}
{"level":"warn","message":"DWX market data file not found — waiting for MT5 to create it...","timestamp":"2026-03-29 09:06:32"}
{"level":"warn","message":"Price feed has stale data:","staleCount":4,"timestamp":"2026-03-29 09:06:32","total":4}
{"level":"warn","message":"DWX file not found — will retry watcher in 5s...","timestamp":"2026-03-29 09:06:33"}
{"level":"warn","message":"DWX market data file not found — waiting for MT5 to create it...","timestamp":"2026-03-29 09:06:33"}
{"level":"warn","message":"Price feed has stale data:","staleCount":4,"timestamp":"2026-03-29 09:06:33","total":4}
{"level":"warn","message":"DWX market data file not found — waiting for MT5 to create it...","timestamp":"2026-03-29 09:06:34"}
{"level":"warn","message":"Price feed has stale data:","staleCount":4,"timestamp":"2026-03-29 09:06:34","total":4}
{"level":"warn","message":"DWX market data file not found — waiting for MT5 to create it...","timestamp":"2026-03-29 09:06:35"}
{"level":"warn","message":"Price feed has stale data:","staleCount":4,"timestamp":"2026-03-29 09:06:35","total":4}
{"level":"warn","message":"DWX market data file not found — waiting for MT5 to create it...","timestamp":"2026-03-29 09:06:36"}
{"level":"warn","message":"Price feed has stale data:","staleCount":4,"timestamp":"2026-03-29 09:06:36","total":4}
{"level":"warn","message":"DWX market data file not found — waiting for MT5 to create it...","timestamp":"2026-03-29 09:06:37"}
{"level":"warn","message":"Price feed has stale data:","staleCount":4,"timestamp":"2026-03-29 09:06:37","total":4}
{"level":"warn","message":"DWX file not found — will retry watcher in 5s...","timestamp":"2026-03-29 09:06:38"}
{"level":"warn","message":"DWX market data file not found — waiting for MT5 to create it...","timestamp":"2026-03-29 09:06:38"}
{"level":"warn","message":"Price feed has stale data:","staleCount":4,"timestamp":"2026-03-29 09:06:38","total":4}
{"level":"warn","message":"DWX market data file not found — waiting for MT5 to create it...","timestamp":"2026-03-29 09:06:39"}
{"level":"warn","message":"Price feed has stale data:","staleCount":4,"timestamp":"2026-03-29 09:06:39","total":4}
{"level":"warn","message":"DWX market data file not found — waiting for MT5 to create it...","timestamp":"2026-03-29 09:06:40"}
{"level":"warn","message":"Price feed has stale data:","staleCount":4,"timestamp":"2026-03-29 09:06:40","total":4}
{"level":"warn","message":"DWX market data file not found — waiting for MT5 to create it...","timestamp":"2026-03-29 09:06:41"}
{"level":"warn","message":"Price feed has stale data:","staleCount":4,"timestamp":"2026-03-29 09:06:41","total":4}
{"level":"warn","message":"DWX market data file not found — waiting for MT5 to create it...","timestamp":"2026-03-29 09:06:42"}
{"level":"warn","message":"Price feed has stale data:","staleCount":4,"timestamp":"2026-03-29 09:06:42","total":4}
{"level":"warn","message":"DWX file not found — will retry watcher in 5s...","timestamp":"2026-03-29 09:06:43"}
{"level":"warn","message":"DWX market data file not found — waiting for MT5 to create it...","timestamp":"2026-03-29 09:06:43"}
{"level":"warn","message":"Price feed has stale data:","staleCount":4,"timestamp":"2026-03-29 09:06:43","total":4}
{"level":"warn","message":"DWX market data file not found — waiting for MT5 to create it...","timestamp":"2026-03-29 09:06:44"}
{"level":"warn","message":"Price feed has stale data:","staleCount":4,"timestamp":"2026-03-29 09:06:44","total":4}
{"level":"warn","message":"DWX market data file not found — waiting for MT5 to create it...","timestamp":"2026-03-29 09:06:45"}
{"level":"warn","message":"Price feed has stale data:","staleCount":4,"timestamp":"2026-03-29 09:06:45","total":4}
{"level":"warn","message":"DWX market data file not found — waiting for MT5 to create it...","timestamp":"2026-03-29 09:06:46"}
{"level":"warn","message":"Price feed has stale data:","staleCount":4,"timestamp":"2026-03-29 09:06:46","total":4}
{"level":"warn","message":"DWX market data file not found — waiting for MT5 to create it...","timestamp":"2026-03-29 09:06:47"}
{"level":"warn","message":"Price feed has stale data:","staleCount":4,"timestamp":"2026-03-29 09:06:47","total":4}
{"level":"warn","message":"DWX file not found — will retry watcher in 5s...","timestamp":"2026-03-29 09:06:48"}
{"level":"warn","message":"DWX market data file not found — waiting for MT5 to create it...","timestamp":"2026-03-29 09:06:48"}
{"level":"warn","message":"Price feed has stale data:","staleCount":4,"timestamp":"2026-03-29 09:06:48","total":4}
{"level":"warn","message":"DWX market data file not found — waiting for MT5 to create it...","timestamp":"2026-03-29 09:06:49"}
{"level":"warn","message":"Price feed has stale data:","staleCount":4,"timestamp":"2026-03-29 09:06:49","total":4}
{"level":"warn","message":"DWX market data file not found — waiting for MT5 to create it...","timestamp":"2026-03-29 09:06:50"}
{"level":"warn","message":"Price feed has stale data:","staleCount":4,"timestamp":"2026-03-29 09:06:50","total":4}
{"level":"warn","message":"DWX market data file not found — waiting for MT5 to create it...","timestamp":"2026-03-29 09:06:51"}
{"level":"warn","message":"Price feed has stale data:","staleCount":4,"timestamp":"2026-03-29 09:06:51","total":4}
{"level":"warn","message":"DWX market data file not found — waiting for MT5 to create it...","timestamp":"2026-03-29 09:06:52"}
{"level":"warn","message":"Price feed has stale data:","staleCount":4,"timestamp":"2026-03-29 09:06:52","total":4}
{"level":"warn","message":"DWX file not found — will retry watcher in 5s...","timestamp":"2026-03-29 09:06:53"}
{"level":"warn","message":"DWX market data file not found — waiting for MT5 to create it...","timestamp":"2026-03-29 09:06:54"}
{"level":"warn","message":"Price feed has stale data:","staleCount":4,"timestamp":"2026-03-29 09:06:54","total":4}
{"level":"warn","message":"DWX market data file not found — waiting for MT5 to create it...","timestamp":"2026-03-29 09:06:55"}
{"level":"warn","message":"Price feed has stale data:","staleCount":4,"timestamp":"2026-03-29 09:06:55","total":4}
{"level":"warn","message":"DWX market data file not found — waiting for MT5 to create it...","timestamp":"2026-03-29 09:06:56"}
{"level":"warn","message":"Price feed has stale data:","staleCount":4,"timestamp":"2026-03-29 09:06:56","total":4}
{"level":"warn","message":"DWX market data file not found — waiting for MT5 to create it...","timestamp":"2026-03-29 09:06:57"}
{"level":"warn","message":"Price feed has stale data:","staleCount":4,"timestamp":"2026-03-29 09:06:57","total":4}
{"level":"warn","message":"DWX market data file not found — waiting for MT5 to create it...","timestamp":"2026-03-29 09:06:58"}
{"level":"warn","message":"Price feed has stale data:","staleCount":4,"timestamp":"2026-03-29 09:06:58","total":4}
{"level":"warn","message":"DWX file not found — will retry watcher in 5s...","timestamp":"2026-03-29 09:06:58"}
{"level":"warn","message":"DWX market data file not found — waiting for MT5 to create it...","timestamp":"2026-03-29 09:06:59"}
{"level":"warn","message":"Price feed has stale data:","staleCount":4,"timestamp":"2026-03-29 09:06:59","total":4}
{"level":"warn","message":"DWX market data file not found — waiting for MT5 to create it...","timestamp":"2026-03-29 09:07:00"}
{"level":"warn","message":"Price feed has stale data:","staleCount":4,"timestamp":"2026-03-29 09:07:00","total":4}
{"level":"warn","message":"DWX market data file not found — waiting for MT5 to create it...","timestamp":"2026-03-29 09:07:01"}
{"level":"warn","message":"Price feed has stale data:","staleCount":4,"timestamp":"2026-03-29 09:07:01","total":4}
{"level":"warn","message":"DWX market data file not found — waiting for MT5 to create it...","timestamp":"2026-03-29 09:07:02"}
{"level":"warn","message":"Price feed has stale data:","staleCount":4,"timestamp":"2026-03-29 09:07:02","total":4}
{"level":"warn","message":"DWX market data file not found — waiting for MT5 to create it...","timestamp":"2026-03-29 09:07:03"}
{"level":"warn","message":"Price feed has stale data:","staleCount":4,"timestamp":"2026-03-29 09:07:03","total":4}
{"level":"warn","message":"DWX file not found — will retry watcher in 5s...","timestamp":"2026-03-29 09:07:03"}
{"level":"warn","message":"DWX market data file not found — waiting for MT5 to create it...","timestamp":"2026-03-29 09:07:04"}
{"level":"warn","message":"Price feed has stale data:","staleCount":4,"timestamp":"2026-03-29 09:07:04","total":4}
{"level":"warn","message":"DWX market data file not found — waiting for MT5 to create it...","timestamp":"2026-03-29 09:07:05"}
{"level":"warn","message":"Price feed has stale data:","staleCount":4,"timestamp":"2026-03-29 09:07:05","total":4}
{"level":"warn","message":"DWX market data file not found — waiting for MT5 to create it...","timestamp":"2026-03-29 09:07:06"}
{"level":"warn","message":"Price feed has stale data:","staleCount":4,"timestamp":"2026-03-29 09:07:06","total":4}
{"level":"warn","message":"DWX market data file not found — waiting for MT5 to create it...","timestamp":"2026-03-29 09:07:07"}
{"level":"warn","message":"Price feed has stale data:","staleCount":4,"timestamp":"2026-03-29 09:07:07","total":4}
{"level":"warn","message":"DWX market data file not found — waiting for MT5 to create it...","timestamp":"2026-03-29 09:07:08"}
{"level":"warn","message":"Price feed has stale data:","staleCount":4,"timestamp":"2026-03-29 09:07:08","total":4}
{"level":"warn","message":"DWX file not found — will retry watcher in 5s...","timestamp":"2026-03-29 09:07:08"}
{"level":"warn","message":"DWX market data file not found — waiting for MT5 to create it...","timestamp":"2026-03-29 09:07:09"}
{"level":"warn","message":"Price feed has stale data:","staleCount":4,"timestamp":"2026-03-29 09:07:09","total":4}
{"level":"warn","message":"DWX market data file not found — waiting for MT5 to create it...","timestamp":"2026-03-29 09:07:10"}
{"level":"warn","message":"Price feed has stale data:","staleCount":4,"timestamp":"2026-03-29 09:07:10","total":4}
{"level":"warn","message":"DWX market data file not found — waiting for MT5 to create it...","timestamp":"2026-03-29 09:07:11"}
{"level":"warn","message":"Price feed has stale data:","staleCount":4,"timestamp":"2026-03-29 09:07:11","total":4}
{"level":"warn","message":"DWX market data file not found — waiting for MT5 to create it...","timestamp":"2026-03-29 09:07:12"}
{"level":"warn","message":"Price feed has stale data:","staleCount":4,"timestamp":"2026-03-29 09:07:12","total":4}
{"level":"warn","message":"DWX market data file not found — waiting for MT5 to create it...","timestamp":"2026-03-29 09:07:13"}
{"level":"warn","message":"Price feed has stale data:","staleCount":4,"timestamp":"2026-03-29 09:07:13","total":4}
{"level":"warn","message":"DWX file not found — will retry watcher in 5s...","timestamp":"2026-03-29 09:07:13"}
{"level":"warn","message":"DWX market data file not found — waiting for MT5 to create it...","timestamp":"2026-03-29 09:07:14"}
{"level":"warn","message":"Price feed has stale data:","staleCount":4,"timestamp":"2026-03-29 09:07:14","total":4}
{"level":"warn","message":"DWX market data file not found — waiting for MT5 to create it...","timestamp":"2026-03-29 09:07:15"}
{"level":"warn","message":"Price feed has stale data:","staleCount":4,"timestamp":"2026-03-29 09:07:15","total":4}
{"level":"warn","message":"DWX market data file not found — waiting for MT5 to create it...","timestamp":"2026-03-29 09:07:16"}
{"level":"warn","message":"Price feed has stale data:","staleCount":4,"timestamp":"2026-03-29 09:07:16","total":4}
{"level":"warn","message":"DWX market data file not found — waiting for MT5 to create it...","timestamp":"2026-03-29 09:07:17"}
{"level":"warn","message":"Price feed has stale data:","staleCount":4,"timestamp":"2026-03-29 09:07:17","total":4}
{"level":"warn","message":"DWX market data file not found — waiting for MT5 to create it...","timestamp":"2026-03-29 09:07:18"}
{"level":"warn","message":"Price feed has stale data:","staleCount":4,"timestamp":"2026-03-29 09:07:18","total":4}
{"level":"warn","message":"DWX file not found — will retry watcher in 5s...","timestamp":"2026-03-29 09:07:18"}
{"level":"warn","message":"DWX market data file not found — waiting for MT5 to create it...","timestamp":"2026-03-29 09:07:19"}
{"level":"warn","message":"Price feed has stale data:","staleCount":4,"timestamp":"2026-03-29 09:07:19","total":4}
{"level":"warn","message":"DWX market data file not found — waiting for MT5 to create it...","timestamp":"2026-03-29 09:07:20"}
{"level":"warn","message":"Price feed has stale data:","staleCount":4,"timestamp":"2026-03-29 09:07:20","total":4}
{"level":"warn","message":"DWX market data file not found — waiting for MT5 to create it...","timestamp":"2026-03-29 09:07:21"}
{"level":"warn","message":"Price feed has stale data:","staleCount":4,"timestamp":"2026-03-29 09:07:21","total":4}
{"level":"warn","message":"DWX market data file not found — waiting for MT5 to create it...","timestamp":"2026-03-29 09:07:22"}
{"level":"warn","message":"Price feed has stale data:","staleCount":4,"timestamp":"2026-03-29 09:07:22","total":4}
{"level":"warn","message":"DWX market data file not found — waiting for MT5 to create it...","timestamp":"2026-03-29 09:07:23"}
{"level":"warn","message":"Price feed has stale data:","staleCount":4,"timestamp":"2026-03-29 09:07:23","total":4}
{"level":"warn","message":"DWX file not found — will retry watcher in 5s...","timestamp":"2026-03-29 09:07:23"}
{"level":"warn","message":"DWX market data file not found — waiting for MT5 to create it...","timestamp":"2026-03-29 09:07:24"}
{"level":"warn","message":"Price feed has stale data:","staleCount":4,"timestamp":"2026-03-29 09:07:24","total":4}
{"level":"warn","message":"DWX market data file not found — waiting for MT5 to create it...","timestamp":"2026-03-29 09:07:25"}
{"level":"warn","message":"Price feed has stale data:","staleCount":4,"timestamp":"2026-03-29 09:07:25","total":4}
{"level":"warn","message":"DWX market data file not found — waiting for MT5 to create it...","timestamp":"2026-03-29 09:07:26"}
{"level":"warn","message":"Price feed has stale data:","staleCount":4,"timestamp":"2026-03-29 09:07:26","total":4}
{"level":"warn","message":"DWX market data file not found — waiting for MT5 to create it...","timestamp":"2026-03-29 09:07:27"}
{"level":"warn","message":"Price feed has stale data:","staleCount":4,"timestamp":"2026-03-29 09:07:27","total":4}
{"level":"warn","message":"DWX market data file not found — waiting for MT5 to create it...","timestamp":"2026-03-29 09:07:28"}
{"level":"warn","message":"Price feed has stale data:","staleCount":4,"timestamp":"2026-03-29 09:07:28","total":4}
{"level":"warn","message":"DWX file not found — will retry watcher in 5s...","timestamp":"2026-03-29 09:07:28"}
{"level":"warn","message":"DWX market data file not found — waiting for MT5 to create it...","timestamp":"2026-03-29 09:07:29"}
{"level":"warn","message":"Price feed has stale data:","staleCount":4,"timestamp":"2026-03-29 09:07:29","total":4}
{"level":"warn","message":"DWX market data file not found — waiting for MT5 to create it...","timestamp":"2026-03-29 09:07:30"}
{"level":"warn","message":"Price feed has stale data:","staleCount":4,"timestamp":"2026-03-29 09:07:30","total":4}
{"level":"warn","message":"DWX market data file not found — waiting for MT5 to create it...","timestamp":"2026-03-29 09:07:31"}
{"level":"warn","message":"Price feed has stale data:","staleCount":4,"timestamp":"2026-03-29 09:07:31","total":4}
{"level":"warn","message":"DWX market data file not found — waiting for MT5 to create it...","timestamp":"2026-03-29 09:07:32"}
{"level":"warn","message":"Price feed has stale data:","staleCount":4,"timestamp":"2026-03-29 09:07:32","total":4}
{"level":"warn","message":"DWX market data file not found — waiting for MT5 to create it...","timestamp":"2026-03-29 09:07:33"}
{"level":"warn","message":"Price feed has stale data:","staleCount":4,"timestamp":"2026-03-29 09:07:33","total":4}
{"level":"warn","message":"DWX file not found — will retry watcher in 5s...","timestamp":"2026-03-29 09:07:33"}
{"level":"warn","message":"DWX market data file not found — waiting for MT5 to create it...","timestamp":"2026-03-29 09:07:34"}
{"level":"warn","message":"Price feed has stale data:","staleCount":4,"timestamp":"2026-03-29 09:07:34","total":4}
{"level":"warn","message":"DWX market data file not found — waiting for MT5 to create it...","timestamp":"2026-03-29 09:07:35"}
{"level":"warn","message":"Price feed has stale data:","staleCount":4,"timestamp":"2026-03-29 09:07:35","total":4}
{"level":"warn","message":"DWX market data file not found — waiting for MT5 to create it...","timestamp":"2026-03-29 09:07:36"}
{"level":"warn","message":"Price feed has stale data:","staleCount":4,"timestamp":"2026-03-29 09:07:36","total":4}
{"level":"warn","message":"DWX market data file not found — waiting for MT5 to create it...","timestamp":"2026-03-29 09:07:37"}
{"level":"warn","message":"Price feed has stale data:","staleCount":4,"timestamp":"2026-03-29 09:07:37","total":4}
{"level":"warn","message":"DWX market data file not found — waiting for MT5 to create it...","timestamp":"2026-03-29 09:07:38"}
{"level":"warn","message":"Price feed has stale data:","staleCount":4,"timestamp":"2026-03-29 09:07:38","total":4}
{"level":"warn","message":"DWX file not found — will retry watcher in 5s...","timestamp":"2026-03-29 09:07:38"}
{"level":"warn","message":"DWX market data file not found — waiting for MT5 to create it...","timestamp":"2026-03-29 09:07:39"}
{"level":"warn","message":"Price feed has stale data:","staleCount":4,"timestamp":"2026-03-29 09:07:39","total":4}
{"level":"warn","message":"DWX market data file not found — waiting for MT5 to create it...","timestamp":"2026-03-29 09:07:40"}
{"level":"warn","message":"Price feed has stale data:","staleCount":4,"timestamp":"2026-03-29 09:07:40","total":4}
{"level":"warn","message":"DWX market data file not found — waiting for MT5 to create it...","timestamp":"2026-03-29 09:07:41"}
{"level":"warn","message":"Price feed has stale data:","staleCount":4,"timestamp":"2026-03-29 09:07:41","total":4}
{"level":"warn","message":"DWX market data file not found — waiting for MT5 to create it...","timestamp":"2026-03-29 09:07:42"}
{"level":"warn","message":"Price feed has stale data:","staleCount":4,"timestamp":"2026-03-29 09:07:42","total":4}
{"level":"warn","message":"DWX market data file not found — waiting for MT5 to create it...","timestamp":"2026-03-29 09:07:43"}
{"level":"warn","message":"Price feed has stale data:","staleCount":4,"timestamp":"2026-03-29 09:07:43","total":4}
{"level":"warn","message":"DWX file not found — will retry watcher in 5s...","timestamp":"2026-03-29 09:07:43"}
{"level":"warn","message":"DWX market data file not found — waiting for MT5 to create it...","timestamp":"2026-03-29 09:07:44"}
{"level":"warn","message":"Price feed has stale data:","staleCount":4,"timestamp":"2026-03-29 09:07:44","total":4}
{"level":"warn","message":"DWX market data file not found — waiting for MT5 to create it...","timestamp":"2026-03-29 09:07:45"}
{"level":"warn","message":"Price feed has stale data:","staleCount":4,"timestamp":"2026-03-29 09:07:45","total":4}
{"level":"warn","message":"DWX market data file not found — waiting for MT5 to create it...","timestamp":"2026-03-29 09:07:46"}
{"level":"warn","message":"Price feed has stale data:","staleCount":4,"timestamp":"2026-03-29 09:07:46","total":4}
{"level":"warn","message":"DWX market data file not found — waiting for MT5 to create it...","timestamp":"2026-03-29 09:07:47"}
{"level":"warn","message":"Price feed has stale data:","staleCount":4,"timestamp":"2026-03-29 09:07:47","total":4}
{"level":"warn","message":"DWX market data file not found — waiting for MT5 to create it...","timestamp":"2026-03-29 09:07:48"}
{"level":"warn","message":"Price feed has stale data:","staleCount":4,"timestamp":"2026-03-29 09:07:48","total":4}
{"level":"warn","message":"DWX file not found — will retry watcher in 5s...","timestamp":"2026-03-29 09:07:48"}
{"level":"warn","message":"DWX market data file not found — waiting for MT5 to create it...","timestamp":"2026-03-29 09:07:49"}
{"level":"warn","message":"Price feed has stale data:","staleCount":4,"timestamp":"2026-03-29 09:07:49","total":4}
{"level":"warn","message":"DWX market data file not found — waiting for MT5 to create it...","timestamp":"2026-03-29 09:07:50"}
{"level":"warn","message":"Price feed has stale data:","staleCount":4,"timestamp":"2026-03-29 09:07:50","total":4}
{"level":"warn","message":"DWX market data file not found — waiting for MT5 to create it...","timestamp":"2026-03-29 09:07:51"}
{"level":"warn","message":"Price feed has stale data:","staleCount":4,"timestamp":"2026-03-29 09:07:51","total":4}
{"level":"warn","message":"DWX market data file not found — waiting for MT5 to create it...","timestamp":"2026-03-29 09:07:52"}
{"level":"warn","message":"Price feed has stale data:","staleCount":4,"timestamp":"2026-03-29 09:07:52","total":4}
{"level":"warn","message":"DWX market data file not found — waiting for MT5 to create it...","timestamp":"2026-03-29 09:07:53"}
{"level":"warn","message":"Price feed has stale data:","staleCount":4,"timestamp":"2026-03-29 09:07:53","total":4}
{"level":"warn","message":"DWX file not found — will retry watcher in 5s...","timestamp":"2026-03-29 09:07:53"}
{"level":"warn","message":"DWX market data file not found — waiting for MT5 to create it...","timestamp":"2026-03-29 09:07:54"}
{"level":"warn","message":"Price feed has stale data:","staleCount":4,"timestamp":"2026-03-29 09:07:54","total":4}
{"level":"warn","message":"DWX market data file not found — waiting for MT5 to create it...","timestamp":"2026-03-29 09:07:55"}
{"level":"warn","message":"Price feed has stale data:","staleCount":4,"timestamp":"2026-03-29 09:07:55","total":4}
{"level":"warn","message":"DWX market data file not found — waiting for MT5 to create it...","timestamp":"2026-03-29 09:07:56"}
{"level":"warn","message":"Price feed has stale data:","staleCount":4,"timestamp":"2026-03-29 09:07:56","total":4}
{"level":"warn","message":"DWX market data file not found — waiting for MT5 to create it...","timestamp":"2026-03-29 09:07:57"}
{"level":"warn","message":"Price feed has stale data:","staleCount":4,"timestamp":"2026-03-29 09:07:57","total":4}
{"level":"warn","message":"DWX market data file not found — waiting for MT5 to create it...","timestamp":"2026-03-29 09:07:58"}
{"level":"warn","message":"Price feed has stale data:","staleCount":4,"timestamp":"2026-03-29 09:07:58","total":4}
{"level":"warn","message":"DWX file not found — will retry watcher in 5s...","timestamp":"2026-03-29 09:07:58"}
{"level":"warn","message":"DWX market data file not found — waiting for MT5 to create it...","timestamp":"2026-03-29 09:07:59"}
{"level":"warn","message":"Price feed has stale data:","staleCount":4,"timestamp":"2026-03-29 09:07:59","total":4}
{"level":"warn","message":"DWX market data file not found — waiting for MT5 to create it...","timestamp":"2026-03-29 09:08:00"}
{"level":"warn","message":"Price feed has stale data:","staleCount":4,"timestamp":"2026-03-29 09:08:00","total":4}
{"level":"warn","message":"DWX market data file not found — waiting for MT5 to create it...","timestamp":"2026-03-29 09:08:01"}
{"level":"warn","message":"Price feed has stale data:","staleCount":4,"timestamp":"2026-03-29 09:08:01","total":4}
{"level":"warn","message":"DWX market data file not found — waiting for MT5 to create it...","timestamp":"2026-03-29 09:08:02"}
{"level":"warn","message":"Price feed has stale data:","staleCount":4,"timestamp":"2026-03-29 09:08:02","total":4}
{"level":"warn","message":"DWX market data file not found — waiting for MT5 to create it...","timestamp":"2026-03-29 09:08:03"}
{"level":"warn","message":"Price feed has stale data:","staleCount":4,"timestamp":"2026-03-29 09:08:03","total":4}
{"level":"warn","message":"DWX file not found — will retry watcher in 5s...","timestamp":"2026-03-29 09:08:03"}
{"level":"warn","message":"DWX market data file not found — waiting for MT5 to create it...","timestamp":"2026-03-29 09:08:04"}
{"level":"warn","message":"Price feed has stale data:","staleCount":4,"timestamp":"2026-03-29 09:08:04","total":4}
{"level":"warn","message":"DWX market data file not found — waiting for MT5 to create it...","timestamp":"2026-03-29 09:08:05"}
{"level":"warn","message":"Price feed has stale data:","staleCount":4,"timestamp":"2026-03-29 09:08:05","total":4}
{"level":"warn","message":"DWX market data file not found — waiting for MT5 to create it...","timestamp":"2026-03-29 09:08:06"}
{"level":"warn","message":"Price feed has stale data:","staleCount":4,"timestamp":"2026-03-29 09:08:06","total":4}
{"level":"warn","message":"DWX market data file not found — waiting for MT5 to create it...","timestamp":"2026-03-29 09:08:07"}
{"level":"warn","message":"Price feed has stale data:","staleCount":4,"timestamp":"2026-03-29 09:08:07","total":4}
{"level":"warn","message":"DWX market data file not found — waiting for MT5 to create it...","timestamp":"2026-03-29 09:08:08"}
{"level":"warn","message":"Price feed has stale data:","staleCount":4,"timestamp":"2026-03-29 09:08:08","total":4}
{"level":"warn","message":"DWX file not found — will retry watcher in 5s...","timestamp":"2026-03-29 09:08:08"}
{"level":"warn","message":"DWX market data file not found — waiting for MT5 to create it...","timestamp":"2026-03-29 09:08:09"}
{"level":"warn","message":"Price feed has stale data:","staleCount":4,"timestamp":"2026-03-29 09:08:09","total":4}
{"level":"warn","message":"DWX market data file not found — waiting for MT5 to create it...","timestamp":"2026-03-29 09:08:10"}
{"level":"warn","message":"Price feed has stale data:","staleCount":4,"timestamp":"2026-03-29 09:08:10","total":4}
{"level":"warn","message":"DWX market data file not found — waiting for MT5 to create it...","timestamp":"2026-03-29 09:08:11"}
{"level":"warn","message":"Price feed has stale data:","staleCount":4,"timestamp":"2026-03-29 09:08:11","total":4}
{"level":"warn","message":"DWX market data file not found — waiting for MT5 to create it...","timestamp":"2026-03-29 09:08:12"}
{"level":"warn","message":"Price feed has stale data:","staleCount":4,"timestamp":"2026-03-29 09:08:12","total":4}
{"level":"warn","message":"DWX market data file not found — waiting for MT5 to create it...","timestamp":"2026-03-29 09:08:13"}
{"level":"warn","message":"Price feed has stale data:","staleCount":4,"timestamp":"2026-03-29 09:08:13","total":4}
{"level":"warn","message":"DWX file not found — will retry watcher in 5s...","timestamp":"2026-03-29 09:08:13"}
{"level":"warn","message":"DWX market data file not found — waiting for MT5 to create it...","timestamp":"2026-03-29 09:08:14"}
{"level":"warn","message":"Price feed has stale data:","staleCount":4,"timestamp":"2026-03-29 09:08:14","total":4}
{"level":"warn","message":"DWX market data file not found — waiting for MT5 to create it...","timestamp":"2026-03-29 09:08:15"}
{"level":"warn","message":"Price feed has stale data:","staleCount":4,"timestamp":"2026-03-29 09:08:15","total":4}
{"level":"warn","message":"DWX market data file not found — waiting for MT5 to create it...","timestamp":"2026-03-29 09:08:16"}
{"level":"warn","message":"Price feed has stale data:","staleCount":4,"timestamp":"2026-03-29 09:08:16","total":4}
{"level":"warn","message":"DWX market data file not found — waiting for MT5 to create it...","timestamp":"2026-03-29 09:08:17"}
{"level":"warn","message":"Price feed has stale data:","staleCount":4,"timestamp":"2026-03-29 09:08:17","total":4}
{"level":"warn","message":"DWX market data file not found — waiting for MT5 to create it...","timestamp":"2026-03-29 09:08:18"}
{"level":"warn","message":"Price feed has stale data:","staleCount":4,"timestamp":"2026-03-29 09:08:18","total":4}
{"level":"warn","message":"DWX file not found — will retry watcher in 5s...","timestamp":"2026-03-29 09:08:18"}
{"level":"warn","message":"DWX market data file not found — waiting for MT5 to create it...","timestamp":"2026-03-29 09:08:19"}
{"level":"warn","message":"Price feed has stale data:","staleCount":4,"timestamp":"2026-03-29 09:08:19","total":4}
{"level":"warn","message":"DWX market data file not found — waiting for MT5 to create it...","timestamp":"2026-03-29 09:08:20"}
{"level":"warn","message":"Price feed has stale data:","staleCount":4,"timestamp":"2026-03-29 09:08:20","total":4}
{"level":"warn","message":"DWX market data file not found — waiting for MT5 to create it...","timestamp":"2026-03-29 09:08:21"}
{"level":"warn","message":"Price feed has stale data:","staleCount":4,"timestamp":"2026-03-29 09:08:21","total":4}
{"level":"warn","message":"DWX market data file not found — waiting for MT5 to create it...","timestamp":"2026-03-29 09:08:22"}
{"level":"warn","message":"Price feed has stale data:","staleCount":4,"timestamp":"2026-03-29 09:08:22","total":4}
{"level":"warn","message":"DWX market data file not found — waiting for MT5 to create it...","timestamp":"2026-03-29 09:08:23"}
{"level":"warn","message":"Price feed has stale data:","staleCount":4,"timestamp":"2026-03-29 09:08:23","total":4}
{"level":"warn","message":"DWX file not found — will retry watcher in 5s...","timestamp":"2026-03-29 09:08:23"}
{"level":"warn","message":"DWX market data file not found — waiting for MT5 to create it...","timestamp":"2026-03-29 09:08:24"}
{"level":"warn","message":"Price feed has stale data:","staleCount":4,"timestamp":"2026-03-29 09:08:24","total":4}
{"level":"warn","message":"DWX market data file not found — waiting for MT5 to create it...","timestamp":"2026-03-29 09:08:25"}
{"level":"warn","message":"Price feed has stale data:","staleCount":4,"timestamp":"2026-03-29 09:08:25","total":4}
{"level":"warn","message":"DWX market data file not found — waiting for MT5 to create it...","timestamp":"2026-03-29 09:08:26"}
{"level":"warn","message":"Price feed has stale data:","staleCount":4,"timestamp":"2026-03-29 09:08:26","total":4}
{"level":"warn","message":"DWX market data file not found — waiting for MT5 to create it...","timestamp":"2026-03-29 09:08:27"}
{"level":"warn","message":"Price feed has stale data:","staleCount":4,"timestamp":"2026-03-29 09:08:27","total":4}
{"level":"warn","message":"DWX market data file not found — waiting for MT5 to create it...","timestamp":"2026-03-29 09:08:28"}
{"level":"warn","message":"Price feed has stale data:","staleCount":4,"timestamp":"2026-03-29 09:08:28","total":4}
{"level":"warn","message":"DWX file not found — will retry watcher in 5s...","timestamp":"2026-03-29 09:08:28"}
{"level":"warn","message":"DWX market data file not found — waiting for MT5 to create it...","timestamp":"2026-03-29 09:08:29"}
{"level":"warn","message":"Price feed has stale data:","staleCount":4,"timestamp":"2026-03-29 09:08:29","total":4}
{"level":"warn","message":"DWX market data file not found — waiting for MT5 to create it...","timestamp":"2026-03-29 09:08:30"}
{"level":"warn","message":"Price feed has stale data:","staleCount":4,"timestamp":"2026-03-29 09:08:30","total":4}
{"level":"warn","message":"DWX market data file not found — waiting for MT5 to create it...","timestamp":"2026-03-29 09:08:31"}
{"level":"warn","message":"Price feed has stale data:","staleCount":4,"timestamp":"2026-03-29 09:08:31","total":4}
{"level":"warn","message":"DWX market data file not found — waiting for MT5 to create it...","timestamp":"2026-03-29 09:08:32"}
{"level":"warn","message":"Price feed has stale data:","staleCount":4,"timestamp":"2026-03-29 09:08:32","total":4}
{"level":"warn","message":"DWX market data file not found — waiting for MT5 to create it...","timestamp":"2026-03-29 09:08:33"}
{"level":"warn","message":"Price feed has stale data:","staleCount":4,"timestamp":"2026-03-29 09:08:33","total":4}
{"level":"warn","message":"DWX file not found — will retry watcher in 5s...","timestamp":"2026-03-29 09:08:33"}
{"level":"warn","message":"DWX market data file not found — waiting for MT5 to create it...","timestamp":"2026-03-29 09:08:34"}
{"level":"warn","message":"Price feed has stale data:","staleCount":4,"timestamp":"2026-03-29 09:08:34","total":4}
{"level":"warn","message":"DWX market data file not found — waiting for MT5 to create it...","timestamp":"2026-03-29 09:08:35"}
{"level":"warn","message":"Price feed has stale data:","staleCount":4,"timestamp":"2026-03-29 09:08:35","total":4}
{"level":"warn","message":"DWX market data file not found — waiting for MT5 to create it...","timestamp":"2026-03-29 09:08:36"}
{"level":"warn","message":"Price feed has stale data:","staleCount":4,"timestamp":"2026-03-29 09:08:36","total":4}
{"level":"warn","message":"DWX market data file not found — waiting for MT5 to create it...","timestamp":"2026-03-29 09:08:37"}
{"level":"warn","message":"Price feed has stale data:","staleCount":4,"timestamp":"2026-03-29 09:08:37","total":4}
{"level":"warn","message":"DWX market data file not found — waiting for MT5 to create it...","timestamp":"2026-03-29 09:08:38"}
{"level":"warn","message":"Price feed has stale data:","staleCount":4,"timestamp":"2026-03-29 09:08:38","total":4}
{"level":"warn","message":"DWX file not found — will retry watcher in 5s...","timestamp":"2026-03-29 09:08:38"}
{"level":"warn","message":"DWX market data file not found — waiting for MT5 to create it...","timestamp":"2026-03-29 09:08:39"}
{"level":"warn","message":"Price feed has stale data:","staleCount":4,"timestamp":"2026-03-29 09:08:39","total":4}
{"level":"warn","message":"DWX market data file not found — waiting for MT5 to create it...","timestamp":"2026-03-29 09:08:40"}
{"level":"warn","message":"Price feed has stale data:","staleCount":4,"timestamp":"2026-03-29 09:08:40","total":4}
{"level":"warn","message":"DWX market data file not found — waiting for MT5 to create it...","timestamp":"2026-03-29 09:08:41"}
{"level":"warn","message":"Price feed has stale data:","staleCount":4,"timestamp":"2026-03-29 09:08:41","total":4}
{"level":"warn","message":"DWX market data file not found — waiting for MT5 to create it...","timestamp":"2026-03-29 09:08:42"}
{"level":"warn","message":"Price feed has stale data:","staleCount":4,"timestamp":"2026-03-29 09:08:42","total":4}
{"level":"warn","message":"DWX market data file not found — waiting for MT5 to create it...","timestamp":"2026-03-29 09:08:43"}
{"level":"warn","message":"Price feed has stale data:","staleCount":4,"timestamp":"2026-03-29 09:08:43","total":4}
{"level":"warn","message":"DWX file not found — will retry watcher in 5s...","timestamp":"2026-03-29 09:08:43"}
{"level":"warn","message":"DWX market data file not found — waiting for MT5 to create it...","timestamp":"2026-03-29 09:08:44"}
{"level":"warn","message":"Price feed has stale data:","staleCount":4,"timestamp":"2026-03-29 09:08:44","total":4}
{"level":"warn","message":"DWX market data file not found — waiting for MT5 to create it...","timestamp":"2026-03-29 09:08:45"}
{"level":"warn","message":"Price feed has stale data:","staleCount":4,"timestamp":"2026-03-29 09:08:45","total":4}
{"level":"warn","message":"DWX market data file not found — waiting for MT5 to create it...","timestamp":"2026-03-29 09:08:46"}
{"level":"warn","message":"Price feed has stale data:","staleCount":4,"timestamp":"2026-03-29 09:08:46","total":4}
{"level":"warn","message":"DWX market data file not found — waiting for MT5 to create it...","timestamp":"2026-03-29 09:08:47"}
{"level":"warn","message":"Price feed has stale data:","staleCount":4,"timestamp":"2026-03-29 09:08:47","total":4}
{"level":"warn","message":"DWX file not found — will retry watcher in 5s...","timestamp":"2026-03-29 09:08:48"}
{"level":"warn","message":"DWX market data file not found — waiting for MT5 to create it...","timestamp":"2026-03-29 09:08:48"}
{"level":"warn","message":"Price feed has stale data:","staleCount":4,"timestamp":"2026-03-29 09:08:48","total":4}
{"level":"warn","message":"DWX market data file not found — waiting for MT5 to create it...","timestamp":"2026-03-29 09:08:49"}
{"level":"warn","message":"Price feed has stale data:","staleCount":4,"timestamp":"2026-03-29 09:08:49","total":4}
{"level":"warn","message":"DWX market data file not found — waiting for MT5 to create it...","timestamp":"2026-03-29 09:08:50"}
{"level":"warn","message":"Price feed has stale data:","staleCount":4,"timestamp":"2026-03-29 09:08:50","total":4}
{"level":"warn","message":"DWX market data file not found — waiting for MT5 to create it...","timestamp":"2026-03-29 09:08:51"}
{"level":"warn","message":"Price feed has stale data:","staleCount":4,"timestamp":"2026-03-29 09:08:51","total":4}
{"level":"warn","message":"DWX market data file not found — waiting for MT5 to create it...","timestamp":"2026-03-29 09:08:52"}
{"level":"warn","message":"Price feed has stale data:","staleCount":4,"timestamp":"2026-03-29 09:08:52","total":4}
{"level":"warn","message":"DWX file not found — will retry watcher in 5s...","timestamp":"2026-03-29 09:08:53"}
{"level":"warn","message":"DWX market data file not found — waiting for MT5 to create it...","timestamp":"2026-03-29 09:08:53"}
{"level":"warn","message":"Price feed has stale data:","staleCount":4,"timestamp":"2026-03-29 09:08:53","total":4}
{"level":"warn","message":"DWX market data file not found — waiting for MT5 to create it...","timestamp":"2026-03-29 09:08:54"}
{"level":"warn","message":"Price feed has stale data:","staleCount":4,"timestamp":"2026-03-29 09:08:54","total":4}
{"level":"warn","message":"DWX market data file not found — waiting for MT5 to create it...","timestamp":"2026-03-29 09:08:55"}
{"level":"warn","message":"Price feed has stale data:","staleCount":4,"timestamp":"2026-03-29 09:08:55","total":4}
{"level":"warn","message":"DWX market data file not found — waiting for MT5 to create it...","timestamp":"2026-03-29 09:08:56"}
{"level":"warn","message":"Price feed has stale data:","staleCount":4,"timestamp":"2026-03-29 09:08:56","total":4}
{"level":"warn","message":"DWX market data file not found — waiting for MT5 to create it...","timestamp":"2026-03-29 09:08:57"}
{"level":"warn","message":"Price feed has stale data:","staleCount":4,"timestamp":"2026-03-29 09:08:57","total":4}
{"level":"warn","message":"DWX file not found — will retry watcher in 5s...","timestamp":"2026-03-29 09:08:58"}
{"level":"warn","message":"DWX market data file not found — waiting for MT5 to create it...","timestamp":"2026-03-29 09:08:58"}
{"level":"warn","message":"Price feed has stale data:","staleCount":4,"timestamp":"2026-03-29 09:08:58","total":4}
{"level":"warn","message":"DWX market data file not found — waiting for MT5 to create it...","timestamp":"2026-03-29 09:08:59"}
{"level":"warn","message":"Price feed has stale data:","staleCount":4,"timestamp":"2026-03-29 09:08:59","total":4}
{"level":"warn","message":"DWX market data file not found — waiting for MT5 to create it...","timestamp":"2026-03-29 09:09:00"}
{"level":"warn","message":"Price feed has stale data:","staleCount":4,"timestamp":"2026-03-29 09:09:00","total":4}
{"level":"warn","message":"DWX market data file not found — waiting for MT5 to create it...","timestamp":"2026-03-29 09:09:01"}
{"level":"warn","message":"Price feed has stale data:","staleCount":4,"timestamp":"2026-03-29 09:09:01","total":4}
{"level":"warn","message":"DWX market data file not found — waiting for MT5 to create it...","timestamp":"2026-03-29 09:09:02"}
{"level":"warn","message":"Price feed has stale data:","staleCount":4,"timestamp":"2026-03-29 09:09:02","total":4}
{"level":"warn","message":"DWX file not found — will retry watcher in 5s...","timestamp":"2026-03-29 09:09:03"}
{"level":"warn","message":"DWX market data file not found — waiting for MT5 to create it...","timestamp":"2026-03-29 09:09:03"}
{"level":"warn","message":"Price feed has stale data:","staleCount":4,"timestamp":"2026-03-29 09:09:03","total":4}
{"level":"warn","message":"DWX market data file not found — waiting for MT5 to create it...","timestamp":"2026-03-29 09:09:04"}
{"level":"warn","message":"Price feed has stale data:","staleCount":4,"timestamp":"2026-03-29 09:09:04","total":4}
{"level":"warn","message":"DWX market data file not found — waiting for MT5 to create it...","timestamp":"2026-03-29 09:09:05"}
{"level":"warn","message":"Price feed has stale data:","staleCount":4,"timestamp":"2026-03-29 09:09:05","total":4}
{"level":"warn","message":"DWX market data file not found — waiting for MT5 to create it...","timestamp":"2026-03-29 09:09:06"}
{"level":"warn","message":"Price feed has stale data:","staleCount":4,"timestamp":"2026-03-29 09:09:06","total":4}
{"level":"warn","message":"DWX market data file not found — waiting for MT5 to create it...","timestamp":"2026-03-29 09:09:07"}
{"level":"warn","message":"Price feed has stale data:","staleCount":4,"timestamp":"2026-03-29 09:09:07","total":4}
{"level":"warn","message":"DWX file not found — will retry watcher in 5s...","timestamp":"2026-03-29 09:09:08"}
{"level":"warn","message":"DWX market data file not found — waiting for MT5 to create it...","timestamp":"2026-03-29 09:09:08"}
{"level":"warn","message":"Price feed has stale data:","staleCount":4,"timestamp":"2026-03-29 09:09:08","total":4}
{"level":"warn","message":"DWX market data file not found — waiting for MT5 to create it...","timestamp":"2026-03-29 09:09:09"}
{"level":"warn","message":"Price feed has stale data:","staleCount":4,"timestamp":"2026-03-29 09:09:09","total":4}
{"level":"warn","message":"DWX market data file not found — waiting for MT5 to create it...","timestamp":"2026-03-29 09:09:10"}
{"level":"warn","message":"Price feed has stale data:","staleCount":4,"timestamp":"2026-03-29 09:09:10","total":4}
{"level":"warn","message":"DWX market data file not found — waiting for MT5 to create it...","timestamp":"2026-03-29 09:09:11"}
{"level":"warn","message":"Price feed has stale data:","staleCount":4,"timestamp":"2026-03-29 09:09:11","total":4}
{"level":"warn","message":"DWX market data file not found — waiting for MT5 to create it...","timestamp":"2026-03-29 09:09:12"}
{"level":"warn","message":"Price feed has stale data:","staleCount":4,"timestamp":"2026-03-29 09:09:12","total":4}
{"level":"warn","message":"DWX file not found — will retry watcher in 5s...","timestamp":"2026-03-29 09:09:13"}
{"level":"warn","message":"DWX market data file not found — waiting for MT5 to create it...","timestamp":"2026-03-29 09:09:13"}
{"level":"warn","message":"Price feed has stale data:","staleCount":4,"timestamp":"2026-03-29 09:09:13","total":4}
{"level":"warn","message":"DWX market data file not found — waiting for MT5 to create it...","timestamp":"2026-03-29 09:09:14"}
{"level":"warn","message":"Price feed has stale data:","staleCount":4,"timestamp":"2026-03-29 09:09:14","total":4}
{"level":"warn","message":"DWX market data file not found — waiting for MT5 to create it...","timestamp":"2026-03-29 09:09:15"}
{"level":"warn","message":"Price feed has stale data:","staleCount":4,"timestamp":"2026-03-29 09:09:15","total":4}
{"level":"warn","message":"DWX market data file not found — waiting for MT5 to create it...","timestamp":"2026-03-29 09:09:16"}
{"level":"warn","message":"Price feed has stale data:","staleCount":4,"timestamp":"2026-03-29 09:09:16","total":4}
{"level":"warn","message":"DWX market data file not found — waiting for MT5 to create it...","timestamp":"2026-03-29 09:09:17"}
{"level":"warn","message":"Price feed has stale data:","staleCount":4,"timestamp":"2026-03-29 09:09:17","total":4}
{"level":"warn","message":"DWX file not found — will retry watcher in 5s...","timestamp":"2026-03-29 09:09:18"}
{"level":"warn","message":"DWX market data file not found — waiting for MT5 to create it...","timestamp":"2026-03-29 09:09:18"}
{"level":"warn","message":"Price feed has stale data:","staleCount":4,"timestamp":"2026-03-29 09:09:18","total":4}
{"level":"warn","message":"DWX market data file not found — waiting for MT5 to create it...","timestamp":"2026-03-29 09:09:20"}
{"level":"warn","message":"Price feed has stale data:","staleCount":4,"timestamp":"2026-03-29 09:09:20","total":4}
{"level":"warn","message":"DWX market data file not found — waiting for MT5 to create it...","timestamp":"2026-03-29 09:09:21"}
{"level":"warn","message":"Price feed has stale data:","staleCount":4,"timestamp":"2026-03-29 09:09:21","total":4}
{"level":"warn","message":"DWX market data file not found — waiting for MT5 to create it...","timestamp":"2026-03-29 09:09:22"}
{"level":"warn","message":"Price feed has stale data:","staleCount":4,"timestamp":"2026-03-29 09:09:22","total":4}
{"level":"warn","message":"DWX market data file not found — waiting for MT5 to create it...","timestamp":"2026-03-29 09:09:23"}
{"level":"warn","message":"Price feed has stale data:","staleCount":4,"timestamp":"2026-03-29 09:09:23","total":4}
{"level":"warn","message":"DWX file not found — will retry watcher in 5s...","timestamp":"2026-03-29 09:09:23"}
{"level":"warn","message":"DWX market data file not found — waiting for MT5 to create it...","timestamp":"2026-03-29 09:09:24"}
{"level":"warn","message":"Price feed has stale data:","staleCount":4,"timestamp":"2026-03-29 09:09:24","total":4}
{"level":"warn","message":"DWX market data file not found — waiting for MT5 to create it...","timestamp":"2026-03-29 09:09:25"}
{"level":"warn","message":"Price feed has stale data:","staleCount":4,"timestamp":"2026-03-29 09:09:25","total":4}
{"level":"warn","message":"DWX market data file not found — waiting for MT5 to create it...","timestamp":"2026-03-29 09:09:26"}
{"level":"warn","message":"Price feed has stale data:","staleCount":4,"timestamp":"2026-03-29 09:09:26","total":4}
{"level":"warn","message":"DWX market data file not found — waiting for MT5 to create it...","timestamp":"2026-03-29 09:09:27"}
{"level":"warn","message":"Price feed has stale data:","staleCount":4,"timestamp":"2026-03-29 09:09:27","total":4}
{"level":"warn","message":"DWX market data file not found — waiting for MT5 to create it...","timestamp":"2026-03-29 09:09:28"}
{"level":"warn","message":"Price feed has stale data:","staleCount":4,"timestamp":"2026-03-29 09:09:28","total":4}
{"level":"warn","message":"DWX file not found — will retry watcher in 5s...","timestamp":"2026-03-29 09:09:28"}
{"level":"warn","message":"DWX market data file not found — waiting for MT5 to create it...","timestamp":"2026-03-29 09:09:29"}
{"level":"warn","message":"Price feed has stale data:","staleCount":4,"timestamp":"2026-03-29 09:09:29","total":4}
{"level":"warn","message":"DWX market data file not found — waiting for MT5 to create it...","timestamp":"2026-03-29 09:09:30"}
{"level":"warn","message":"Price feed has stale data:","staleCount":4,"timestamp":"2026-03-29 09:09:30","total":4}
{"level":"warn","message":"DWX market data file not found — waiting for MT5 to create it...","timestamp":"2026-03-29 09:09:31"}
{"level":"warn","message":"Price feed has stale data:","staleCount":4,"timestamp":"2026-03-29 09:09:31","total":4}
{"level":"warn","message":"DWX market data file not found — waiting for MT5 to create it...","timestamp":"2026-03-29 09:09:32"}
{"level":"warn","message":"Price feed has stale data:","staleCount":4,"timestamp":"2026-03-29 09:09:32","total":4}
{"level":"warn","message":"DWX market data file not found — waiting for MT5 to create it...","timestamp":"2026-03-29 09:09:33"}
{"level":"warn","message":"Price feed has stale data:","staleCount":4,"timestamp":"2026-03-29 09:09:33","total":4}
{"level":"warn","message":"DWX file not found — will retry watcher in 5s...","timestamp":"2026-03-29 09:09:33"}
{"level":"warn","message":"DWX market data file not found — waiting for MT5 to create it...","timestamp":"2026-03-29 09:09:34"}
{"level":"warn","message":"Price feed has stale data:","staleCount":4,"timestamp":"2026-03-29 09:09:34","total":4}
{"level":"warn","message":"DWX market data file not found — waiting for MT5 to create it...","timestamp":"2026-03-29 09:09:35"}
{"level":"warn","message":"Price feed has stale data:","staleCount":4,"timestamp":"2026-03-29 09:09:35","total":4}
{"level":"warn","message":"DWX market data file not found — waiting for MT5 to create it...","timestamp":"2026-03-29 09:09:36"}
{"level":"warn","message":"Price feed has stale data:","staleCount":4,"timestamp":"2026-03-29 09:09:36","total":4}
{"level":"warn","message":"DWX market data file not found — waiting for MT5 to create it...","timestamp":"2026-03-29 09:09:37"}
{"level":"warn","message":"Price feed has stale data:","staleCount":4,"timestamp":"2026-03-29 09:09:37","total":4}
{"level":"warn","message":"DWX market data file not found — waiting for MT5 to create it...","timestamp":"2026-03-29 09:09:38"}
{"level":"warn","message":"Price feed has stale data:","staleCount":4,"timestamp":"2026-03-29 09:09:38","total":4}
{"level":"warn","message":"DWX file not found — will retry watcher in 5s...","timestamp":"2026-03-29 09:09:38"}
{"level":"warn","message":"DWX market data file not found — waiting for MT5 to create it...","timestamp":"2026-03-29 09:09:39"}
{"level":"warn","message":"Price feed has stale data:","staleCount":4,"timestamp":"2026-03-29 09:09:39","total":4}
{"level":"warn","message":"DWX market data file not found — waiting for MT5 to create it...","timestamp":"2026-03-29 09:09:40"}
{"level":"warn","message":"Price feed has stale data:","staleCount":4,"timestamp":"2026-03-29 09:09:40","total":4}
{"level":"warn","message":"DWX market data file not found — waiting for MT5 to create it...","timestamp":"2026-03-29 09:09:41"}
{"level":"warn","message":"Price feed has stale data:","staleCount":4,"timestamp":"2026-03-29 09:09:41","total":4}
{"level":"warn","message":"DWX market data file not found — waiting for MT5 to create it...","timestamp":"2026-03-29 09:09:42"}
{"level":"warn","message":"Price feed has stale data:","staleCount":4,"timestamp":"2026-03-29 09:09:42","total":4}
{"level":"warn","message":"DWX market data file not found — waiting for MT5 to create it...","timestamp":"2026-03-29 09:09:43"}
{"level":"warn","message":"Price feed has stale data:","staleCount":4,"timestamp":"2026-03-29 09:09:43","total":4}
{"level":"warn","message":"DWX file not found — will retry watcher in 5s...","timestamp":"2026-03-29 09:09:43"}
{"level":"warn","message":"DWX market data file not found — waiting for MT5 to create it...","timestamp":"2026-03-29 09:09:44"}
{"level":"warn","message":"Price feed has stale data:","staleCount":4,"timestamp":"2026-03-29 09:09:44","total":4}
{"level":"warn","message":"DWX market data file not found — waiting for MT5 to create it...","timestamp":"2026-03-29 09:09:45"}
{"level":"warn","message":"Price feed has stale data:","staleCount":4,"timestamp":"2026-03-29 09:09:45","total":4}
{"level":"warn","message":"DWX market data file not found — waiting for MT5 to create it...","timestamp":"2026-03-29 09:09:46"}
{"level":"warn","message":"Price feed has stale data:","staleCount":4,"timestamp":"2026-03-29 09:09:46","total":4}
{"level":"warn","message":"DWX market data file not found — waiting for MT5 to create it...","timestamp":"2026-03-29 09:09:47"}
{"level":"warn","message":"Price feed has stale data:","staleCount":4,"timestamp":"2026-03-29 09:09:47","total":4}
{"level":"warn","message":"DWX market data file not found — waiting for MT5 to create it...","timestamp":"2026-03-29 09:09:48"}
{"level":"warn","message":"Price feed has stale data:","staleCount":4,"timestamp":"2026-03-29 09:09:48","total":4}
{"level":"warn","message":"DWX file not found — will retry watcher in 5s...","timestamp":"2026-03-29 09:09:48"}
{"level":"warn","message":"DWX market data file not found — waiting for MT5 to create it...","timestamp":"2026-03-29 09:09:49"}
{"level":"warn","message":"Price feed has stale data:","staleCount":4,"timestamp":"2026-03-29 09:09:49","total":4}
{"level":"warn","message":"DWX market data file not found — waiting for MT5 to create it...","timestamp":"2026-03-29 09:09:50"}
{"level":"warn","message":"Price feed has stale data:","staleCount":4,"timestamp":"2026-03-29 09:09:50","total":4}
{"level":"warn","message":"DWX market data file not found — waiting for MT5 to create it...","timestamp":"2026-03-29 09:09:51"}
{"level":"warn","message":"Price feed has stale data:","staleCount":4,"timestamp":"2026-03-29 09:09:51","total":4}
{"level":"warn","message":"DWX market data file not found — waiting for MT5 to create it...","timestamp":"2026-03-29 09:09:52"}
{"level":"warn","message":"Price feed has stale data:","staleCount":4,"timestamp":"2026-03-29 09:09:52","total":4}
{"level":"warn","message":"DWX market data file not found — waiting for MT5 to create it...","timestamp":"2026-03-29 09:09:53"}
{"level":"warn","message":"Price feed has stale data:","staleCount":4,"timestamp":"2026-03-29 09:09:53","total":4}
{"level":"warn","message":"DWX file not found — will retry watcher in 5s...","timestamp":"2026-03-29 09:09:53"}
{"level":"warn","message":"DWX market data file not found — waiting for MT5 to create it...","timestamp":"2026-03-29 09:09:54"}
{"level":"warn","message":"Price feed has stale data:","staleCount":4,"timestamp":"2026-03-29 09:09:54","total":4}
{"level":"warn","message":"DWX market data file not found — waiting for MT5 to create it...","timestamp":"2026-03-29 09:09:55"}
{"level":"warn","message":"Price feed has stale data:","staleCount":4,"timestamp":"2026-03-29 09:09:55","total":4}
{"level":"warn","message":"DWX market data file not found — waiting for MT5 to create it...","timestamp":"2026-03-29 09:09:56"}
{"level":"warn","message":"Price feed has stale data:","staleCount":4,"timestamp":"2026-03-29 09:09:56","total":4}
{"level":"warn","message":"DWX market data file not found — waiting for MT5 to create it...","timestamp":"2026-03-29 09:09:57"}
{"level":"warn","message":"Price feed has stale data:","staleCount":4,"timestamp":"2026-03-29 09:09:57","total":4}
{"level":"warn","message":"DWX market data file not found — waiting for MT5 to create it...","timestamp":"2026-03-29 09:09:58"}
{"level":"warn","message":"Price feed has stale data:","staleCount":4,"timestamp":"2026-03-29 09:09:58","total":4}
{"level":"warn","message":"DWX file not found — will retry watcher in 5s...","timestamp":"2026-03-29 09:09:58"}
{"level":"warn","message":"DWX market data file not found — waiting for MT5 to create it...","timestamp":"2026-03-29 09:09:59"}
{"level":"warn","message":"Price feed has stale data:","staleCount":4,"timestamp":"2026-03-29 09:09:59","total":4}
{"level":"warn","message":"DWX market data file not found — waiting for MT5 to create it...","timestamp":"2026-03-29 09:10:00"}
{"level":"warn","message":"Price feed has stale data:","staleCount":4,"timestamp":"2026-03-29 09:10:00","total":4}
{"level":"warn","message":"DWX market data file not found — waiting for MT5 to create it...","timestamp":"2026-03-29 09:10:01"}
{"level":"warn","message":"Price feed has stale data:","staleCount":4,"timestamp":"2026-03-29 09:10:01","total":4}
{"level":"warn","message":"DWX market data file not found — waiting for MT5 to create it...","timestamp":"2026-03-29 09:10:02"}
{"level":"warn","message":"Price feed has stale data:","staleCount":4,"timestamp":"2026-03-29 09:10:02","total":4}
{"level":"warn","message":"DWX market data file not found — waiting for MT5 to create it...","timestamp":"2026-03-29 09:10:03"}
{"level":"warn","message":"Price feed has stale data:","staleCount":4,"timestamp":"2026-03-29 09:10:03","total":4}
{"level":"warn","message":"DWX file not found — will retry watcher in 5s...","timestamp":"2026-03-29 09:10:03"}
{"level":"warn","message":"DWX market data file not found — waiting for MT5 to create it...","timestamp":"2026-03-29 09:10:04"}
{"level":"warn","message":"Price feed has stale data:","staleCount":4,"timestamp":"2026-03-29 09:10:04","total":4}
{"level":"warn","message":"DWX market data file not found — waiting for MT5 to create it...","timestamp":"2026-03-29 09:10:05"}
{"level":"warn","message":"Price feed has stale data:","staleCount":4,"timestamp":"2026-03-29 09:10:05","total":4}
{"level":"warn","message":"DWX market data file not found — waiting for MT5 to create it...","timestamp":"2026-03-29 09:10:06"}
{"level":"warn","message":"Price feed has stale data:","staleCount":4,"timestamp":"2026-03-29 09:10:06","total":4}
{"level":"warn","message":"DWX market data file not found — waiting for MT5 to create it...","timestamp":"2026-03-29 09:10:07"}
{"level":"warn","message":"Price feed has stale data:","staleCount":4,"timestamp":"2026-03-29 09:10:07","total":4}
{"level":"warn","message":"DWX market data file not found — waiting for MT5 to create it...","timestamp":"2026-03-29 09:10:08"}
{"level":"warn","message":"Price feed has stale data:","staleCount":4,"timestamp":"2026-03-29 09:10:08","total":4}
{"level":"warn","message":"DWX file not found — will retry watcher in 5s...","timestamp":"2026-03-29 09:10:08"}
{"level":"warn","message":"DWX market data file not found — waiting for MT5 to create it...","timestamp":"2026-03-29 09:10:09"}
{"level":"warn","message":"Price feed has stale data:","staleCount":4,"timestamp":"2026-03-29 09:10:09","total":4}
{"level":"warn","message":"DWX market data file not found — waiting for MT5 to create it...","timestamp":"2026-03-29 09:10:10"}
{"level":"warn","message":"Price feed has stale data:","staleCount":4,"timestamp":"2026-03-29 09:10:10","total":4}
{"level":"warn","message":"DWX market data file not found — waiting for MT5 to create it...","timestamp":"2026-03-29 09:10:11"}
{"level":"warn","message":"Price feed has stale data:","staleCount":4,"timestamp":"2026-03-29 09:10:11","total":4}
{"level":"warn","message":"DWX market data file not found — waiting for MT5 to create it...","timestamp":"2026-03-29 09:10:12"}
{"level":"warn","message":"Price feed has stale data:","staleCount":4,"timestamp":"2026-03-29 09:10:12","total":4}
{"level":"warn","message":"DWX market data file not found — waiting for MT5 to create it...","timestamp":"2026-03-29 09:10:13"}
{"level":"warn","message":"Price feed has stale data:","staleCount":4,"timestamp":"2026-03-29 09:10:13","total":4}
{"level":"warn","message":"DWX file not found — will retry watcher in 5s...","timestamp":"2026-03-29 09:10:13"}
{"level":"warn","message":"DWX market data file not found — waiting for MT5 to create it...","timestamp":"2026-03-29 09:10:14"}
{"level":"warn","message":"Price feed has stale data:","staleCount":4,"timestamp":"2026-03-29 09:10:14","total":4}
{"level":"warn","message":"DWX market data file not found — waiting for MT5 to create it...","timestamp":"2026-03-29 09:10:15"}
{"level":"warn","message":"Price feed has stale data:","staleCount":4,"timestamp":"2026-03-29 09:10:15","total":4}
{"level":"warn","message":"DWX market data file not found — waiting for MT5 to create it...","timestamp":"2026-03-29 09:10:16"}
{"level":"warn","message":"Price feed has stale data:","staleCount":4,"timestamp":"2026-03-29 09:10:16","total":4}
{"level":"warn","message":"DWX market data file not found — waiting for MT5 to create it...","timestamp":"2026-03-29 09:10:17"}
{"level":"warn","message":"Price feed has stale data:","staleCount":4,"timestamp":"2026-03-29 09:10:17","total":4}
{"level":"warn","message":"DWX market data file not found — waiting for MT5 to create it...","timestamp":"2026-03-29 09:10:18"}
{"level":"warn","message":"Price feed has stale data:","staleCount":4,"timestamp":"2026-03-29 09:10:18","total":4}
{"duration_ms":0,"ip":"::1","level":"http","message":"GET /api/admin/announcement","status":404,"timestamp":"2026-03-29 09:10:18","userAgent":"Mozilla/5.0 (Windows NT 10.0; Win64; x64) AppleWebKit/537.36 (KHTML, like Gecko) Chrome/146.0.0.0 Safari/537.36 Edg/146.0.0.0"}
{"level":"warn","message":"DWX file not found — will retry watcher in 5s...","timestamp":"2026-03-29 09:10:18"}
{"level":"warn","message":"DWX market data file not found — waiting for MT5 to create it...","timestamp":"2026-03-29 09:10:19"}
{"level":"warn","message":"Price feed has stale data:","staleCount":4,"timestamp":"2026-03-29 09:10:19","total":4}
{"level":"warn","message":"DWX market data file not found — waiting for MT5 to create it...","timestamp":"2026-03-29 09:10:20"}
{"level":"warn","message":"Price feed has stale data:","staleCount":4,"timestamp":"2026-03-29 09:10:20","total":4}
{"level":"warn","message":"DWX market data file not found — waiting for MT5 to create it...","timestamp":"2026-03-29 09:10:21"}
{"level":"warn","message":"Price feed has stale data:","staleCount":4,"timestamp":"2026-03-29 09:10:21","total":4}
{"level":"warn","message":"DWX market data file not found — waiting for MT5 to create it...","timestamp":"2026-03-29 09:10:22"}
{"level":"warn","message":"Price feed has stale data:","staleCount":4,"timestamp":"2026-03-29 09:10:22","total":4}
{"level":"warn","message":"DWX market data file not found — waiting for MT5 to create it...","timestamp":"2026-03-29 09:10:23"}
{"level":"warn","message":"Price feed has stale data:","staleCount":4,"timestamp":"2026-03-29 09:10:23","total":4}
{"level":"warn","message":"DWX file not found — will retry watcher in 5s...","timestamp":"2026-03-29 09:10:23"}
{"level":"warn","message":"DWX market data file not found — waiting for MT5 to create it...","timestamp":"2026-03-29 09:10:24"}
{"level":"warn","message":"Price feed has stale data:","staleCount":4,"timestamp":"2026-03-29 09:10:24","total":4}
{"level":"warn","message":"DWX market data file not found — waiting for MT5 to create it...","timestamp":"2026-03-29 09:10:25"}
{"level":"warn","message":"Price feed has stale data:","staleCount":4,"timestamp":"2026-03-29 09:10:25","total":4}
{"level":"warn","message":"DWX market data file not found — waiting for MT5 to create it...","timestamp":"2026-03-29 09:10:26"}
{"level":"warn","message":"Price feed has stale data:","staleCount":4,"timestamp":"2026-03-29 09:10:26","total":4}
{"level":"warn","message":"DWX market data file not found — waiting for MT5 to create it...","timestamp":"2026-03-29 09:10:27"}
{"level":"warn","message":"Price feed has stale data:","staleCount":4,"timestamp":"2026-03-29 09:10:27","total":4}
{"level":"warn","message":"DWX market data file not found — waiting for MT5 to create it...","timestamp":"2026-03-29 09:10:28"}
{"level":"warn","message":"Price feed has stale data:","staleCount":4,"timestamp":"2026-03-29 09:10:28","total":4}
{"level":"warn","message":"DWX file not found — will retry watcher in 5s...","timestamp":"2026-03-29 09:10:28"}
{"level":"warn","message":"DWX market data file not found — waiting for MT5 to create it...","timestamp":"2026-03-29 09:10:29"}
{"level":"warn","message":"Price feed has stale data:","staleCount":4,"timestamp":"2026-03-29 09:10:29","total":4}
{"level":"warn","message":"DWX market data file not found — waiting for MT5 to create it...","timestamp":"2026-03-29 09:10:30"}
{"level":"warn","message":"Price feed has stale data:","staleCount":4,"timestamp":"2026-03-29 09:10:30","total":4}
{"level":"warn","message":"DWX market data file not found — waiting for MT5 to create it...","timestamp":"2026-03-29 09:10:31"}
{"level":"warn","message":"Price feed has stale data:","staleCount":4,"timestamp":"2026-03-29 09:10:31","total":4}
{"level":"warn","message":"DWX market data file not found — waiting for MT5 to create it...","timestamp":"2026-03-29 09:10:32"}
{"level":"warn","message":"Price feed has stale data:","staleCount":4,"timestamp":"2026-03-29 09:10:32","total":4}
{"level":"warn","message":"DWX market data file not found — waiting for MT5 to create it...","timestamp":"2026-03-29 09:10:33"}
{"level":"warn","message":"Price feed has stale data:","staleCount":4,"timestamp":"2026-03-29 09:10:33","total":4}
{"level":"warn","message":"DWX file not found — will retry watcher in 5s...","timestamp":"2026-03-29 09:10:33"}
{"level":"warn","message":"DWX market data file not found — waiting for MT5 to create it...","timestamp":"2026-03-29 09:10:34"}
{"level":"warn","message":"Price feed has stale data:","staleCount":4,"timestamp":"2026-03-29 09:10:34","total":4}
{"level":"warn","message":"DWX market data file not found — waiting for MT5 to create it...","timestamp":"2026-03-29 09:10:35"}
{"level":"warn","message":"Price feed has stale data:","staleCount":4,"timestamp":"2026-03-29 09:10:35","total":4}
{"level":"warn","message":"DWX market data file not found — waiting for MT5 to create it...","timestamp":"2026-03-29 09:10:36"}
{"level":"warn","message":"Price feed has stale data:","staleCount":4,"timestamp":"2026-03-29 09:10:36","total":4}
{"level":"warn","message":"DWX market data file not found — waiting for MT5 to create it...","timestamp":"2026-03-29 09:10:37"}
{"level":"warn","message":"Price feed has stale data:","staleCount":4,"timestamp":"2026-03-29 09:10:37","total":4}
{"level":"warn","message":"DWX market data file not found — waiting for MT5 to create it...","timestamp":"2026-03-29 09:10:38"}
{"level":"warn","message":"Price feed has stale data:","staleCount":4,"timestamp":"2026-03-29 09:10:38","total":4}
{"level":"warn","message":"DWX file not found — will retry watcher in 5s...","timestamp":"2026-03-29 09:10:38"}
{"level":"warn","message":"DWX market data file not found — waiting for MT5 to create it...","timestamp":"2026-03-29 09:10:39"}
{"level":"warn","message":"Price feed has stale data:","staleCount":4,"timestamp":"2026-03-29 09:10:39","total":4}
{"level":"warn","message":"DWX market data file not found — waiting for MT5 to create it...","timestamp":"2026-03-29 09:10:40"}
{"level":"warn","message":"Price feed has stale data:","staleCount":4,"timestamp":"2026-03-29 09:10:40","total":4}
{"level":"warn","message":"DWX market data file not found — waiting for MT5 to create it...","timestamp":"2026-03-29 09:10:41"}
{"level":"warn","message":"Price feed has stale data:","staleCount":4,"timestamp":"2026-03-29 09:10:41","total":4}
{"level":"warn","message":"DWX market data file not found — waiting for MT5 to create it...","timestamp":"2026-03-29 09:10:42"}
{"level":"warn","message":"Price feed has stale data:","staleCount":4,"timestamp":"2026-03-29 09:10:42","total":4}
{"level":"warn","message":"DWX market data file not found — waiting for MT5 to create it...","timestamp":"2026-03-29 09:10:43"}
{"level":"warn","message":"Price feed has stale data:","staleCount":4,"timestamp":"2026-03-29 09:10:43","total":4}
{"level":"warn","message":"DWX file not found — will retry watcher in 5s...","timestamp":"2026-03-29 09:10:43"}
{"level":"warn","message":"DWX market data file not found — waiting for MT5 to create it...","timestamp":"2026-03-29 09:10:44"}
{"level":"warn","message":"Price feed has stale data:","staleCount":4,"timestamp":"2026-03-29 09:10:44","total":4}
{"level":"warn","message":"DWX market data file not found — waiting for MT5 to create it...","timestamp":"2026-03-29 09:10:45"}
{"level":"warn","message":"Price feed has stale data:","staleCount":4,"timestamp":"2026-03-29 09:10:45","total":4}
{"level":"warn","message":"DWX market data file not found — waiting for MT5 to create it...","timestamp":"2026-03-29 09:10:46"}
{"level":"warn","message":"Price feed has stale data:","staleCount":4,"timestamp":"2026-03-29 09:10:46","total":4}
{"level":"warn","message":"DWX market data file not found — waiting for MT5 to create it...","timestamp":"2026-03-29 09:10:47"}
{"level":"warn","message":"Price feed has stale data:","staleCount":4,"timestamp":"2026-03-29 09:10:47","total":4}
{"level":"warn","message":"DWX market data file not found — waiting for MT5 to create it...","timestamp":"2026-03-29 09:10:48"}
{"level":"warn","message":"Price feed has stale data:","staleCount":4,"timestamp":"2026-03-29 09:10:48","total":4}
{"level":"warn","message":"DWX file not found — will retry watcher in 5s...","timestamp":"2026-03-29 09:10:48"}
{"level":"warn","message":"DWX market data file not found — waiting for MT5 to create it...","timestamp":"2026-03-29 09:10:49"}
{"level":"warn","message":"Price feed has stale data:","staleCount":4,"timestamp":"2026-03-29 09:10:49","total":4}
{"level":"warn","message":"DWX market data file not found — waiting for MT5 to create it...","timestamp":"2026-03-29 09:10:50"}
{"level":"warn","message":"Price feed has stale data:","staleCount":4,"timestamp":"2026-03-29 09:10:50","total":4}
{"level":"warn","message":"DWX market data file not found — waiting for MT5 to create it...","timestamp":"2026-03-29 09:10:51"}
{"level":"warn","message":"Price feed has stale data:","staleCount":4,"timestamp":"2026-03-29 09:10:51","total":4}
{"level":"warn","message":"DWX market data file not found — waiting for MT5 to create it...","timestamp":"2026-03-29 09:10:52"}
{"level":"warn","message":"Price feed has stale data:","staleCount":4,"timestamp":"2026-03-29 09:10:52","total":4}
{"level":"warn","message":"DWX market data file not found — waiting for MT5 to create it...","timestamp":"2026-03-29 09:10:53"}
{"level":"warn","message":"Price feed has stale data:","staleCount":4,"timestamp":"2026-03-29 09:10:53","total":4}
{"level":"warn","message":"DWX file not found — will retry watcher in 5s...","timestamp":"2026-03-29 09:10:53"}
{"level":"warn","message":"DWX market data file not found — waiting for MT5 to create it...","timestamp":"2026-03-29 09:10:54"}
{"level":"warn","message":"Price feed has stale data:","staleCount":4,"timestamp":"2026-03-29 09:10:54","total":4}
{"level":"warn","message":"DWX market data file not found — waiting for MT5 to create it...","timestamp":"2026-03-29 09:10:55"}
{"level":"warn","message":"Price feed has stale data:","staleCount":4,"timestamp":"2026-03-29 09:10:55","total":4}
{"level":"warn","message":"DWX market data file not found — waiting for MT5 to create it...","timestamp":"2026-03-29 09:10:56"}
{"level":"warn","message":"Price feed has stale data:","staleCount":4,"timestamp":"2026-03-29 09:10:56","total":4}
{"level":"warn","message":"DWX market data file not found — waiting for MT5 to create it...","timestamp":"2026-03-29 09:10:57"}
{"level":"warn","message":"Price feed has stale data:","staleCount":4,"timestamp":"2026-03-29 09:10:57","total":4}
{"level":"warn","message":"DWX market data file not found — waiting for MT5 to create it...","timestamp":"2026-03-29 09:10:58"}
{"level":"warn","message":"Price feed has stale data:","staleCount":4,"timestamp":"2026-03-29 09:10:58","total":4}
{"level":"warn","message":"DWX file not found — will retry watcher in 5s...","timestamp":"2026-03-29 09:10:58"}
{"level":"warn","message":"DWX market data file not found — waiting for MT5 to create it...","timestamp":"2026-03-29 09:10:59"}
{"level":"warn","message":"Price feed has stale data:","staleCount":4,"timestamp":"2026-03-29 09:10:59","total":4}
{"level":"warn","message":"DWX market data file not found — waiting for MT5 to create it...","timestamp":"2026-03-29 09:11:00"}
{"level":"warn","message":"Price feed has stale data:","staleCount":4,"timestamp":"2026-03-29 09:11:00","total":4}
{"level":"warn","message":"DWX market data file not found — waiting for MT5 to create it...","timestamp":"2026-03-29 09:11:01"}
{"level":"warn","message":"Price feed has stale data:","staleCount":4,"timestamp":"2026-03-29 09:11:01","total":4}
{"level":"warn","message":"DWX market data file not found — waiting for MT5 to create it...","timestamp":"2026-03-29 09:11:02"}
{"level":"warn","message":"Price feed has stale data:","staleCount":4,"timestamp":"2026-03-29 09:11:02","total":4}
{"level":"warn","message":"DWX market data file not found — waiting for MT5 to create it...","timestamp":"2026-03-29 09:11:03"}
{"level":"warn","message":"Price feed has stale data:","staleCount":4,"timestamp":"2026-03-29 09:11:03","total":4}
{"level":"warn","message":"DWX file not found — will retry watcher in 5s...","timestamp":"2026-03-29 09:11:03"}
{"level":"warn","message":"DWX market data file not found — waiting for MT5 to create it...","timestamp":"2026-03-29 09:11:04"}
{"level":"warn","message":"Price feed has stale data:","staleCount":4,"timestamp":"2026-03-29 09:11:04","total":4}
{"level":"warn","message":"DWX market data file not found — waiting for MT5 to create it...","timestamp":"2026-03-29 09:11:05"}
{"level":"warn","message":"Price feed has stale data:","staleCount":4,"timestamp":"2026-03-29 09:11:05","total":4}
{"level":"warn","message":"DWX market data file not found — waiting for MT5 to create it...","timestamp":"2026-03-29 09:11:06"}
{"level":"warn","message":"Price feed has stale data:","staleCount":4,"timestamp":"2026-03-29 09:11:06","total":4}
{"level":"warn","message":"DWX market data file not found — waiting for MT5 to create it...","timestamp":"2026-03-29 09:11:07"}
{"level":"warn","message":"Price feed has stale data:","staleCount":4,"timestamp":"2026-03-29 09:11:07","total":4}
{"level":"warn","message":"DWX market data file not found — waiting for MT5 to create it...","timestamp":"2026-03-29 09:11:08"}
{"level":"warn","message":"Price feed has stale data:","staleCount":4,"timestamp":"2026-03-29 09:11:08","total":4}
{"level":"warn","message":"DWX file not found — will retry watcher in 5s...","timestamp":"2026-03-29 09:11:08"}
{"level":"warn","message":"DWX market data file not found — waiting for MT5 to create it...","timestamp":"2026-03-29 09:11:09"}
{"level":"warn","message":"Price feed has stale data:","staleCount":4,"timestamp":"2026-03-29 09:11:09","total":4}
{"level":"warn","message":"DWX market data file not found — waiting for MT5 to create it...","timestamp":"2026-03-29 09:11:10"}
{"level":"warn","message":"Price feed has stale data:","staleCount":4,"timestamp":"2026-03-29 09:11:10","total":4}
{"level":"warn","message":"DWX market data file not found — waiting for MT5 to create it...","timestamp":"2026-03-29 09:11:11"}
{"level":"warn","message":"Price feed has stale data:","staleCount":4,"timestamp":"2026-03-29 09:11:11","total":4}
{"level":"warn","message":"DWX market data file not found — waiting for MT5 to create it...","timestamp":"2026-03-29 09:11:12"}
{"level":"warn","message":"Price feed has stale data:","staleCount":4,"timestamp":"2026-03-29 09:11:12","total":4}
{"level":"warn","message":"DWX market data file not found — waiting for MT5 to create it...","timestamp":"2026-03-29 09:11:13"}
{"level":"warn","message":"Price feed has stale data:","staleCount":4,"timestamp":"2026-03-29 09:11:13","total":4}
{"level":"warn","message":"DWX file not found — will retry watcher in 5s...","timestamp":"2026-03-29 09:11:13"}
{"level":"warn","message":"DWX market data file not found — waiting for MT5 to create it...","timestamp":"2026-03-29 09:11:14"}
{"level":"warn","message":"Price feed has stale data:","staleCount":4,"timestamp":"2026-03-29 09:11:14","total":4}
{"level":"warn","message":"DWX market data file not found — waiting for MT5 to create it...","timestamp":"2026-03-29 09:11:15"}
{"level":"warn","message":"Price feed has stale data:","staleCount":4,"timestamp":"2026-03-29 09:11:15","total":4}
{"level":"warn","message":"DWX market data file not found — waiting for MT5 to create it...","timestamp":"2026-03-29 09:11:16"}
{"level":"warn","message":"Price feed has stale data:","staleCount":4,"timestamp":"2026-03-29 09:11:16","total":4}
{"level":"warn","message":"DWX market data file not found — waiting for MT5 to create it...","timestamp":"2026-03-29 09:11:17"}
{"level":"warn","message":"Price feed has stale data:","staleCount":4,"timestamp":"2026-03-29 09:11:17","total":4}
{"level":"warn","message":"DWX market data file not found — waiting for MT5 to create it...","timestamp":"2026-03-29 09:11:18"}
{"level":"warn","message":"Price feed has stale data:","staleCount":4,"timestamp":"2026-03-29 09:11:18","total":4}
{"level":"warn","message":"DWX file not found — will retry watcher in 5s...","timestamp":"2026-03-29 09:11:18"}
{"level":"warn","message":"DWX market data file not found — waiting for MT5 to create it...","timestamp":"2026-03-29 09:11:19"}
{"level":"warn","message":"Price feed has stale data:","staleCount":4,"timestamp":"2026-03-29 09:11:19","total":4}
{"level":"warn","message":"DWX market data file not found — waiting for MT5 to create it...","timestamp":"2026-03-29 09:11:20"}
{"level":"warn","message":"Price feed has stale data:","staleCount":4,"timestamp":"2026-03-29 09:11:20","total":4}
{"level":"warn","message":"DWX market data file not found — waiting for MT5 to create it...","timestamp":"2026-03-29 09:11:21"}
{"level":"warn","message":"Price feed has stale data:","staleCount":4,"timestamp":"2026-03-29 09:11:21","total":4}
{"level":"warn","message":"DWX market data file not found — waiting for MT5 to create it...","timestamp":"2026-03-29 09:11:22"}
{"level":"warn","message":"Price feed has stale data:","staleCount":4,"timestamp":"2026-03-29 09:11:22","total":4}
{"level":"warn","message":"DWX market data file not found — waiting for MT5 to create it...","timestamp":"2026-03-29 09:11:23"}
{"level":"warn","message":"Price feed has stale data:","staleCount":4,"timestamp":"2026-03-29 09:11:23","total":4}
{"level":"warn","message":"DWX file not found — will retry watcher in 5s...","timestamp":"2026-03-29 09:11:23"}
{"level":"warn","message":"DWX market data file not found — waiting for MT5 to create it...","timestamp":"2026-03-29 09:11:24"}
{"level":"warn","message":"Price feed has stale data:","staleCount":4,"timestamp":"2026-03-29 09:11:24","total":4}
{"level":"warn","message":"DWX market data file not found — waiting for MT5 to create it...","timestamp":"2026-03-29 09:11:25"}
{"level":"warn","message":"Price feed has stale data:","staleCount":4,"timestamp":"2026-03-29 09:11:25","total":4}
{"level":"warn","message":"DWX market data file not found — waiting for MT5 to create it...","timestamp":"2026-03-29 09:11:26"}
{"level":"warn","message":"Price feed has stale data:","staleCount":4,"timestamp":"2026-03-29 09:11:26","total":4}
{"level":"warn","message":"DWX market data file not found — waiting for MT5 to create it...","timestamp":"2026-03-29 09:11:27"}
{"level":"warn","message":"Price feed has stale data:","staleCount":4,"timestamp":"2026-03-29 09:11:27","total":4}
{"level":"warn","message":"DWX market data file not found — waiting for MT5 to create it...","timestamp":"2026-03-29 09:11:28"}
{"level":"warn","message":"Price feed has stale data:","staleCount":4,"timestamp":"2026-03-29 09:11:28","total":4}
{"level":"warn","message":"DWX file not found — will retry watcher in 5s...","timestamp":"2026-03-29 09:11:28"}
{"level":"warn","message":"DWX market data file not found — waiting for MT5 to create it...","timestamp":"2026-03-29 09:11:29"}
{"level":"warn","message":"Price feed has stale data:","staleCount":4,"timestamp":"2026-03-29 09:11:29","total":4}
{"level":"warn","message":"DWX market data file not found — waiting for MT5 to create it...","timestamp":"2026-03-29 09:11:30"}
{"level":"warn","message":"Price feed has stale data:","staleCount":4,"timestamp":"2026-03-29 09:11:30","total":4}
{"level":"warn","message":"DWX market data file not found — waiting for MT5 to create it...","timestamp":"2026-03-29 09:11:31"}
{"level":"warn","message":"Price feed has stale data:","staleCount":4,"timestamp":"2026-03-29 09:11:31","total":4}
{"level":"warn","message":"DWX market data file not found — waiting for MT5 to create it...","timestamp":"2026-03-29 09:11:32"}
{"level":"warn","message":"Price feed has stale data:","staleCount":4,"timestamp":"2026-03-29 09:11:32","total":4}
{"level":"warn","message":"DWX market data file not found — waiting for MT5 to create it...","timestamp":"2026-03-29 09:11:33"}
{"level":"warn","message":"Price feed has stale data:","staleCount":4,"timestamp":"2026-03-29 09:11:33","total":4}
{"level":"warn","message":"DWX file not found — will retry watcher in 5s...","timestamp":"2026-03-29 09:11:33"}
{"level":"warn","message":"DWX market data file not found — waiting for MT5 to create it...","timestamp":"2026-03-29 09:11:34"}
{"level":"warn","message":"Price feed has stale data:","staleCount":4,"timestamp":"2026-03-29 09:11:34","total":4}
{"level":"warn","message":"DWX market data file not found — waiting for MT5 to create it...","timestamp":"2026-03-29 09:11:35"}
{"level":"warn","message":"Price feed has stale data:","staleCount":4,"timestamp":"2026-03-29 09:11:35","total":4}
{"level":"warn","message":"DWX market data file not found — waiting for MT5 to create it...","timestamp":"2026-03-29 09:11:36"}
{"level":"warn","message":"Price feed has stale data:","staleCount":4,"timestamp":"2026-03-29 09:11:36","total":4}
{"level":"warn","message":"DWX market data file not found — waiting for MT5 to create it...","timestamp":"2026-03-29 09:11:37"}
{"level":"warn","message":"Price feed has stale data:","staleCount":4,"timestamp":"2026-03-29 09:11:37","total":4}
{"level":"warn","message":"DWX market data file not found — waiting for MT5 to create it...","timestamp":"2026-03-29 09:11:38"}
{"level":"warn","message":"Price feed has stale data:","staleCount":4,"timestamp":"2026-03-29 09:11:38","total":4}
{"level":"warn","message":"DWX file not found — will retry watcher in 5s...","timestamp":"2026-03-29 09:11:39"}
{"level":"warn","message":"DWX market data file not found — waiting for MT5 to create it...","timestamp":"2026-03-29 09:11:39"}
{"level":"warn","message":"Price feed has stale data:","staleCount":4,"timestamp":"2026-03-29 09:11:39","total":4}
{"level":"warn","message":"DWX market data file not found — waiting for MT5 to create it...","timestamp":"2026-03-29 09:11:40"}
{"level":"warn","message":"Price feed has stale data:","staleCount":4,"timestamp":"2026-03-29 09:11:40","total":4}
{"level":"warn","message":"DWX market data file not found — waiting for MT5 to create it...","timestamp":"2026-03-29 09:11:41"}
{"level":"warn","message":"Price feed has stale data:","staleCount":4,"timestamp":"2026-03-29 09:11:41","total":4}
{"level":"warn","message":"DWX market data file not found — waiting for MT5 to create it...","timestamp":"2026-03-29 09:11:42"}
{"level":"warn","message":"Price feed has stale data:","staleCount":4,"timestamp":"2026-03-29 09:11:42","total":4}
{"level":"warn","message":"DWX market data file not found — waiting for MT5 to create it...","timestamp":"2026-03-29 09:11:43"}
{"level":"warn","message":"Price feed has stale data:","staleCount":4,"timestamp":"2026-03-29 09:11:43","total":4}
{"level":"warn","message":"DWX file not found — will retry watcher in 5s...","timestamp":"2026-03-29 09:11:44"}
{"level":"warn","message":"DWX market data file not found — waiting for MT5 to create it...","timestamp":"2026-03-29 09:11:44"}
{"level":"warn","message":"Price feed has stale data:","staleCount":4,"timestamp":"2026-03-29 09:11:44","total":4}
{"level":"warn","message":"DWX market data file not found — waiting for MT5 to create it...","timestamp":"2026-03-29 09:11:45"}
{"level":"warn","message":"Price feed has stale data:","staleCount":4,"timestamp":"2026-03-29 09:11:45","total":4}
{"level":"warn","message":"DWX market data file not found — waiting for MT5 to create it...","timestamp":"2026-03-29 09:11:46"}
{"level":"warn","message":"Price feed has stale data:","staleCount":4,"timestamp":"2026-03-29 09:11:46","total":4}
{"level":"warn","message":"DWX market data file not found — waiting for MT5 to create it...","timestamp":"2026-03-29 09:11:47"}
{"level":"warn","message":"Price feed has stale data:","staleCount":4,"timestamp":"2026-03-29 09:11:47","total":4}
{"level":"warn","message":"DWX market data file not found — waiting for MT5 to create it...","timestamp":"2026-03-29 09:11:48"}
{"level":"warn","message":"Price feed has stale data:","staleCount":4,"timestamp":"2026-03-29 09:11:48","total":4}
{"level":"warn","message":"DWX file not found — will retry watcher in 5s...","timestamp":"2026-03-29 09:11:49"}
{"level":"warn","message":"DWX market data file not found — waiting for MT5 to create it...","timestamp":"2026-03-29 09:11:49"}
{"level":"warn","message":"Price feed has stale data:","staleCount":4,"timestamp":"2026-03-29 09:11:49","total":4}
{"level":"warn","message":"DWX market data file not found — waiting for MT5 to create it...","timestamp":"2026-03-29 09:11:50"}
{"level":"warn","message":"Price feed has stale data:","staleCount":4,"timestamp":"2026-03-29 09:11:50","total":4}
{"level":"warn","message":"DWX market data file not found — waiting for MT5 to create it...","timestamp":"2026-03-29 09:11:51"}
{"level":"warn","message":"Price feed has stale data:","staleCount":4,"timestamp":"2026-03-29 09:11:51","total":4}
{"level":"warn","message":"DWX market data file not found — waiting for MT5 to create it...","timestamp":"2026-03-29 09:11:52"}
{"level":"warn","message":"Price feed has stale data:","staleCount":4,"timestamp":"2026-03-29 09:11:52","total":4}
{"level":"warn","message":"DWX market data file not found — waiting for MT5 to create it...","timestamp":"2026-03-29 09:11:53"}
{"level":"warn","message":"Price feed has stale data:","staleCount":4,"timestamp":"2026-03-29 09:11:53","total":4}
{"level":"warn","message":"DWX file not found — will retry watcher in 5s...","timestamp":"2026-03-29 09:11:54"}
{"level":"warn","message":"DWX market data file not found — waiting for MT5 to create it...","timestamp":"2026-03-29 09:11:54"}
{"level":"warn","message":"Price feed has stale data:","staleCount":4,"timestamp":"2026-03-29 09:11:54","total":4}
{"level":"warn","message":"DWX market data file not found — waiting for MT5 to create it...","timestamp":"2026-03-29 09:11:55"}
{"level":"warn","message":"Price feed has stale data:","staleCount":4,"timestamp":"2026-03-29 09:11:55","total":4}
{"level":"warn","message":"DWX market data file not found — waiting for MT5 to create it...","timestamp":"2026-03-29 09:11:56"}
{"level":"warn","message":"Price feed has stale data:","staleCount":4,"timestamp":"2026-03-29 09:11:56","total":4}
{"level":"warn","message":"DWX market data file not found — waiting for MT5 to create it...","timestamp":"2026-03-29 09:11:57"}
{"level":"warn","message":"Price feed has stale data:","staleCount":4,"timestamp":"2026-03-29 09:11:57","total":4}
{"level":"warn","message":"DWX market data file not found — waiting for MT5 to create it...","timestamp":"2026-03-29 09:11:59"}
{"level":"warn","message":"Price feed has stale data:","staleCount":4,"timestamp":"2026-03-29 09:11:59","total":4}
{"level":"warn","message":"DWX file not found — will retry watcher in 5s...","timestamp":"2026-03-29 09:11:59"}
{"level":"warn","message":"DWX market data file not found — waiting for MT5 to create it...","timestamp":"2026-03-29 09:12:00"}
{"level":"warn","message":"Price feed has stale data:","staleCount":4,"timestamp":"2026-03-29 09:12:00","total":4}
{"level":"warn","message":"DWX market data file not found — waiting for MT5 to create it...","timestamp":"2026-03-29 09:12:01"}
{"level":"warn","message":"Price feed has stale data:","staleCount":4,"timestamp":"2026-03-29 09:12:01","total":4}
{"level":"warn","message":"DWX market data file not found — waiting for MT5 to create it...","timestamp":"2026-03-29 09:12:02"}
{"level":"warn","message":"Price feed has stale data:","staleCount":4,"timestamp":"2026-03-29 09:12:02","total":4}
{"level":"warn","message":"DWX market data file not found — waiting for MT5 to create it...","timestamp":"2026-03-29 09:12:03"}
{"level":"warn","message":"Price feed has stale data:","staleCount":4,"timestamp":"2026-03-29 09:12:03","total":4}
{"level":"warn","message":"DWX market data file not found — waiting for MT5 to create it...","timestamp":"2026-03-29 09:12:04"}
{"level":"warn","message":"DWX file not found — will retry watcher in 5s...","timestamp":"2026-03-29 09:12:04"}
{"level":"warn","message":"Price feed has stale data:","staleCount":4,"timestamp":"2026-03-29 09:12:04","total":4}
{"level":"warn","message":"DWX market data file not found — waiting for MT5 to create it...","timestamp":"2026-03-29 09:12:05"}
{"level":"warn","message":"Price feed has stale data:","staleCount":4,"timestamp":"2026-03-29 09:12:05","total":4}
{"level":"warn","message":"DWX market data file not found — waiting for MT5 to create it...","timestamp":"2026-03-29 09:12:06"}
{"level":"warn","message":"Price feed has stale data:","staleCount":4,"timestamp":"2026-03-29 09:12:06","total":4}
{"level":"warn","message":"DWX market data file not found — waiting for MT5 to create it...","timestamp":"2026-03-29 09:12:07"}
{"level":"warn","message":"Price feed has stale data:","staleCount":4,"timestamp":"2026-03-29 09:12:07","total":4}
{"level":"warn","message":"DWX market data file not found — waiting for MT5 to create it...","timestamp":"2026-03-29 09:12:08"}
{"level":"warn","message":"Price feed has stale data:","staleCount":4,"timestamp":"2026-03-29 09:12:08","total":4}
{"level":"warn","message":"DWX file not found — will retry watcher in 5s...","timestamp":"2026-03-29 09:12:09"}
{"level":"warn","message":"DWX market data file not found — waiting for MT5 to create it...","timestamp":"2026-03-29 09:12:09"}
{"level":"warn","message":"Price feed has stale data:","staleCount":4,"timestamp":"2026-03-29 09:12:09","total":4}
{"level":"warn","message":"DWX market data file not found — waiting for MT5 to create it...","timestamp":"2026-03-29 09:12:10"}
{"level":"warn","message":"Price feed has stale data:","staleCount":4,"timestamp":"2026-03-29 09:12:10","total":4}
{"level":"warn","message":"DWX market data file not found — waiting for MT5 to create it...","timestamp":"2026-03-29 09:12:11"}
{"level":"warn","message":"Price feed has stale data:","staleCount":4,"timestamp":"2026-03-29 09:12:11","total":4}
{"level":"warn","message":"DWX market data file not found — waiting for MT5 to create it...","timestamp":"2026-03-29 09:12:12"}
{"level":"warn","message":"Price feed has stale data:","staleCount":4,"timestamp":"2026-03-29 09:12:12","total":4}
{"level":"warn","message":"DWX market data file not found — waiting for MT5 to create it...","timestamp":"2026-03-29 09:12:13"}
{"level":"warn","message":"Price feed has stale data:","staleCount":4,"timestamp":"2026-03-29 09:12:13","total":4}
{"level":"warn","message":"DWX file not found — will retry watcher in 5s...","timestamp":"2026-03-29 09:12:14"}
{"level":"warn","message":"DWX market data file not found — waiting for MT5 to create it...","timestamp":"2026-03-29 09:12:14"}
{"level":"warn","message":"Price feed has stale data:","staleCount":4,"timestamp":"2026-03-29 09:12:14","total":4}
{"level":"warn","message":"DWX market data file not found — waiting for MT5 to create it...","timestamp":"2026-03-29 09:12:15"}
{"level":"warn","message":"Price feed has stale data:","staleCount":4,"timestamp":"2026-03-29 09:12:15","total":4}
{"level":"warn","message":"DWX market data file not found — waiting for MT5 to create it...","timestamp":"2026-03-29 09:12:16"}
{"level":"warn","message":"Price feed has stale data:","staleCount":4,"timestamp":"2026-03-29 09:12:16","total":4}
{"level":"warn","message":"DWX market data file not found — waiting for MT5 to create it...","timestamp":"2026-03-29 09:12:17"}
{"level":"warn","message":"Price feed has stale data:","staleCount":4,"timestamp":"2026-03-29 09:12:17","total":4}
{"level":"warn","message":"DWX market data file not found — waiting for MT5 to create it...","timestamp":"2026-03-29 09:12:18"}
{"level":"warn","message":"Price feed has stale data:","staleCount":4,"timestamp":"2026-03-29 09:12:18","total":4}
{"level":"warn","message":"DWX file not found — will retry watcher in 5s...","timestamp":"2026-03-29 09:12:19"}
{"level":"warn","message":"DWX market data file not found — waiting for MT5 to create it...","timestamp":"2026-03-29 09:12:19"}
{"level":"warn","message":"Price feed has stale data:","staleCount":4,"timestamp":"2026-03-29 09:12:19","total":4}
{"level":"warn","message":"DWX market data file not found — waiting for MT5 to create it...","timestamp":"2026-03-29 09:12:20"}
{"level":"warn","message":"Price feed has stale data:","staleCount":4,"timestamp":"2026-03-29 09:12:20","total":4}
{"level":"warn","message":"DWX market data file not found — waiting for MT5 to create it...","timestamp":"2026-03-29 09:12:21"}
{"level":"warn","message":"Price feed has stale data:","staleCount":4,"timestamp":"2026-03-29 09:12:21","total":4}
{"level":"warn","message":"DWX market data file not found — waiting for MT5 to create it...","timestamp":"2026-03-29 09:12:22"}
{"level":"warn","message":"Price feed has stale data:","staleCount":4,"timestamp":"2026-03-29 09:12:22","total":4}
{"level":"warn","message":"DWX market data file not found — waiting for MT5 to create it...","timestamp":"2026-03-29 09:12:23"}
{"level":"warn","message":"Price feed has stale data:","staleCount":4,"timestamp":"2026-03-29 09:12:23","total":4}
{"level":"warn","message":"DWX file not found — will retry watcher in 5s...","timestamp":"2026-03-29 09:12:24"}
{"level":"warn","message":"DWX market data file not found — waiting for MT5 to create it...","timestamp":"2026-03-29 09:12:24"}
{"level":"warn","message":"Price feed has stale data:","staleCount":4,"timestamp":"2026-03-29 09:12:24","total":4}
{"level":"warn","message":"DWX market data file not found — waiting for MT5 to create it...","timestamp":"2026-03-29 09:12:25"}
{"level":"warn","message":"Price feed has stale data:","staleCount":4,"timestamp":"2026-03-29 09:12:25","total":4}
{"level":"warn","message":"DWX market data file not found — waiting for MT5 to create it...","timestamp":"2026-03-29 09:12:26"}
{"level":"warn","message":"Price feed has stale data:","staleCount":4,"timestamp":"2026-03-29 09:12:26","total":4}
{"level":"warn","message":"DWX market data file not found — waiting for MT5 to create it...","timestamp":"2026-03-29 09:12:27"}
{"level":"warn","message":"Price feed has stale data:","staleCount":4,"timestamp":"2026-03-29 09:12:27","total":4}
{"level":"warn","message":"DWX market data file not found — waiting for MT5 to create it...","timestamp":"2026-03-29 09:12:28"}
{"level":"warn","message":"Price feed has stale data:","staleCount":4,"timestamp":"2026-03-29 09:12:28","total":4}
{"level":"warn","message":"DWX file not found — will retry watcher in 5s...","timestamp":"2026-03-29 09:12:29"}
{"level":"warn","message":"DWX market data file not found — waiting for MT5 to create it...","timestamp":"2026-03-29 09:12:29"}
{"level":"warn","message":"Price feed has stale data:","staleCount":4,"timestamp":"2026-03-29 09:12:29","total":4}
{"level":"warn","message":"DWX market data file not found — waiting for MT5 to create it...","timestamp":"2026-03-29 09:12:30"}
{"level":"warn","message":"Price feed has stale data:","staleCount":4,"timestamp":"2026-03-29 09:12:30","total":4}
{"level":"warn","message":"DWX market data file not found — waiting for MT5 to create it...","timestamp":"2026-03-29 09:12:31"}
{"level":"warn","message":"Price feed has stale data:","staleCount":4,"timestamp":"2026-03-29 09:12:31","total":4}
{"level":"warn","message":"DWX market data file not found — waiting for MT5 to create it...","timestamp":"2026-03-29 09:12:32"}
{"level":"warn","message":"Price feed has stale data:","staleCount":4,"timestamp":"2026-03-29 09:12:32","total":4}
{"level":"warn","message":"DWX market data file not found — waiting for MT5 to create it...","timestamp":"2026-03-29 09:12:33"}
{"level":"warn","message":"Price feed has stale data:","staleCount":4,"timestamp":"2026-03-29 09:12:33","total":4}
{"level":"warn","message":"DWX file not found — will retry watcher in 5s...","timestamp":"2026-03-29 09:12:34"}
{"level":"warn","message":"DWX market data file not found — waiting for MT5 to create it...","timestamp":"2026-03-29 09:12:34"}
{"level":"warn","message":"Price feed has stale data:","staleCount":4,"timestamp":"2026-03-29 09:12:34","total":4}
{"level":"warn","message":"DWX market data file not found — waiting for MT5 to create it...","timestamp":"2026-03-29 09:12:35"}
{"level":"warn","message":"Price feed has stale data:","staleCount":4,"timestamp":"2026-03-29 09:12:35","total":4}
{"level":"warn","message":"DWX market data file not found — waiting for MT5 to create it...","timestamp":"2026-03-29 09:12:36"}
{"level":"warn","message":"Price feed has stale data:","staleCount":4,"timestamp":"2026-03-29 09:12:36","total":4}
{"level":"warn","message":"DWX market data file not found — waiting for MT5 to create it...","timestamp":"2026-03-29 09:12:37"}
{"level":"warn","message":"Price feed has stale data:","staleCount":4,"timestamp":"2026-03-29 09:12:37","total":4}
{"level":"warn","message":"DWX market data file not found — waiting for MT5 to create it...","timestamp":"2026-03-29 09:12:38"}
{"level":"warn","message":"Price feed has stale data:","staleCount":4,"timestamp":"2026-03-29 09:12:38","total":4}
{"level":"warn","message":"DWX file not found — will retry watcher in 5s...","timestamp":"2026-03-29 09:12:39"}
{"level":"warn","message":"DWX market data file not found — waiting for MT5 to create it...","timestamp":"2026-03-29 09:12:39"}
{"level":"warn","message":"Price feed has stale data:","staleCount":4,"timestamp":"2026-03-29 09:12:39","total":4}
{"level":"warn","message":"DWX market data file not found — waiting for MT5 to create it...","timestamp":"2026-03-29 09:12:40"}
{"level":"warn","message":"Price feed has stale data:","staleCount":4,"timestamp":"2026-03-29 09:12:40","total":4}
{"level":"warn","message":"DWX market data file not found — waiting for MT5 to create it...","timestamp":"2026-03-29 09:12:41"}
{"level":"warn","message":"Price feed has stale data:","staleCount":4,"timestamp":"2026-03-29 09:12:41","total":4}
{"level":"warn","message":"DWX market data file not found — waiting for MT5 to create it...","timestamp":"2026-03-29 09:12:42"}
{"level":"warn","message":"Price feed has stale data:","staleCount":4,"timestamp":"2026-03-29 09:12:42","total":4}
{"level":"warn","message":"DWX market data file not found — waiting for MT5 to create it...","timestamp":"2026-03-29 09:12:43"}
{"level":"warn","message":"Price feed has stale data:","staleCount":4,"timestamp":"2026-03-29 09:12:43","total":4}
{"level":"warn","message":"DWX file not found — will retry watcher in 5s...","timestamp":"2026-03-29 09:12:44"}
{"level":"warn","message":"DWX market data file not found — waiting for MT5 to create it...","timestamp":"2026-03-29 09:12:44"}
{"level":"warn","message":"Price feed has stale data:","staleCount":4,"timestamp":"2026-03-29 09:12:44","total":4}
{"level":"warn","message":"DWX market data file not found — waiting for MT5 to create it...","timestamp":"2026-03-29 09:12:45"}
{"level":"warn","message":"Price feed has stale data:","staleCount":4,"timestamp":"2026-03-29 09:12:45","total":4}
{"level":"warn","message":"DWX market data file not found — waiting for MT5 to create it...","timestamp":"2026-03-29 09:12:46"}
{"level":"warn","message":"Price feed has stale data:","staleCount":4,"timestamp":"2026-03-29 09:12:46","total":4}
{"level":"warn","message":"DWX market data file not found — waiting for MT5 to create it...","timestamp":"2026-03-29 09:12:47"}
{"level":"warn","message":"Price feed has stale data:","staleCount":4,"timestamp":"2026-03-29 09:12:47","total":4}
{"level":"warn","message":"DWX market data file not found — waiting for MT5 to create it...","timestamp":"2026-03-29 09:12:48"}
{"level":"warn","message":"Price feed has stale data:","staleCount":4,"timestamp":"2026-03-29 09:12:48","total":4}
{"level":"warn","message":"DWX file not found — will retry watcher in 5s...","timestamp":"2026-03-29 09:12:49"}
{"level":"warn","message":"DWX market data file not found — waiting for MT5 to create it...","timestamp":"2026-03-29 09:12:49"}
{"level":"warn","message":"Price feed has stale data:","staleCount":4,"timestamp":"2026-03-29 09:12:49","total":4}
{"level":"warn","message":"DWX market data file not found — waiting for MT5 to create it...","timestamp":"2026-03-29 09:12:50"}
{"level":"warn","message":"Price feed has stale data:","staleCount":4,"timestamp":"2026-03-29 09:12:50","total":4}
{"level":"warn","message":"DWX market data file not found — waiting for MT5 to create it...","timestamp":"2026-03-29 09:12:51"}
{"level":"warn","message":"Price feed has stale data:","staleCount":4,"timestamp":"2026-03-29 09:12:51","total":4}
{"level":"warn","message":"DWX market data file not found — waiting for MT5 to create it...","timestamp":"2026-03-29 09:12:52"}
{"level":"warn","message":"Price feed has stale data:","staleCount":4,"timestamp":"2026-03-29 09:12:52","total":4}
{"level":"warn","message":"DWX market data file not found — waiting for MT5 to create it...","timestamp":"2026-03-29 09:12:53"}
{"level":"warn","message":"Price feed has stale data:","staleCount":4,"timestamp":"2026-03-29 09:12:53","total":4}
{"level":"warn","message":"DWX file not found — will retry watcher in 5s...","timestamp":"2026-03-29 09:12:54"}
{"level":"warn","message":"DWX market data file not found — waiting for MT5 to create it...","timestamp":"2026-03-29 09:12:54"}
{"level":"warn","message":"Price feed has stale data:","staleCount":4,"timestamp":"2026-03-29 09:12:54","total":4}
{"level":"warn","message":"DWX market data file not found — waiting for MT5 to create it...","timestamp":"2026-03-29 09:12:55"}
{"level":"warn","message":"Price feed has stale data:","staleCount":4,"timestamp":"2026-03-29 09:12:55","total":4}
{"level":"warn","message":"DWX market data file not found — waiting for MT5 to create it...","timestamp":"2026-03-29 09:12:56"}
{"level":"warn","message":"Price feed has stale data:","staleCount":4,"timestamp":"2026-03-29 09:12:56","total":4}
{"level":"warn","message":"DWX market data file not found — waiting for MT5 to create it...","timestamp":"2026-03-29 09:12:57"}
{"level":"warn","message":"Price feed has stale data:","staleCount":4,"timestamp":"2026-03-29 09:12:57","total":4}
{"level":"warn","message":"DWX market data file not found — waiting for MT5 to create it...","timestamp":"2026-03-29 09:12:58"}
{"level":"warn","message":"Price feed has stale data:","staleCount":4,"timestamp":"2026-03-29 09:12:58","total":4}
{"level":"warn","message":"DWX file not found — will retry watcher in 5s...","timestamp":"2026-03-29 09:12:59"}
{"level":"warn","message":"DWX market data file not found — waiting for MT5 to create it...","timestamp":"2026-03-29 09:12:59"}
{"level":"warn","message":"Price feed has stale data:","staleCount":4,"timestamp":"2026-03-29 09:12:59","total":4}
{"level":"warn","message":"DWX market data file not found — waiting for MT5 to create it...","timestamp":"2026-03-29 09:13:00"}
{"level":"warn","message":"Price feed has stale data:","staleCount":4,"timestamp":"2026-03-29 09:13:00","total":4}
{"level":"warn","message":"DWX market data file not found — waiting for MT5 to create it...","timestamp":"2026-03-29 09:13:01"}
{"level":"warn","message":"Price feed has stale data:","staleCount":4,"timestamp":"2026-03-29 09:13:01","total":4}
{"level":"warn","message":"DWX market data file not found — waiting for MT5 to create it...","timestamp":"2026-03-29 09:13:02"}
{"level":"warn","message":"Price feed has stale data:","staleCount":4,"timestamp":"2026-03-29 09:13:02","total":4}
{"level":"warn","message":"DWX market data file not found — waiting for MT5 to create it...","timestamp":"2026-03-29 09:13:03"}
{"level":"warn","message":"Price feed has stale data:","staleCount":4,"timestamp":"2026-03-29 09:13:03","total":4}
{"level":"warn","message":"DWX file not found — will retry watcher in 5s...","timestamp":"2026-03-29 09:13:04"}
{"level":"warn","message":"DWX market data file not found — waiting for MT5 to create it...","timestamp":"2026-03-29 09:13:04"}
{"level":"warn","message":"Price feed has stale data:","staleCount":4,"timestamp":"2026-03-29 09:13:04","total":4}
{"level":"warn","message":"DWX market data file not found — waiting for MT5 to create it...","timestamp":"2026-03-29 09:13:05"}
{"level":"warn","message":"Price feed has stale data:","staleCount":4,"timestamp":"2026-03-29 09:13:05","total":4}
{"level":"warn","message":"DWX market data file not found — waiting for MT5 to create it...","timestamp":"2026-03-29 09:13:06"}
{"level":"warn","message":"Price feed has stale data:","staleCount":4,"timestamp":"2026-03-29 09:13:06","total":4}
{"level":"warn","message":"DWX market data file not found — waiting for MT5 to create it...","timestamp":"2026-03-29 09:13:07"}
{"level":"warn","message":"Price feed has stale data:","staleCount":4,"timestamp":"2026-03-29 09:13:07","total":4}
{"level":"warn","message":"DWX market data file not found — waiting for MT5 to create it...","timestamp":"2026-03-29 09:13:08"}
{"level":"warn","message":"Price feed has stale data:","staleCount":4,"timestamp":"2026-03-29 09:13:08","total":4}
{"level":"warn","message":"DWX file not found — will retry watcher in 5s...","timestamp":"2026-03-29 09:13:09"}
{"level":"warn","message":"DWX market data file not found — waiting for MT5 to create it...","timestamp":"2026-03-29 09:13:09"}
{"level":"warn","message":"Price feed has stale data:","staleCount":4,"timestamp":"2026-03-29 09:13:09","total":4}
{"level":"warn","message":"DWX market data file not found — waiting for MT5 to create it...","timestamp":"2026-03-29 09:13:10"}
{"level":"warn","message":"Price feed has stale data:","staleCount":4,"timestamp":"2026-03-29 09:13:10","total":4}
{"level":"warn","message":"DWX market data file not found — waiting for MT5 to create it...","timestamp":"2026-03-29 09:13:11"}
{"level":"warn","message":"Price feed has stale data:","staleCount":4,"timestamp":"2026-03-29 09:13:11","total":4}
{"level":"warn","message":"DWX market data file not found — waiting for MT5 to create it...","timestamp":"2026-03-29 09:13:12"}
{"level":"warn","message":"Price feed has stale data:","staleCount":4,"timestamp":"2026-03-29 09:13:12","total":4}
{"level":"warn","message":"DWX market data file not found — waiting for MT5 to create it...","timestamp":"2026-03-29 09:13:13"}
{"level":"warn","message":"Price feed has stale data:","staleCount":4,"timestamp":"2026-03-29 09:13:13","total":4}
{"level":"warn","message":"DWX file not found — will retry watcher in 5s...","timestamp":"2026-03-29 09:13:14"}
{"level":"warn","message":"DWX market data file not found — waiting for MT5 to create it...","timestamp":"2026-03-29 09:13:14"}
{"level":"warn","message":"Price feed has stale data:","staleCount":4,"timestamp":"2026-03-29 09:13:14","total":4}
{"level":"warn","message":"DWX market data file not found — waiting for MT5 to create it...","timestamp":"2026-03-29 09:13:15"}
{"level":"warn","message":"Price feed has stale data:","staleCount":4,"timestamp":"2026-03-29 09:13:15","total":4}
{"level":"warn","message":"DWX market data file not found — waiting for MT5 to create it...","timestamp":"2026-03-29 09:13:16"}
{"level":"warn","message":"Price feed has stale data:","staleCount":4,"timestamp":"2026-03-29 09:13:16","total":4}
{"level":"warn","message":"DWX market data file not found — waiting for MT5 to create it...","timestamp":"2026-03-29 09:13:17"}
{"level":"warn","message":"Price feed has stale data:","staleCount":4,"timestamp":"2026-03-29 09:13:17","total":4}
{"level":"warn","message":"DWX market data file not found — waiting for MT5 to create it...","timestamp":"2026-03-29 09:13:18"}
{"level":"warn","message":"Price feed has stale data:","staleCount":4,"timestamp":"2026-03-29 09:13:18","total":4}
{"level":"warn","message":"DWX file not found — will retry watcher in 5s...","timestamp":"2026-03-29 09:13:19"}
{"level":"warn","message":"DWX market data file not found — waiting for MT5 to create it...","timestamp":"2026-03-29 09:13:19"}
{"level":"warn","message":"Price feed has stale data:","staleCount":4,"timestamp":"2026-03-29 09:13:19","total":4}
{"level":"warn","message":"DWX market data file not found — waiting for MT5 to create it...","timestamp":"2026-03-29 09:13:20"}
{"level":"warn","message":"Price feed has stale data:","staleCount":4,"timestamp":"2026-03-29 09:13:20","total":4}
{"level":"warn","message":"DWX market data file not found — waiting for MT5 to create it...","timestamp":"2026-03-29 09:13:21"}
{"level":"warn","message":"Price feed has stale data:","staleCount":4,"timestamp":"2026-03-29 09:13:21","total":4}
{"level":"warn","message":"DWX market data file not found — waiting for MT5 to create it...","timestamp":"2026-03-29 09:13:22"}
{"level":"warn","message":"Price feed has stale data:","staleCount":4,"timestamp":"2026-03-29 09:13:22","total":4}
{"level":"warn","message":"DWX market data file not found — waiting for MT5 to create it...","timestamp":"2026-03-29 09:13:23"}
{"level":"warn","message":"Price feed has stale data:","staleCount":4,"timestamp":"2026-03-29 09:13:23","total":4}
{"level":"warn","message":"DWX file not found — will retry watcher in 5s...","timestamp":"2026-03-29 09:13:24"}
{"level":"warn","message":"DWX market data file not found — waiting for MT5 to create it...","timestamp":"2026-03-29 09:13:24"}
{"level":"warn","message":"Price feed has stale data:","staleCount":4,"timestamp":"2026-03-29 09:13:24","total":4}
{"level":"warn","message":"DWX market data file not found — waiting for MT5 to create it...","timestamp":"2026-03-29 09:13:25"}
{"level":"warn","message":"Price feed has stale data:","staleCount":4,"timestamp":"2026-03-29 09:13:25","total":4}
{"level":"warn","message":"DWX market data file not found — waiting for MT5 to create it...","timestamp":"2026-03-29 09:13:26"}
{"level":"warn","message":"Price feed has stale data:","staleCount":4,"timestamp":"2026-03-29 09:13:26","total":4}
{"level":"warn","message":"DWX market data file not found — waiting for MT5 to create it...","timestamp":"2026-03-29 09:13:27"}
{"level":"warn","message":"Price feed has stale data:","staleCount":4,"timestamp":"2026-03-29 09:13:27","total":4}
{"level":"warn","message":"DWX market data file not found — waiting for MT5 to create it...","timestamp":"2026-03-29 09:13:28"}
{"level":"warn","message":"Price feed has stale data:","staleCount":4,"timestamp":"2026-03-29 09:13:28","total":4}
{"level":"warn","message":"DWX file not found — will retry watcher in 5s...","timestamp":"2026-03-29 09:13:29"}
{"level":"warn","message":"DWX market data file not found — waiting for MT5 to create it...","timestamp":"2026-03-29 09:13:29"}
{"level":"warn","message":"Price feed has stale data:","staleCount":4,"timestamp":"2026-03-29 09:13:29","total":4}
{"level":"warn","message":"DWX market data file not found — waiting for MT5 to create it...","timestamp":"2026-03-29 09:13:30"}
{"level":"warn","message":"Price feed has stale data:","staleCount":4,"timestamp":"2026-03-29 09:13:30","total":4}
{"level":"warn","message":"DWX market data file not found — waiting for MT5 to create it...","timestamp":"2026-03-29 09:13:31"}
{"level":"warn","message":"Price feed has stale data:","staleCount":4,"timestamp":"2026-03-29 09:13:31","total":4}
{"level":"warn","message":"DWX market data file not found — waiting for MT5 to create it...","timestamp":"2026-03-29 09:13:32"}
{"level":"warn","message":"Price feed has stale data:","staleCount":4,"timestamp":"2026-03-29 09:13:32","total":4}
{"level":"warn","message":"DWX market data file not found — waiting for MT5 to create it...","timestamp":"2026-03-29 09:13:33"}
{"level":"warn","message":"Price feed has stale data:","staleCount":4,"timestamp":"2026-03-29 09:13:33","total":4}
{"level":"warn","message":"DWX file not found — will retry watcher in 5s...","timestamp":"2026-03-29 09:13:34"}
{"level":"warn","message":"DWX market data file not found — waiting for MT5 to create it...","timestamp":"2026-03-29 09:13:34"}
{"level":"warn","message":"Price feed has stale data:","staleCount":4,"timestamp":"2026-03-29 09:13:34","total":4}
{"level":"warn","message":"DWX market data file not found — waiting for MT5 to create it...","timestamp":"2026-03-29 09:13:35"}
{"level":"warn","message":"Price feed has stale data:","staleCount":4,"timestamp":"2026-03-29 09:13:35","total":4}
{"level":"warn","message":"DWX market data file not found — waiting for MT5 to create it...","timestamp":"2026-03-29 09:13:36"}
{"level":"warn","message":"Price feed has stale data:","staleCount":4,"timestamp":"2026-03-29 09:13:36","total":4}
{"level":"warn","message":"DWX market data file not found — waiting for MT5 to create it...","timestamp":"2026-03-29 09:13:37"}
{"level":"warn","message":"Price feed has stale data:","staleCount":4,"timestamp":"2026-03-29 09:13:37","total":4}
{"level":"warn","message":"DWX market data file not found — waiting for MT5 to create it...","timestamp":"2026-03-29 09:13:38"}
{"level":"warn","message":"Price feed has stale data:","staleCount":4,"timestamp":"2026-03-29 09:13:38","total":4}
{"level":"warn","message":"DWX file not found — will retry watcher in 5s...","timestamp":"2026-03-29 09:13:39"}
{"level":"warn","message":"DWX market data file not found — waiting for MT5 to create it...","timestamp":"2026-03-29 09:13:39"}
{"level":"warn","message":"Price feed has stale data:","staleCount":4,"timestamp":"2026-03-29 09:13:39","total":4}
{"level":"warn","message":"DWX market data file not found — waiting for MT5 to create it...","timestamp":"2026-03-29 09:13:40"}
{"level":"warn","message":"Price feed has stale data:","staleCount":4,"timestamp":"2026-03-29 09:13:40","total":4}
{"level":"warn","message":"DWX market data file not found — waiting for MT5 to create it...","timestamp":"2026-03-29 09:13:41"}
{"level":"warn","message":"Price feed has stale data:","staleCount":4,"timestamp":"2026-03-29 09:13:41","total":4}
{"level":"warn","message":"DWX market data file not found — waiting for MT5 to create it...","timestamp":"2026-03-29 09:13:42"}
{"level":"warn","message":"Price feed has stale data:","staleCount":4,"timestamp":"2026-03-29 09:13:42","total":4}
{"level":"warn","message":"DWX market data file not found — waiting for MT5 to create it...","timestamp":"2026-03-29 09:13:43"}
{"level":"warn","message":"Price feed has stale data:","staleCount":4,"timestamp":"2026-03-29 09:13:43","total":4}
{"level":"warn","message":"DWX file not found — will retry watcher in 5s...","timestamp":"2026-03-29 09:13:44"}
{"level":"warn","message":"DWX market data file not found — waiting for MT5 to create it...","timestamp":"2026-03-29 09:13:44"}
{"level":"warn","message":"Price feed has stale data:","staleCount":4,"timestamp":"2026-03-29 09:13:44","total":4}
{"level":"warn","message":"DWX market data file not found — waiting for MT5 to create it...","timestamp":"2026-03-29 09:13:45"}
{"level":"warn","message":"Price feed has stale data:","staleCount":4,"timestamp":"2026-03-29 09:13:45","total":4}
{"level":"warn","message":"DWX market data file not found — waiting for MT5 to create it...","timestamp":"2026-03-29 09:13:46"}
{"level":"warn","message":"Price feed has stale data:","staleCount":4,"timestamp":"2026-03-29 09:13:46","total":4}
{"level":"warn","message":"DWX market data file not found — waiting for MT5 to create it...","timestamp":"2026-03-29 09:13:47"}
{"level":"warn","message":"Price feed has stale data:","staleCount":4,"timestamp":"2026-03-29 09:13:47","total":4}
{"level":"warn","message":"DWX market data file not found — waiting for MT5 to create it...","timestamp":"2026-03-29 09:13:48"}
{"level":"warn","message":"Price feed has stale data:","staleCount":4,"timestamp":"2026-03-29 09:13:48","total":4}
{"level":"warn","message":"DWX file not found — will retry watcher in 5s...","timestamp":"2026-03-29 09:13:49"}
{"level":"warn","message":"DWX market data file not found — waiting for MT5 to create it...","timestamp":"2026-03-29 09:13:49"}
{"level":"warn","message":"Price feed has stale data:","staleCount":4,"timestamp":"2026-03-29 09:13:49","total":4}
{"level":"warn","message":"DWX market data file not found — waiting for MT5 to create it...","timestamp":"2026-03-29 09:13:50"}
{"level":"warn","message":"Price feed has stale data:","staleCount":4,"timestamp":"2026-03-29 09:13:50","total":4}
{"level":"warn","message":"DWX market data file not found — waiting for MT5 to create it...","timestamp":"2026-03-29 09:13:51"}
{"level":"warn","message":"Price feed has stale data:","staleCount":4,"timestamp":"2026-03-29 09:13:51","total":4}
{"level":"warn","message":"DWX market data file not found — waiting for MT5 to create it...","timestamp":"2026-03-29 09:13:52"}
{"level":"warn","message":"Price feed has stale data:","staleCount":4,"timestamp":"2026-03-29 09:13:52","total":4}
{"level":"warn","message":"DWX market data file not found — waiting for MT5 to create it...","timestamp":"2026-03-29 09:13:53"}
{"level":"warn","message":"Price feed has stale data:","staleCount":4,"timestamp":"2026-03-29 09:13:53","total":4}
{"level":"warn","message":"DWX file not found — will retry watcher in 5s...","timestamp":"2026-03-29 09:13:54"}
{"level":"warn","message":"DWX market data file not found — waiting for MT5 to create it...","timestamp":"2026-03-29 09:13:54"}
{"level":"warn","message":"Price feed has stale data:","staleCount":4,"timestamp":"2026-03-29 09:13:54","total":4}
{"level":"warn","message":"DWX market data file not found — waiting for MT5 to create it...","timestamp":"2026-03-29 09:13:55"}
{"level":"warn","message":"Price feed has stale data:","staleCount":4,"timestamp":"2026-03-29 09:13:55","total":4}
{"level":"warn","message":"DWX market data file not found — waiting for MT5 to create it...","timestamp":"2026-03-29 09:13:56"}
{"level":"warn","message":"Price feed has stale data:","staleCount":4,"timestamp":"2026-03-29 09:13:56","total":4}
{"level":"warn","message":"DWX market data file not found — waiting for MT5 to create it...","timestamp":"2026-03-29 09:13:57"}
{"level":"warn","message":"Price feed has stale data:","staleCount":4,"timestamp":"2026-03-29 09:13:57","total":4}
{"level":"warn","message":"DWX market data file not found — waiting for MT5 to create it...","timestamp":"2026-03-29 09:13:58"}
{"level":"warn","message":"Price feed has stale data:","staleCount":4,"timestamp":"2026-03-29 09:13:58","total":4}
{"level":"warn","message":"DWX file not found — will retry watcher in 5s...","timestamp":"2026-03-29 09:13:59"}
{"level":"warn","message":"DWX market data file not found — waiting for MT5 to create it...","timestamp":"2026-03-29 09:13:59"}
{"level":"warn","message":"Price feed has stale data:","staleCount":4,"timestamp":"2026-03-29 09:13:59","total":4}
{"level":"warn","message":"DWX market data file not found — waiting for MT5 to create it...","timestamp":"2026-03-29 09:14:00"}
{"level":"warn","message":"Price feed has stale data:","staleCount":4,"timestamp":"2026-03-29 09:14:00","total":4}
{"level":"warn","message":"DWX market data file not found — waiting for MT5 to create it...","timestamp":"2026-03-29 09:14:01"}
{"level":"warn","message":"Price feed has stale data:","staleCount":4,"timestamp":"2026-03-29 09:14:01","total":4}
{"level":"warn","message":"DWX market data file not found — waiting for MT5 to create it...","timestamp":"2026-03-29 09:14:02"}
{"level":"warn","message":"Price feed has stale data:","staleCount":4,"timestamp":"2026-03-29 09:14:02","total":4}
{"level":"warn","message":"DWX market data file not found — waiting for MT5 to create it...","timestamp":"2026-03-29 09:14:03"}
{"level":"warn","message":"Price feed has stale data:","staleCount":4,"timestamp":"2026-03-29 09:14:03","total":4}
{"level":"warn","message":"DWX file not found — will retry watcher in 5s...","timestamp":"2026-03-29 09:14:04"}
{"level":"warn","message":"DWX market data file not found — waiting for MT5 to create it...","timestamp":"2026-03-29 09:14:04"}
{"level":"warn","message":"Price feed has stale data:","staleCount":4,"timestamp":"2026-03-29 09:14:04","total":4}
{"level":"warn","message":"DWX market data file not found — waiting for MT5 to create it...","timestamp":"2026-03-29 09:14:05"}
{"level":"warn","message":"Price feed has stale data:","staleCount":4,"timestamp":"2026-03-29 09:14:05","total":4}
{"level":"warn","message":"DWX market data file not found — waiting for MT5 to create it...","timestamp":"2026-03-29 09:14:06"}
{"level":"warn","message":"Price feed has stale data:","staleCount":4,"timestamp":"2026-03-29 09:14:06","total":4}
{"level":"warn","message":"DWX market data file not found — waiting for MT5 to create it...","timestamp":"2026-03-29 09:14:07"}
{"level":"warn","message":"Price feed has stale data:","staleCount":4,"timestamp":"2026-03-29 09:14:07","total":4}
{"level":"warn","message":"DWX market data file not found — waiting for MT5 to create it...","timestamp":"2026-03-29 09:14:08"}
{"level":"warn","message":"Price feed has stale data:","staleCount":4,"timestamp":"2026-03-29 09:14:08","total":4}
{"level":"warn","message":"DWX file not found — will retry watcher in 5s...","timestamp":"2026-03-29 09:14:09"}
{"level":"warn","message":"DWX market data file not found — waiting for MT5 to create it...","timestamp":"2026-03-29 09:14:09"}
{"level":"warn","message":"Price feed has stale data:","staleCount":4,"timestamp":"2026-03-29 09:14:09","total":4}
{"level":"warn","message":"DWX market data file not found — waiting for MT5 to create it...","timestamp":"2026-03-29 09:14:10"}
{"level":"warn","message":"Price feed has stale data:","staleCount":4,"timestamp":"2026-03-29 09:14:10","total":4}
{"level":"warn","message":"DWX market data file not found — waiting for MT5 to create it...","timestamp":"2026-03-29 09:14:11"}
{"level":"warn","message":"Price feed has stale data:","staleCount":4,"timestamp":"2026-03-29 09:14:11","total":4}
{"level":"warn","message":"DWX market data file not found — waiting for MT5 to create it...","timestamp":"2026-03-29 09:14:12"}
{"level":"warn","message":"Price feed has stale data:","staleCount":4,"timestamp":"2026-03-29 09:14:12","total":4}
{"level":"warn","message":"DWX market data file not found — waiting for MT5 to create it...","timestamp":"2026-03-29 09:14:13"}
{"level":"warn","message":"Price feed has stale data:","staleCount":4,"timestamp":"2026-03-29 09:14:13","total":4}
{"level":"warn","message":"DWX file not found — will retry watcher in 5s...","timestamp":"2026-03-29 09:14:14"}
{"level":"warn","message":"DWX market data file not found — waiting for MT5 to create it...","timestamp":"2026-03-29 09:14:14"}
{"level":"warn","message":"Price feed has stale data:","staleCount":4,"timestamp":"2026-03-29 09:14:14","total":4}
{"level":"warn","message":"DWX market data file not found — waiting for MT5 to create it...","timestamp":"2026-03-29 09:14:15"}
{"level":"warn","message":"Price feed has stale data:","staleCount":4,"timestamp":"2026-03-29 09:14:15","total":4}
{"level":"warn","message":"DWX market data file not found — waiting for MT5 to create it...","timestamp":"2026-03-29 09:14:16"}
{"level":"warn","message":"Price feed has stale data:","staleCount":4,"timestamp":"2026-03-29 09:14:16","total":4}
{"level":"warn","message":"DWX market data file not found — waiting for MT5 to create it...","timestamp":"2026-03-29 09:14:17"}
{"level":"warn","message":"Price feed has stale data:","staleCount":4,"timestamp":"2026-03-29 09:14:17","total":4}
{"level":"warn","message":"DWX market data file not found — waiting for MT5 to create it...","timestamp":"2026-03-29 09:14:18"}
{"level":"warn","message":"Price feed has stale data:","staleCount":4,"timestamp":"2026-03-29 09:14:18","total":4}
{"level":"warn","message":"DWX file not found — will retry watcher in 5s...","timestamp":"2026-03-29 09:14:19"}
{"level":"warn","message":"DWX market data file not found — waiting for MT5 to create it...","timestamp":"2026-03-29 09:14:19"}
{"level":"warn","message":"Price feed has stale data:","staleCount":4,"timestamp":"2026-03-29 09:14:19","total":4}
{"level":"warn","message":"DWX market data file not found — waiting for MT5 to create it...","timestamp":"2026-03-29 09:14:20"}
{"level":"warn","message":"Price feed has stale data:","staleCount":4,"timestamp":"2026-03-29 09:14:20","total":4}
{"level":"warn","message":"DWX market data file not found — waiting for MT5 to create it...","timestamp":"2026-03-29 09:14:21"}
{"level":"warn","message":"Price feed has stale data:","staleCount":4,"timestamp":"2026-03-29 09:14:21","total":4}
{"level":"warn","message":"DWX market data file not found — waiting for MT5 to create it...","timestamp":"2026-03-29 09:14:22"}
{"level":"warn","message":"Price feed has stale data:","staleCount":4,"timestamp":"2026-03-29 09:14:22","total":4}
{"level":"warn","message":"DWX market data file not found — waiting for MT5 to create it...","timestamp":"2026-03-29 09:14:23"}
{"level":"warn","message":"Price feed has stale data:","staleCount":4,"timestamp":"2026-03-29 09:14:23","total":4}
{"level":"warn","message":"DWX file not found — will retry watcher in 5s...","timestamp":"2026-03-29 09:14:24"}
{"level":"warn","message":"DWX market data file not found — waiting for MT5 to create it...","timestamp":"2026-03-29 09:14:24"}
{"level":"warn","message":"Price feed has stale data:","staleCount":4,"timestamp":"2026-03-29 09:14:24","total":4}
{"level":"warn","message":"DWX market data file not found — waiting for MT5 to create it...","timestamp":"2026-03-29 09:14:25"}
{"level":"warn","message":"Price feed has stale data:","staleCount":4,"timestamp":"2026-03-29 09:14:25","total":4}
{"level":"warn","message":"DWX market data file not found — waiting for MT5 to create it...","timestamp":"2026-03-29 09:14:26"}
{"level":"warn","message":"Price feed has stale data:","staleCount":4,"timestamp":"2026-03-29 09:14:26","total":4}
{"level":"warn","message":"DWX market data file not found — waiting for MT5 to create it...","timestamp":"2026-03-29 09:14:27"}
{"level":"warn","message":"Price feed has stale data:","staleCount":4,"timestamp":"2026-03-29 09:14:27","total":4}
{"level":"warn","message":"DWX market data file not found — waiting for MT5 to create it...","timestamp":"2026-03-29 09:14:28"}
{"level":"warn","message":"Price feed has stale data:","staleCount":4,"timestamp":"2026-03-29 09:14:28","total":4}
{"level":"warn","message":"DWX file not found — will retry watcher in 5s...","timestamp":"2026-03-29 09:14:29"}
{"level":"warn","message":"DWX market data file not found — waiting for MT5 to create it...","timestamp":"2026-03-29 09:14:29"}
{"level":"warn","message":"Price feed has stale data:","staleCount":4,"timestamp":"2026-03-29 09:14:29","total":4}
{"level":"warn","message":"DWX market data file not found — waiting for MT5 to create it...","timestamp":"2026-03-29 09:14:30"}
{"level":"warn","message":"Price feed has stale data:","staleCount":4,"timestamp":"2026-03-29 09:14:30","total":4}
{"level":"warn","message":"DWX market data file not found — waiting for MT5 to create it...","timestamp":"2026-03-29 09:14:31"}
{"level":"warn","message":"Price feed has stale data:","staleCount":4,"timestamp":"2026-03-29 09:14:31","total":4}
{"level":"warn","message":"DWX market data file not found — waiting for MT5 to create it...","timestamp":"2026-03-29 09:14:32"}
{"level":"warn","message":"Price feed has stale data:","staleCount":4,"timestamp":"2026-03-29 09:14:32","total":4}
{"level":"warn","message":"DWX market data file not found — waiting for MT5 to create it...","timestamp":"2026-03-29 09:14:33"}
{"level":"warn","message":"Price feed has stale data:","staleCount":4,"timestamp":"2026-03-29 09:14:33","total":4}
{"level":"warn","message":"DWX file not found — will retry watcher in 5s...","timestamp":"2026-03-29 09:14:34"}
{"level":"warn","message":"DWX market data file not found — waiting for MT5 to create it...","timestamp":"2026-03-29 09:14:35"}
{"level":"warn","message":"Price feed has stale data:","staleCount":4,"timestamp":"2026-03-29 09:14:35","total":4}
{"level":"warn","message":"DWX market data file not found — waiting for MT5 to create it...","timestamp":"2026-03-29 09:14:36"}
{"level":"warn","message":"Price feed has stale data:","staleCount":4,"timestamp":"2026-03-29 09:14:36","total":4}
{"level":"warn","message":"DWX market data file not found — waiting for MT5 to create it...","timestamp":"2026-03-29 09:14:37"}
{"level":"warn","message":"Price feed has stale data:","staleCount":4,"timestamp":"2026-03-29 09:14:37","total":4}
{"level":"warn","message":"DWX market data file not found — waiting for MT5 to create it...","timestamp":"2026-03-29 09:14:38"}
{"level":"warn","message":"Price feed has stale data:","staleCount":4,"timestamp":"2026-03-29 09:14:38","total":4}
{"level":"warn","message":"DWX market data file not found — waiting for MT5 to create it...","timestamp":"2026-03-29 09:14:39"}
{"level":"warn","message":"Price feed has stale data:","staleCount":4,"timestamp":"2026-03-29 09:14:39","total":4}
{"level":"warn","message":"DWX file not found — will retry watcher in 5s...","timestamp":"2026-03-29 09:14:39"}
{"level":"warn","message":"DWX market data file not found — waiting for MT5 to create it...","timestamp":"2026-03-29 09:14:40"}
{"level":"warn","message":"Price feed has stale data:","staleCount":4,"timestamp":"2026-03-29 09:14:40","total":4}
{"level":"warn","message":"DWX market data file not found — waiting for MT5 to create it...","timestamp":"2026-03-29 09:14:41"}
{"level":"warn","message":"Price feed has stale data:","staleCount":4,"timestamp":"2026-03-29 09:14:41","total":4}
{"level":"warn","message":"DWX market data file not found — waiting for MT5 to create it...","timestamp":"2026-03-29 09:14:42"}
{"level":"warn","message":"Price feed has stale data:","staleCount":4,"timestamp":"2026-03-29 09:14:42","total":4}
{"level":"warn","message":"DWX market data file not found — waiting for MT5 to create it...","timestamp":"2026-03-29 09:14:43"}
{"level":"warn","message":"Price feed has stale data:","staleCount":4,"timestamp":"2026-03-29 09:14:43","total":4}
{"level":"warn","message":"DWX market data file not found — waiting for MT5 to create it...","timestamp":"2026-03-29 09:14:44"}
{"level":"warn","message":"Price feed has stale data:","staleCount":4,"timestamp":"2026-03-29 09:14:44","total":4}
{"level":"warn","message":"DWX file not found — will retry watcher in 5s...","timestamp":"2026-03-29 09:14:44"}
{"level":"warn","message":"DWX market data file not found — waiting for MT5 to create it...","timestamp":"2026-03-29 09:14:45"}
{"level":"warn","message":"Price feed has stale data:","staleCount":4,"timestamp":"2026-03-29 09:14:45","total":4}
{"level":"warn","message":"DWX market data file not found — waiting for MT5 to create it...","timestamp":"2026-03-29 09:14:46"}
{"level":"warn","message":"Price feed has stale data:","staleCount":4,"timestamp":"2026-03-29 09:14:46","total":4}
{"level":"warn","message":"DWX market data file not found — waiting for MT5 to create it...","timestamp":"2026-03-29 09:14:47"}
{"level":"warn","message":"Price feed has stale data:","staleCount":4,"timestamp":"2026-03-29 09:14:47","total":4}
{"level":"warn","message":"DWX market data file not found — waiting for MT5 to create it...","timestamp":"2026-03-29 09:14:48"}
{"level":"warn","message":"Price feed has stale data:","staleCount":4,"timestamp":"2026-03-29 09:14:48","total":4}
{"level":"warn","message":"DWX market data file not found — waiting for MT5 to create it...","timestamp":"2026-03-29 09:14:49"}
{"level":"warn","message":"Price feed has stale data:","staleCount":4,"timestamp":"2026-03-29 09:14:49","total":4}
{"level":"warn","message":"DWX file not found — will retry watcher in 5s...","timestamp":"2026-03-29 09:14:49"}
{"level":"warn","message":"DWX market data file not found — waiting for MT5 to create it...","timestamp":"2026-03-29 09:14:50"}
{"level":"warn","message":"Price feed has stale data:","staleCount":4,"timestamp":"2026-03-29 09:14:50","total":4}
{"level":"warn","message":"DWX market data file not found — waiting for MT5 to create it...","timestamp":"2026-03-29 09:14:51"}
{"level":"warn","message":"Price feed has stale data:","staleCount":4,"timestamp":"2026-03-29 09:14:51","total":4}
{"level":"warn","message":"DWX market data file not found — waiting for MT5 to create it...","timestamp":"2026-03-29 09:14:52"}
{"level":"warn","message":"Price feed has stale data:","staleCount":4,"timestamp":"2026-03-29 09:14:52","total":4}
{"level":"warn","message":"DWX market data file not found — waiting for MT5 to create it...","timestamp":"2026-03-29 09:14:53"}
{"level":"warn","message":"Price feed has stale data:","staleCount":4,"timestamp":"2026-03-29 09:14:53","total":4}
{"level":"warn","message":"DWX market data file not found — waiting for MT5 to create it...","timestamp":"2026-03-29 09:14:54"}
{"level":"warn","message":"Price feed has stale data:","staleCount":4,"timestamp":"2026-03-29 09:14:54","total":4}
{"level":"warn","message":"DWX file not found — will retry watcher in 5s...","timestamp":"2026-03-29 09:14:54"}
{"level":"warn","message":"DWX market data file not found — waiting for MT5 to create it...","timestamp":"2026-03-29 09:14:55"}
{"level":"warn","message":"Price feed has stale data:","staleCount":4,"timestamp":"2026-03-29 09:14:55","total":4}
{"level":"warn","message":"DWX market data file not found — waiting for MT5 to create it...","timestamp":"2026-03-29 09:14:56"}
{"level":"warn","message":"Price feed has stale data:","staleCount":4,"timestamp":"2026-03-29 09:14:56","total":4}
{"level":"warn","message":"DWX market data file not found — waiting for MT5 to create it...","timestamp":"2026-03-29 09:14:57"}
{"level":"warn","message":"Price feed has stale data:","staleCount":4,"timestamp":"2026-03-29 09:14:57","total":4}
{"level":"warn","message":"DWX market data file not found — waiting for MT5 to create it...","timestamp":"2026-03-29 09:14:58"}
{"level":"warn","message":"Price feed has stale data:","staleCount":4,"timestamp":"2026-03-29 09:14:58","total":4}
{"level":"warn","message":"DWX market data file not found — waiting for MT5 to create it...","timestamp":"2026-03-29 09:14:59"}
{"level":"warn","message":"Price feed has stale data:","staleCount":4,"timestamp":"2026-03-29 09:14:59","total":4}
{"level":"warn","message":"DWX file not found — will retry watcher in 5s...","timestamp":"2026-03-29 09:14:59"}
{"level":"warn","message":"DWX market data file not found — waiting for MT5 to create it...","timestamp":"2026-03-29 09:15:00"}
{"level":"warn","message":"Price feed has stale data:","staleCount":4,"timestamp":"2026-03-29 09:15:00","total":4}
{"level":"warn","message":"DWX market data file not found — waiting for MT5 to create it...","timestamp":"2026-03-29 09:15:01"}
{"level":"warn","message":"Price feed has stale data:","staleCount":4,"timestamp":"2026-03-29 09:15:01","total":4}
{"level":"warn","message":"DWX market data file not found — waiting for MT5 to create it...","timestamp":"2026-03-29 09:15:02"}
{"level":"warn","message":"Price feed has stale data:","staleCount":4,"timestamp":"2026-03-29 09:15:02","total":4}
{"level":"warn","message":"DWX market data file not found — waiting for MT5 to create it...","timestamp":"2026-03-29 09:15:03"}
{"level":"warn","message":"Price feed has stale data:","staleCount":4,"timestamp":"2026-03-29 09:15:03","total":4}
{"level":"warn","message":"DWX market data file not found — waiting for MT5 to create it...","timestamp":"2026-03-29 09:15:04"}
{"level":"warn","message":"Price feed has stale data:","staleCount":4,"timestamp":"2026-03-29 09:15:04","total":4}
{"level":"warn","message":"DWX file not found — will retry watcher in 5s...","timestamp":"2026-03-29 09:15:04"}
{"level":"warn","message":"DWX market data file not found — waiting for MT5 to create it...","timestamp":"2026-03-29 09:15:05"}
{"level":"warn","message":"Price feed has stale data:","staleCount":4,"timestamp":"2026-03-29 09:15:05","total":4}
{"level":"warn","message":"DWX market data file not found — waiting for MT5 to create it...","timestamp":"2026-03-29 09:15:06"}
{"level":"warn","message":"Price feed has stale data:","staleCount":4,"timestamp":"2026-03-29 09:15:06","total":4}
{"level":"warn","message":"DWX market data file not found — waiting for MT5 to create it...","timestamp":"2026-03-29 09:15:07"}
{"level":"warn","message":"Price feed has stale data:","staleCount":4,"timestamp":"2026-03-29 09:15:07","total":4}
{"level":"warn","message":"DWX market data file not found — waiting for MT5 to create it...","timestamp":"2026-03-29 09:15:08"}
{"level":"warn","message":"Price feed has stale data:","staleCount":4,"timestamp":"2026-03-29 09:15:08","total":4}
{"level":"warn","message":"DWX market data file not found — waiting for MT5 to create it...","timestamp":"2026-03-29 09:15:09"}
{"level":"warn","message":"Price feed has stale data:","staleCount":4,"timestamp":"2026-03-29 09:15:09","total":4}
{"level":"warn","message":"DWX file not found — will retry watcher in 5s...","timestamp":"2026-03-29 09:15:09"}
{"level":"warn","message":"DWX market data file not found — waiting for MT5 to create it...","timestamp":"2026-03-29 09:15:10"}
{"level":"warn","message":"Price feed has stale data:","staleCount":4,"timestamp":"2026-03-29 09:15:10","total":4}
{"level":"warn","message":"DWX market data file not found — waiting for MT5 to create it...","timestamp":"2026-03-29 09:15:11"}
{"level":"warn","message":"Price feed has stale data:","staleCount":4,"timestamp":"2026-03-29 09:15:11","total":4}
{"level":"warn","message":"DWX market data file not found — waiting for MT5 to create it...","timestamp":"2026-03-29 09:15:12"}
{"level":"warn","message":"Price feed has stale data:","staleCount":4,"timestamp":"2026-03-29 09:15:12","total":4}
{"level":"warn","message":"DWX market data file not found — waiting for MT5 to create it...","timestamp":"2026-03-29 09:15:13"}
{"level":"warn","message":"Price feed has stale data:","staleCount":4,"timestamp":"2026-03-29 09:15:13","total":4}
{"level":"warn","message":"DWX market data file not found — waiting for MT5 to create it...","timestamp":"2026-03-29 09:15:14"}
{"level":"warn","message":"Price feed has stale data:","staleCount":4,"timestamp":"2026-03-29 09:15:14","total":4}
{"level":"warn","message":"DWX file not found — will retry watcher in 5s...","timestamp":"2026-03-29 09:15:14"}
{"level":"warn","message":"DWX market data file not found — waiting for MT5 to create it...","timestamp":"2026-03-29 09:15:15"}
{"level":"warn","message":"Price feed has stale data:","staleCount":4,"timestamp":"2026-03-29 09:15:15","total":4}
{"level":"warn","message":"DWX market data file not found — waiting for MT5 to create it...","timestamp":"2026-03-29 09:15:16"}
{"level":"warn","message":"Price feed has stale data:","staleCount":4,"timestamp":"2026-03-29 09:15:16","total":4}
{"level":"warn","message":"DWX market data file not found — waiting for MT5 to create it...","timestamp":"2026-03-29 09:15:17"}
{"level":"warn","message":"Price feed has stale data:","staleCount":4,"timestamp":"2026-03-29 09:15:17","total":4}
{"duration_ms":1,"ip":"::1","level":"http","message":"GET /api/admin/announcement","status":404,"timestamp":"2026-03-29 09:15:17","userAgent":"Mozilla/5.0 (Windows NT 10.0; Win64; x64) AppleWebKit/537.36 (KHTML, like Gecko) Chrome/146.0.0.0 Safari/537.36 Edg/146.0.0.0"}
{"level":"warn","message":"DWX market data file not found — waiting for MT5 to create it...","timestamp":"2026-03-29 09:15:18"}
{"level":"warn","message":"Price feed has stale data:","staleCount":4,"timestamp":"2026-03-29 09:15:18","total":4}
{"level":"warn","message":"DWX market data file not found — waiting for MT5 to create it...","timestamp":"2026-03-29 09:15:19"}
{"level":"warn","message":"Price feed has stale data:","staleCount":4,"timestamp":"2026-03-29 09:15:19","total":4}
{"level":"warn","message":"DWX file not found — will retry watcher in 5s...","timestamp":"2026-03-29 09:15:19"}
{"level":"http","message":"Socket disconnected:","socketId":"jE-PpKB-p-vntVLjAAAC","timestamp":"2026-03-29 09:15:20"}
{"level":"warn","message":"DWX market data file not found — waiting for MT5 to create it...","timestamp":"2026-03-29 09:15:20"}
{"level":"warn","message":"Price feed has stale data:","staleCount":4,"timestamp":"2026-03-29 09:15:20","total":4}
{"level":"warn","message":"DWX market data file not found — waiting for MT5 to create it...","timestamp":"2026-03-29 09:15:21"}
{"level":"warn","message":"Price feed has stale data:","staleCount":4,"timestamp":"2026-03-29 09:15:21","total":4}
{"level":"warn","message":"DWX market data file not found — waiting for MT5 to create it...","timestamp":"2026-03-29 09:15:22"}
{"level":"warn","message":"Price feed has stale data:","staleCount":4,"timestamp":"2026-03-29 09:15:22","total":4}
{"level":"warn","message":"DWX market data file not found — waiting for MT5 to create it...","timestamp":"2026-03-29 09:15:23"}
{"level":"warn","message":"Price feed has stale data:","staleCount":4,"timestamp":"2026-03-29 09:15:23","total":4}
{"level":"warn","message":"DWX file not found — will retry watcher in 5s...","timestamp":"2026-03-29 09:15:24"}
{"level":"warn","message":"DWX market data file not found — waiting for MT5 to create it...","timestamp":"2026-03-29 09:15:24"}
{"level":"warn","message":"Price feed has stale data:","staleCount":4,"timestamp":"2026-03-29 09:15:24","total":4}
{"level":"warn","message":"DWX market data file not found — waiting for MT5 to create it...","timestamp":"2026-03-29 09:15:25"}
{"level":"warn","message":"Price feed has stale data:","staleCount":4,"timestamp":"2026-03-29 09:15:25","total":4}
{"level":"warn","message":"DWX market data file not found — waiting for MT5 to create it...","timestamp":"2026-03-29 09:15:26"}
{"level":"warn","message":"Price feed has stale data:","staleCount":4,"timestamp":"2026-03-29 09:15:26","total":4}
{"level":"warn","message":"DWX market data file not found — waiting for MT5 to create it...","timestamp":"2026-03-29 09:15:27"}
{"level":"warn","message":"Price feed has stale data:","staleCount":4,"timestamp":"2026-03-29 09:15:27","total":4}
{"level":"warn","message":"DWX market data file not found — waiting for MT5 to create it...","timestamp":"2026-03-29 09:15:28"}
{"level":"warn","message":"Price feed has stale data:","staleCount":4,"timestamp":"2026-03-29 09:15:28","total":4}
{"level":"warn","message":"DWX file not found — will retry watcher in 5s...","timestamp":"2026-03-29 09:15:29"}
{"level":"warn","message":"DWX market data file not found — waiting for MT5 to create it...","timestamp":"2026-03-29 09:15:29"}
{"level":"warn","message":"Price feed has stale data:","staleCount":4,"timestamp":"2026-03-29 09:15:29","total":4}
{"level":"warn","message":"DWX market data file not found — waiting for MT5 to create it...","timestamp":"2026-03-29 09:15:30"}
{"level":"warn","message":"Price feed has stale data:","staleCount":4,"timestamp":"2026-03-29 09:15:30","total":4}
{"level":"warn","message":"DWX market data file not found — waiting for MT5 to create it...","timestamp":"2026-03-29 09:15:31"}
{"level":"warn","message":"Price feed has stale data:","staleCount":4,"timestamp":"2026-03-29 09:15:31","total":4}
{"level":"warn","message":"DWX market data file not found — waiting for MT5 to create it...","timestamp":"2026-03-29 09:15:32"}
{"level":"warn","message":"Price feed has stale data:","staleCount":4,"timestamp":"2026-03-29 09:15:32","total":4}
{"level":"warn","message":"DWX market data file not found — waiting for MT5 to create it...","timestamp":"2026-03-29 09:15:33"}
{"level":"warn","message":"Price feed has stale data:","staleCount":4,"timestamp":"2026-03-29 09:15:33","total":4}
{"level":"warn","message":"DWX file not found — will retry watcher in 5s...","timestamp":"2026-03-29 09:15:34"}
{"level":"warn","message":"DWX market data file not found — waiting for MT5 to create it...","timestamp":"2026-03-29 09:15:34"}
{"level":"warn","message":"Price feed has stale data:","staleCount":4,"timestamp":"2026-03-29 09:15:34","total":4}
{"level":"warn","message":"DWX market data file not found — waiting for MT5 to create it...","timestamp":"2026-03-29 09:15:35"}
{"level":"warn","message":"Price feed has stale data:","staleCount":4,"timestamp":"2026-03-29 09:15:35","total":4}
{"level":"warn","message":"DWX market data file not found — waiting for MT5 to create it...","timestamp":"2026-03-29 09:15:36"}
{"level":"warn","message":"Price feed has stale data:","staleCount":4,"timestamp":"2026-03-29 09:15:36","total":4}
{"level":"warn","message":"DWX market data file not found — waiting for MT5 to create it...","timestamp":"2026-03-29 09:15:37"}
{"level":"warn","message":"Price feed has stale data:","staleCount":4,"timestamp":"2026-03-29 09:15:37","total":4}
{"level":"warn","message":"DWX market data file not found — waiting for MT5 to create it...","timestamp":"2026-03-29 09:15:38"}
{"level":"warn","message":"Price feed has stale data:","staleCount":4,"timestamp":"2026-03-29 09:15:38","total":4}
{"level":"warn","message":"DWX file not found — will retry watcher in 5s...","timestamp":"2026-03-29 09:15:39"}
{"level":"warn","message":"DWX market data file not found — waiting for MT5 to create it...","timestamp":"2026-03-29 09:15:39"}
{"level":"warn","message":"Price feed has stale data:","staleCount":4,"timestamp":"2026-03-29 09:15:39","total":4}
{"level":"warn","message":"DWX market data file not found — waiting for MT5 to create it...","timestamp":"2026-03-29 09:15:40"}
{"level":"warn","message":"Price feed has stale data:","staleCount":4,"timestamp":"2026-03-29 09:15:40","total":4}
{"level":"warn","message":"DWX market data file not found — waiting for MT5 to create it...","timestamp":"2026-03-29 09:15:41"}
{"level":"warn","message":"Price feed has stale data:","staleCount":4,"timestamp":"2026-03-29 09:15:41","total":4}
{"level":"warn","message":"DWX market data file not found — waiting for MT5 to create it...","timestamp":"2026-03-29 09:15:42"}
{"level":"warn","message":"Price feed has stale data:","staleCount":4,"timestamp":"2026-03-29 09:15:42","total":4}
{"level":"warn","message":"DWX market data file not found — waiting for MT5 to create it...","timestamp":"2026-03-29 09:15:43"}
{"level":"warn","message":"Price feed has stale data:","staleCount":4,"timestamp":"2026-03-29 09:15:43","total":4}
{"level":"warn","message":"DWX file not found — will retry watcher in 5s...","timestamp":"2026-03-29 09:15:44"}
{"level":"warn","message":"DWX market data file not found — waiting for MT5 to create it...","timestamp":"2026-03-29 09:15:44"}
{"level":"warn","message":"Price feed has stale data:","staleCount":4,"timestamp":"2026-03-29 09:15:44","total":4}
{"level":"warn","message":"DWX market data file not found — waiting for MT5 to create it...","timestamp":"2026-03-29 09:15:45"}
{"level":"warn","message":"Price feed has stale data:","staleCount":4,"timestamp":"2026-03-29 09:15:45","total":4}
{"level":"warn","message":"DWX market data file not found — waiting for MT5 to create it...","timestamp":"2026-03-29 09:15:46"}
{"level":"warn","message":"Price feed has stale data:","staleCount":4,"timestamp":"2026-03-29 09:15:46","total":4}
{"level":"warn","message":"DWX market data file not found — waiting for MT5 to create it...","timestamp":"2026-03-29 09:15:47"}
{"level":"warn","message":"Price feed has stale data:","staleCount":4,"timestamp":"2026-03-29 09:15:47","total":4}
{"level":"warn","message":"DWX market data file not found — waiting for MT5 to create it...","timestamp":"2026-03-29 09:15:48"}
{"level":"warn","message":"Price feed has stale data:","staleCount":4,"timestamp":"2026-03-29 09:15:48","total":4}
{"level":"warn","message":"DWX file not found — will retry watcher in 5s...","timestamp":"2026-03-29 09:15:49"}
{"level":"warn","message":"DWX market data file not found — waiting for MT5 to create it...","timestamp":"2026-03-29 09:15:49"}
{"level":"warn","message":"Price feed has stale data:","staleCount":4,"timestamp":"2026-03-29 09:15:49","total":4}
{"level":"warn","message":"DWX market data file not found — waiting for MT5 to create it...","timestamp":"2026-03-29 09:15:50"}
{"level":"warn","message":"Price feed has stale data:","staleCount":4,"timestamp":"2026-03-29 09:15:50","total":4}
{"level":"warn","message":"DWX market data file not found — waiting for MT5 to create it...","timestamp":"2026-03-29 09:15:51"}
{"level":"warn","message":"Price feed has stale data:","staleCount":4,"timestamp":"2026-03-29 09:15:51","total":4}
{"level":"warn","message":"DWX market data file not found — waiting for MT5 to create it...","timestamp":"2026-03-29 09:15:52"}
{"level":"warn","message":"Price feed has stale data:","staleCount":4,"timestamp":"2026-03-29 09:15:52","total":4}
{"level":"warn","message":"DWX market data file not found — waiting for MT5 to create it...","timestamp":"2026-03-29 09:15:53"}
{"level":"warn","message":"Price feed has stale data:","staleCount":4,"timestamp":"2026-03-29 09:15:53","total":4}
{"level":"warn","message":"DWX file not found — will retry watcher in 5s...","timestamp":"2026-03-29 09:15:54"}
{"level":"warn","message":"DWX market data file not found — waiting for MT5 to create it...","timestamp":"2026-03-29 09:15:54"}
{"level":"warn","message":"Price feed has stale data:","staleCount":4,"timestamp":"2026-03-29 09:15:54","total":4}
{"level":"warn","message":"DWX market data file not found — waiting for MT5 to create it...","timestamp":"2026-03-29 09:15:55"}
{"level":"warn","message":"Price feed has stale data:","staleCount":4,"timestamp":"2026-03-29 09:15:55","total":4}
{"level":"warn","message":"DWX market data file not found — waiting for MT5 to create it...","timestamp":"2026-03-29 09:15:56"}
{"level":"warn","message":"Price feed has stale data:","staleCount":4,"timestamp":"2026-03-29 09:15:56","total":4}
{"level":"warn","message":"DWX market data file not found — waiting for MT5 to create it...","timestamp":"2026-03-29 09:15:57"}
{"level":"warn","message":"Price feed has stale data:","staleCount":4,"timestamp":"2026-03-29 09:15:57","total":4}
{"level":"warn","message":"DWX market data file not found — waiting for MT5 to create it...","timestamp":"2026-03-29 09:15:58"}
{"level":"warn","message":"Price feed has stale data:","staleCount":4,"timestamp":"2026-03-29 09:15:58","total":4}
{"level":"warn","message":"DWX file not found — will retry watcher in 5s...","timestamp":"2026-03-29 09:15:59"}
{"level":"warn","message":"DWX market data file not found — waiting for MT5 to create it...","timestamp":"2026-03-29 09:15:59"}
{"level":"warn","message":"Price feed has stale data:","staleCount":4,"timestamp":"2026-03-29 09:15:59","total":4}
{"level":"warn","message":"DWX market data file not found — waiting for MT5 to create it...","timestamp":"2026-03-29 09:16:00"}
{"level":"warn","message":"Price feed has stale data:","staleCount":4,"timestamp":"2026-03-29 09:16:00","total":4}
{"level":"warn","message":"DWX market data file not found — waiting for MT5 to create it...","timestamp":"2026-03-29 09:16:01"}
{"level":"warn","message":"Price feed has stale data:","staleCount":4,"timestamp":"2026-03-29 09:16:01","total":4}
{"level":"warn","message":"DWX market data file not found — waiting for MT5 to create it...","timestamp":"2026-03-29 09:16:02"}
{"level":"warn","message":"Price feed has stale data:","staleCount":4,"timestamp":"2026-03-29 09:16:02","total":4}
{"level":"warn","message":"DWX market data file not found — waiting for MT5 to create it...","timestamp":"2026-03-29 09:16:03"}
{"level":"warn","message":"Price feed has stale data:","staleCount":4,"timestamp":"2026-03-29 09:16:03","total":4}
{"level":"warn","message":"DWX file not found — will retry watcher in 5s...","timestamp":"2026-03-29 09:16:04"}
{"level":"warn","message":"DWX market data file not found — waiting for MT5 to create it...","timestamp":"2026-03-29 09:16:04"}
{"level":"warn","message":"Price feed has stale data:","staleCount":4,"timestamp":"2026-03-29 09:16:04","total":4}
{"level":"warn","message":"DWX market data file not found — waiting for MT5 to create it...","timestamp":"2026-03-29 09:16:05"}
{"level":"warn","message":"Price feed has stale data:","staleCount":4,"timestamp":"2026-03-29 09:16:05","total":4}
{"level":"warn","message":"DWX market data file not found — waiting for MT5 to create it...","timestamp":"2026-03-29 09:16:06"}
{"level":"warn","message":"Price feed has stale data:","staleCount":4,"timestamp":"2026-03-29 09:16:06","total":4}
{"level":"warn","message":"DWX market data file not found — waiting for MT5 to create it...","timestamp":"2026-03-29 09:16:07"}
{"level":"warn","message":"Price feed has stale data:","staleCount":4,"timestamp":"2026-03-29 09:16:07","total":4}
{"level":"warn","message":"DWX market data file not found — waiting for MT5 to create it...","timestamp":"2026-03-29 09:16:08"}
{"level":"warn","message":"Price feed has stale data:","staleCount":4,"timestamp":"2026-03-29 09:16:08","total":4}
{"level":"warn","message":"DWX file not found — will retry watcher in 5s...","timestamp":"2026-03-29 09:16:09"}
{"level":"warn","message":"DWX market data file not found — waiting for MT5 to create it...","timestamp":"2026-03-29 09:16:09"}
{"level":"warn","message":"Price feed has stale data:","staleCount":4,"timestamp":"2026-03-29 09:16:09","total":4}
{"level":"warn","message":"DWX market data file not found — waiting for MT5 to create it...","timestamp":"2026-03-29 09:16:10"}
{"level":"warn","message":"Price feed has stale data:","staleCount":4,"timestamp":"2026-03-29 09:16:10","total":4}
{"level":"warn","message":"DWX market data file not found — waiting for MT5 to create it...","timestamp":"2026-03-29 09:16:11"}
{"level":"warn","message":"Price feed has stale data:","staleCount":4,"timestamp":"2026-03-29 09:16:11","total":4}
{"level":"warn","message":"DWX market data file not found — waiting for MT5 to create it...","timestamp":"2026-03-29 09:16:12"}
{"level":"warn","message":"Price feed has stale data:","staleCount":4,"timestamp":"2026-03-29 09:16:12","total":4}
{"level":"warn","message":"DWX market data file not found — waiting for MT5 to create it...","timestamp":"2026-03-29 09:16:13"}
{"level":"warn","message":"Price feed has stale data:","staleCount":4,"timestamp":"2026-03-29 09:16:13","total":4}
{"level":"warn","message":"DWX file not found — will retry watcher in 5s...","timestamp":"2026-03-29 09:16:14"}
{"level":"warn","message":"DWX market data file not found — waiting for MT5 to create it...","timestamp":"2026-03-29 09:16:14"}
{"level":"warn","message":"Price feed has stale data:","staleCount":4,"timestamp":"2026-03-29 09:16:14","total":4}
{"level":"warn","message":"DWX market data file not found — waiting for MT5 to create it...","timestamp":"2026-03-29 09:16:15"}
{"level":"warn","message":"Price feed has stale data:","staleCount":4,"timestamp":"2026-03-29 09:16:15","total":4}
{"level":"warn","message":"DWX market data file not found — waiting for MT5 to create it...","timestamp":"2026-03-29 09:16:16"}
{"level":"warn","message":"Price feed has stale data:","staleCount":4,"timestamp":"2026-03-29 09:16:16","total":4}
{"level":"warn","message":"DWX market data file not found — waiting for MT5 to create it...","timestamp":"2026-03-29 09:16:17"}
{"level":"warn","message":"Price feed has stale data:","staleCount":4,"timestamp":"2026-03-29 09:16:17","total":4}
{"level":"warn","message":"DWX market data file not found — waiting for MT5 to create it...","timestamp":"2026-03-29 09:16:18"}
{"level":"warn","message":"Price feed has stale data:","staleCount":4,"timestamp":"2026-03-29 09:16:18","total":4}
{"level":"warn","message":"DWX file not found — will retry watcher in 5s...","timestamp":"2026-03-29 09:16:19"}
{"level":"warn","message":"DWX market data file not found — waiting for MT5 to create it...","timestamp":"2026-03-29 09:16:19"}
{"level":"warn","message":"Price feed has stale data:","staleCount":4,"timestamp":"2026-03-29 09:16:19","total":4}
{"level":"warn","message":"DWX market data file not found — waiting for MT5 to create it...","timestamp":"2026-03-29 09:16:20"}
{"level":"warn","message":"Price feed has stale data:","staleCount":4,"timestamp":"2026-03-29 09:16:20","total":4}
{"level":"warn","message":"DWX market data file not found — waiting for MT5 to create it...","timestamp":"2026-03-29 09:16:21"}
{"level":"warn","message":"Price feed has stale data:","staleCount":4,"timestamp":"2026-03-29 09:16:21","total":4}
{"level":"warn","message":"DWX market data file not found — waiting for MT5 to create it...","timestamp":"2026-03-29 09:16:22"}
{"level":"warn","message":"Price feed has stale data:","staleCount":4,"timestamp":"2026-03-29 09:16:22","total":4}
{"level":"warn","message":"DWX market data file not found — waiting for MT5 to create it...","timestamp":"2026-03-29 09:16:23"}
{"level":"warn","message":"Price feed has stale data:","staleCount":4,"timestamp":"2026-03-29 09:16:23","total":4}
{"level":"warn","message":"DWX file not found — will retry watcher in 5s...","timestamp":"2026-03-29 09:16:24"}
{"level":"warn","message":"DWX market data file not found — waiting for MT5 to create it...","timestamp":"2026-03-29 09:16:24"}
{"level":"warn","message":"Price feed has stale data:","staleCount":4,"timestamp":"2026-03-29 09:16:24","total":4}
{"level":"warn","message":"DWX market data file not found — waiting for MT5 to create it...","timestamp":"2026-03-29 09:16:25"}
{"level":"warn","message":"Price feed has stale data:","staleCount":4,"timestamp":"2026-03-29 09:16:25","total":4}
{"level":"warn","message":"DWX market data file not found — waiting for MT5 to create it...","timestamp":"2026-03-29 09:16:26"}
{"level":"warn","message":"Price feed has stale data:","staleCount":4,"timestamp":"2026-03-29 09:16:26","total":4}
{"level":"warn","message":"DWX market data file not found — waiting for MT5 to create it...","timestamp":"2026-03-29 09:16:27"}
{"level":"warn","message":"Price feed has stale data:","staleCount":4,"timestamp":"2026-03-29 09:16:27","total":4}
{"level":"warn","message":"DWX market data file not found — waiting for MT5 to create it...","timestamp":"2026-03-29 09:16:28"}
{"level":"warn","message":"Price feed has stale data:","staleCount":4,"timestamp":"2026-03-29 09:16:28","total":4}
{"level":"warn","message":"DWX file not found — will retry watcher in 5s...","timestamp":"2026-03-29 09:16:29"}
{"level":"warn","message":"DWX market data file not found — waiting for MT5 to create it...","timestamp":"2026-03-29 09:16:29"}
{"level":"warn","message":"Price feed has stale data:","staleCount":4,"timestamp":"2026-03-29 09:16:29","total":4}
{"level":"warn","message":"DWX market data file not found — waiting for MT5 to create it...","timestamp":"2026-03-29 09:16:30"}
{"level":"warn","message":"Price feed has stale data:","staleCount":4,"timestamp":"2026-03-29 09:16:30","total":4}
{"level":"warn","message":"DWX market data file not found — waiting for MT5 to create it...","timestamp":"2026-03-29 09:16:31"}
{"level":"warn","message":"Price feed has stale data:","staleCount":4,"timestamp":"2026-03-29 09:16:31","total":4}
{"level":"warn","message":"DWX market data file not found — waiting for MT5 to create it...","timestamp":"2026-03-29 09:16:32"}
{"level":"warn","message":"Price feed has stale data:","staleCount":4,"timestamp":"2026-03-29 09:16:32","total":4}
{"level":"warn","message":"DWX market data file not found — waiting for MT5 to create it...","timestamp":"2026-03-29 09:16:33"}
{"level":"warn","message":"Price feed has stale data:","staleCount":4,"timestamp":"2026-03-29 09:16:33","total":4}
{"level":"warn","message":"DWX file not found — will retry watcher in 5s...","timestamp":"2026-03-29 09:16:34"}
{"level":"warn","message":"DWX market data file not found — waiting for MT5 to create it...","timestamp":"2026-03-29 09:16:34"}
{"level":"warn","message":"Price feed has stale data:","staleCount":4,"timestamp":"2026-03-29 09:16:34","total":4}
{"level":"warn","message":"DWX market data file not found — waiting for MT5 to create it...","timestamp":"2026-03-29 09:16:35"}
{"level":"warn","message":"Price feed has stale data:","staleCount":4,"timestamp":"2026-03-29 09:16:35","total":4}
{"level":"warn","message":"DWX market data file not found — waiting for MT5 to create it...","timestamp":"2026-03-29 09:16:36"}
{"level":"warn","message":"Price feed has stale data:","staleCount":4,"timestamp":"2026-03-29 09:16:36","total":4}
{"level":"warn","message":"DWX market data file not found — waiting for MT5 to create it...","timestamp":"2026-03-29 09:16:37"}
{"level":"warn","message":"Price feed has stale data:","staleCount":4,"timestamp":"2026-03-29 09:16:37","total":4}
{"level":"warn","message":"DWX market data file not found — waiting for MT5 to create it...","timestamp":"2026-03-29 09:16:38"}
{"level":"warn","message":"Price feed has stale data:","staleCount":4,"timestamp":"2026-03-29 09:16:38","total":4}
{"level":"warn","message":"DWX file not found — will retry watcher in 5s...","timestamp":"2026-03-29 09:16:39"}
{"level":"warn","message":"DWX market data file not found — waiting for MT5 to create it...","timestamp":"2026-03-29 09:16:39"}
{"level":"warn","message":"Price feed has stale data:","staleCount":4,"timestamp":"2026-03-29 09:16:39","total":4}
{"level":"warn","message":"DWX market data file not found — waiting for MT5 to create it...","timestamp":"2026-03-29 09:16:40"}
{"level":"warn","message":"Price feed has stale data:","staleCount":4,"timestamp":"2026-03-29 09:16:40","total":4}
{"level":"warn","message":"DWX market data file not found — waiting for MT5 to create it...","timestamp":"2026-03-29 09:16:41"}
{"level":"warn","message":"Price feed has stale data:","staleCount":4,"timestamp":"2026-03-29 09:16:41","total":4}
{"level":"warn","message":"DWX market data file not found — waiting for MT5 to create it...","timestamp":"2026-03-29 09:16:42"}
{"level":"warn","message":"Price feed has stale data:","staleCount":4,"timestamp":"2026-03-29 09:16:42","total":4}
{"level":"warn","message":"DWX market data file not found — waiting for MT5 to create it...","timestamp":"2026-03-29 09:16:43"}
{"level":"warn","message":"Price feed has stale data:","staleCount":4,"timestamp":"2026-03-29 09:16:43","total":4}
{"level":"warn","message":"DWX file not found — will retry watcher in 5s...","timestamp":"2026-03-29 09:16:44"}
{"level":"warn","message":"DWX market data file not found — waiting for MT5 to create it...","timestamp":"2026-03-29 09:16:44"}
{"level":"warn","message":"Price feed has stale data:","staleCount":4,"timestamp":"2026-03-29 09:16:44","total":4}
{"level":"warn","message":"DWX market data file not found — waiting for MT5 to create it...","timestamp":"2026-03-29 09:16:45"}
{"level":"warn","message":"Price feed has stale data:","staleCount":4,"timestamp":"2026-03-29 09:16:45","total":4}
{"level":"warn","message":"DWX market data file not found — waiting for MT5 to create it...","timestamp":"2026-03-29 09:16:46"}
{"level":"warn","message":"Price feed has stale data:","staleCount":4,"timestamp":"2026-03-29 09:16:46","total":4}
{"level":"warn","message":"DWX market data file not found — waiting for MT5 to create it...","timestamp":"2026-03-29 09:16:47"}
{"level":"warn","message":"Price feed has stale data:","staleCount":4,"timestamp":"2026-03-29 09:16:47","total":4}
{"level":"warn","message":"DWX market data file not found — waiting for MT5 to create it...","timestamp":"2026-03-29 09:16:48"}
{"level":"warn","message":"Price feed has stale data:","staleCount":4,"timestamp":"2026-03-29 09:16:48","total":4}
{"level":"warn","message":"DWX file not found — will retry watcher in 5s...","timestamp":"2026-03-29 09:16:49"}
{"level":"warn","message":"DWX market data file not found — waiting for MT5 to create it...","timestamp":"2026-03-29 09:16:49"}
{"level":"warn","message":"Price feed has stale data:","staleCount":4,"timestamp":"2026-03-29 09:16:49","total":4}
{"level":"warn","message":"DWX market data file not found — waiting for MT5 to create it...","timestamp":"2026-03-29 09:16:50"}
{"level":"warn","message":"Price feed has stale data:","staleCount":4,"timestamp":"2026-03-29 09:16:50","total":4}
{"level":"warn","message":"DWX market data file not found — waiting for MT5 to create it...","timestamp":"2026-03-29 09:16:51"}
{"level":"warn","message":"Price feed has stale data:","staleCount":4,"timestamp":"2026-03-29 09:16:51","total":4}
{"level":"warn","message":"DWX market data file not found — waiting for MT5 to create it...","timestamp":"2026-03-29 09:16:52"}
{"level":"warn","message":"Price feed has stale data:","staleCount":4,"timestamp":"2026-03-29 09:16:52","total":4}
{"level":"warn","message":"DWX market data file not found — waiting for MT5 to create it...","timestamp":"2026-03-29 09:16:53"}
{"level":"warn","message":"Price feed has stale data:","staleCount":4,"timestamp":"2026-03-29 09:16:53","total":4}
{"level":"warn","message":"DWX file not found — will retry watcher in 5s...","timestamp":"2026-03-29 09:16:54"}
{"level":"warn","message":"DWX market data file not found — waiting for MT5 to create it...","timestamp":"2026-03-29 09:16:54"}
{"level":"warn","message":"Price feed has stale data:","staleCount":4,"timestamp":"2026-03-29 09:16:54","total":4}
{"level":"warn","message":"DWX market data file not found — waiting for MT5 to create it...","timestamp":"2026-03-29 09:16:55"}
{"level":"warn","message":"Price feed has stale data:","staleCount":4,"timestamp":"2026-03-29 09:16:55","total":4}
{"level":"warn","message":"DWX market data file not found — waiting for MT5 to create it...","timestamp":"2026-03-29 09:16:56"}
{"level":"warn","message":"Price feed has stale data:","staleCount":4,"timestamp":"2026-03-29 09:16:56","total":4}
{"level":"warn","message":"DWX market data file not found — waiting for MT5 to create it...","timestamp":"2026-03-29 09:16:57"}
{"level":"warn","message":"Price feed has stale data:","staleCount":4,"timestamp":"2026-03-29 09:16:57","total":4}
{"level":"warn","message":"DWX market data file not found — waiting for MT5 to create it...","timestamp":"2026-03-29 09:16:59"}
{"level":"warn","message":"Price feed has stale data:","staleCount":4,"timestamp":"2026-03-29 09:16:59","total":4}
{"level":"warn","message":"DWX file not found — will retry watcher in 5s...","timestamp":"2026-03-29 09:16:59"}
{"level":"warn","message":"DWX market data file not found — waiting for MT5 to create it...","timestamp":"2026-03-29 09:16:59"}
{"level":"warn","message":"Price feed has stale data:","staleCount":4,"timestamp":"2026-03-29 09:17:00","total":4}
{"level":"warn","message":"DWX market data file not found — waiting for MT5 to create it...","timestamp":"2026-03-29 09:17:01"}
{"level":"warn","message":"Price feed has stale data:","staleCount":4,"timestamp":"2026-03-29 09:17:01","total":4}
{"level":"warn","message":"DWX market data file not found — waiting for MT5 to create it...","timestamp":"2026-03-29 09:17:02"}
{"level":"warn","message":"Price feed has stale data:","staleCount":4,"timestamp":"2026-03-29 09:17:02","total":4}
{"level":"warn","message":"DWX market data file not found — waiting for MT5 to create it...","timestamp":"2026-03-29 09:17:03"}
{"level":"warn","message":"Price feed has stale data:","staleCount":4,"timestamp":"2026-03-29 09:17:03","total":4}
{"level":"warn","message":"DWX market data file not found — waiting for MT5 to create it...","timestamp":"2026-03-29 09:17:04"}
{"level":"warn","message":"Price feed has stale data:","staleCount":4,"timestamp":"2026-03-29 09:17:04","total":4}
{"level":"warn","message":"DWX file not found — will retry watcher in 5s...","timestamp":"2026-03-29 09:17:04"}
{"level":"warn","message":"DWX market data file not found — waiting for MT5 to create it...","timestamp":"2026-03-29 09:17:05"}
{"level":"warn","message":"Price feed has stale data:","staleCount":4,"timestamp":"2026-03-29 09:17:05","total":4}
{"level":"warn","message":"DWX market data file not found — waiting for MT5 to create it...","timestamp":"2026-03-29 09:17:06"}
{"level":"warn","message":"Price feed has stale data:","staleCount":4,"timestamp":"2026-03-29 09:17:06","total":4}
{"level":"warn","message":"DWX market data file not found — waiting for MT5 to create it...","timestamp":"2026-03-29 09:17:07"}
{"level":"warn","message":"Price feed has stale data:","staleCount":4,"timestamp":"2026-03-29 09:17:07","total":4}
{"level":"warn","message":"DWX market data file not found — waiting for MT5 to create it...","timestamp":"2026-03-29 09:17:08"}
{"level":"warn","message":"Price feed has stale data:","staleCount":4,"timestamp":"2026-03-29 09:17:08","total":4}
{"level":"warn","message":"DWX market data file not found — waiting for MT5 to create it...","timestamp":"2026-03-29 09:17:09"}
{"level":"warn","message":"Price feed has stale data:","staleCount":4,"timestamp":"2026-03-29 09:17:09","total":4}
{"level":"warn","message":"DWX file not found — will retry watcher in 5s...","timestamp":"2026-03-29 09:17:09"}
{"level":"warn","message":"DWX market data file not found — waiting for MT5 to create it...","timestamp":"2026-03-29 09:17:10"}
{"level":"warn","message":"Price feed has stale data:","staleCount":4,"timestamp":"2026-03-29 09:17:10","total":4}
{"level":"warn","message":"DWX market data file not found — waiting for MT5 to create it...","timestamp":"2026-03-29 09:17:11"}
{"level":"warn","message":"Price feed has stale data:","staleCount":4,"timestamp":"2026-03-29 09:17:11","total":4}
{"level":"warn","message":"DWX market data file not found — waiting for MT5 to create it...","timestamp":"2026-03-29 09:17:12"}
{"level":"warn","message":"Price feed has stale data:","staleCount":4,"timestamp":"2026-03-29 09:17:12","total":4}
{"level":"warn","message":"DWX market data file not found — waiting for MT5 to create it...","timestamp":"2026-03-29 09:17:13"}
{"level":"warn","message":"Price feed has stale data:","staleCount":4,"timestamp":"2026-03-29 09:17:13","total":4}
{"level":"warn","message":"DWX market data file not found — waiting for MT5 to create it...","timestamp":"2026-03-29 09:17:14"}
{"level":"warn","message":"Price feed has stale data:","staleCount":4,"timestamp":"2026-03-29 09:17:14","total":4}
{"level":"warn","message":"DWX file not found — will retry watcher in 5s...","timestamp":"2026-03-29 09:17:14"}
{"level":"warn","message":"DWX market data file not found — waiting for MT5 to create it...","timestamp":"2026-03-29 09:17:15"}
{"level":"warn","message":"Price feed has stale data:","staleCount":4,"timestamp":"2026-03-29 09:17:15","total":4}
{"level":"warn","message":"DWX market data file not found — waiting for MT5 to create it...","timestamp":"2026-03-29 09:17:16"}
{"level":"warn","message":"Price feed has stale data:","staleCount":4,"timestamp":"2026-03-29 09:17:16","total":4}
{"level":"warn","message":"DWX market data file not found — waiting for MT5 to create it...","timestamp":"2026-03-29 09:17:17"}
{"level":"warn","message":"Price feed has stale data:","staleCount":4,"timestamp":"2026-03-29 09:17:17","total":4}
{"level":"warn","message":"DWX market data file not found — waiting for MT5 to create it...","timestamp":"2026-03-29 09:17:18"}
{"level":"warn","message":"Price feed has stale data:","staleCount":4,"timestamp":"2026-03-29 09:17:18","total":4}
{"level":"warn","message":"DWX market data file not found — waiting for MT5 to create it...","timestamp":"2026-03-29 09:17:19"}
{"level":"warn","message":"Price feed has stale data:","staleCount":4,"timestamp":"2026-03-29 09:17:19","total":4}
{"level":"warn","message":"DWX file not found — will retry watcher in 5s...","timestamp":"2026-03-29 09:17:19"}
{"level":"warn","message":"DWX market data file not found — waiting for MT5 to create it...","timestamp":"2026-03-29 09:17:20"}
{"level":"warn","message":"Price feed has stale data:","staleCount":4,"timestamp":"2026-03-29 09:17:20","total":4}
{"level":"warn","message":"DWX market data file not found — waiting for MT5 to create it...","timestamp":"2026-03-29 09:17:21"}
{"level":"warn","message":"Price feed has stale data:","staleCount":4,"timestamp":"2026-03-29 09:17:21","total":4}
{"level":"warn","message":"DWX market data file not found — waiting for MT5 to create it...","timestamp":"2026-03-29 09:17:22"}
{"level":"warn","message":"Price feed has stale data:","staleCount":4,"timestamp":"2026-03-29 09:17:22","total":4}
{"level":"warn","message":"DWX market data file not found — waiting for MT5 to create it...","timestamp":"2026-03-29 09:17:23"}
{"level":"warn","message":"Price feed has stale data:","staleCount":4,"timestamp":"2026-03-29 09:17:23","total":4}
{"level":"warn","message":"DWX market data file not found — waiting for MT5 to create it...","timestamp":"2026-03-29 09:17:24"}
{"level":"warn","message":"Price feed has stale data:","staleCount":4,"timestamp":"2026-03-29 09:17:24","total":4}
{"level":"warn","message":"DWX file not found — will retry watcher in 5s...","timestamp":"2026-03-29 09:17:24"}
{"level":"warn","message":"DWX market data file not found — waiting for MT5 to create it...","timestamp":"2026-03-29 09:17:25"}
{"level":"warn","message":"Price feed has stale data:","staleCount":4,"timestamp":"2026-03-29 09:17:25","total":4}
{"level":"warn","message":"DWX market data file not found — waiting for MT5 to create it...","timestamp":"2026-03-29 09:17:26"}
{"level":"warn","message":"Price feed has stale data:","staleCount":4,"timestamp":"2026-03-29 09:17:26","total":4}
{"level":"warn","message":"DWX market data file not found — waiting for MT5 to create it...","timestamp":"2026-03-29 09:17:27"}
{"level":"warn","message":"Price feed has stale data:","staleCount":4,"timestamp":"2026-03-29 09:17:27","total":4}
{"level":"warn","message":"DWX market data file not found — waiting for MT5 to create it...","timestamp":"2026-03-29 09:17:28"}
{"level":"warn","message":"Price feed has stale data:","staleCount":4,"timestamp":"2026-03-29 09:17:28","total":4}
{"level":"warn","message":"DWX market data file not found — waiting for MT5 to create it...","timestamp":"2026-03-29 09:17:29"}
{"level":"warn","message":"Price feed has stale data:","staleCount":4,"timestamp":"2026-03-29 09:17:29","total":4}
{"level":"warn","message":"DWX file not found — will retry watcher in 5s...","timestamp":"2026-03-29 09:17:29"}
{"level":"warn","message":"DWX market data file not found — waiting for MT5 to create it...","timestamp":"2026-03-29 09:17:30"}
{"level":"warn","message":"Price feed has stale data:","staleCount":4,"timestamp":"2026-03-29 09:17:30","total":4}
{"level":"warn","message":"DWX market data file not found — waiting for MT5 to create it...","timestamp":"2026-03-29 09:17:31"}
{"level":"warn","message":"Price feed has stale data:","staleCount":4,"timestamp":"2026-03-29 09:17:31","total":4}
{"level":"warn","message":"DWX market data file not found — waiting for MT5 to create it...","timestamp":"2026-03-29 09:17:32"}
{"level":"warn","message":"Price feed has stale data:","staleCount":4,"timestamp":"2026-03-29 09:17:32","total":4}
{"level":"warn","message":"DWX market data file not found — waiting for MT5 to create it...","timestamp":"2026-03-29 09:17:33"}
{"level":"warn","message":"Price feed has stale data:","staleCount":4,"timestamp":"2026-03-29 09:17:33","total":4}
{"level":"warn","message":"DWX market data file not found — waiting for MT5 to create it...","timestamp":"2026-03-29 09:17:34"}
{"level":"warn","message":"Price feed has stale data:","staleCount":4,"timestamp":"2026-03-29 09:17:34","total":4}
{"level":"warn","message":"DWX file not found — will retry watcher in 5s...","timestamp":"2026-03-29 09:17:34"}
{"level":"warn","message":"DWX market data file not found — waiting for MT5 to create it...","timestamp":"2026-03-29 09:17:35"}
{"level":"warn","message":"Price feed has stale data:","staleCount":4,"timestamp":"2026-03-29 09:17:35","total":4}
{"level":"warn","message":"DWX market data file not found — waiting for MT5 to create it...","timestamp":"2026-03-29 09:17:36"}
{"level":"warn","message":"Price feed has stale data:","staleCount":4,"timestamp":"2026-03-29 09:17:36","total":4}
{"level":"warn","message":"DWX market data file not found — waiting for MT5 to create it...","timestamp":"2026-03-29 09:17:37"}
{"level":"warn","message":"Price feed has stale data:","staleCount":4,"timestamp":"2026-03-29 09:17:37","total":4}
{"level":"warn","message":"DWX market data file not found — waiting for MT5 to create it...","timestamp":"2026-03-29 09:17:38"}
{"level":"warn","message":"Price feed has stale data:","staleCount":4,"timestamp":"2026-03-29 09:17:38","total":4}
{"level":"warn","message":"DWX market data file not found — waiting for MT5 to create it...","timestamp":"2026-03-29 09:17:39"}
{"level":"warn","message":"Price feed has stale data:","staleCount":4,"timestamp":"2026-03-29 09:17:39","total":4}
{"level":"warn","message":"DWX file not found — will retry watcher in 5s...","timestamp":"2026-03-29 09:17:39"}
{"level":"warn","message":"DWX market data file not found — waiting for MT5 to create it...","timestamp":"2026-03-29 09:17:40"}
{"level":"warn","message":"Price feed has stale data:","staleCount":4,"timestamp":"2026-03-29 09:17:40","total":4}
{"level":"warn","message":"DWX market data file not found — waiting for MT5 to create it...","timestamp":"2026-03-29 09:17:41"}
{"level":"warn","message":"Price feed has stale data:","staleCount":4,"timestamp":"2026-03-29 09:17:41","total":4}
{"level":"warn","message":"DWX market data file not found — waiting for MT5 to create it...","timestamp":"2026-03-29 09:17:42"}
{"level":"warn","message":"Price feed has stale data:","staleCount":4,"timestamp":"2026-03-29 09:17:42","total":4}
{"level":"warn","message":"DWX market data file not found — waiting for MT5 to create it...","timestamp":"2026-03-29 09:17:43"}
{"level":"warn","message":"Price feed has stale data:","staleCount":4,"timestamp":"2026-03-29 09:17:43","total":4}
{"level":"warn","message":"DWX market data file not found — waiting for MT5 to create it...","timestamp":"2026-03-29 09:17:44"}
{"level":"warn","message":"Price feed has stale data:","staleCount":4,"timestamp":"2026-03-29 09:17:44","total":4}
{"level":"warn","message":"DWX file not found — will retry watcher in 5s...","timestamp":"2026-03-29 09:17:44"}
{"level":"warn","message":"DWX market data file not found — waiting for MT5 to create it...","timestamp":"2026-03-29 09:17:45"}
{"level":"warn","message":"Price feed has stale data:","staleCount":4,"timestamp":"2026-03-29 09:17:45","total":4}
{"level":"warn","message":"DWX market data file not found — waiting for MT5 to create it...","timestamp":"2026-03-29 09:17:46"}
{"level":"warn","message":"Price feed has stale data:","staleCount":4,"timestamp":"2026-03-29 09:17:46","total":4}
{"level":"warn","message":"DWX market data file not found — waiting for MT5 to create it...","timestamp":"2026-03-29 09:17:47"}
{"level":"warn","message":"Price feed has stale data:","staleCount":4,"timestamp":"2026-03-29 09:17:47","total":4}
{"level":"warn","message":"DWX market data file not found — waiting for MT5 to create it...","timestamp":"2026-03-29 09:17:48"}
{"level":"warn","message":"Price feed has stale data:","staleCount":4,"timestamp":"2026-03-29 09:17:48","total":4}
{"level":"warn","message":"DWX market data file not found — waiting for MT5 to create it...","timestamp":"2026-03-29 09:17:49"}
{"level":"warn","message":"Price feed has stale data:","staleCount":4,"timestamp":"2026-03-29 09:17:49","total":4}
{"level":"warn","message":"DWX file not found — will retry watcher in 5s...","timestamp":"2026-03-29 09:17:49"}
{"level":"warn","message":"DWX market data file not found — waiting for MT5 to create it...","timestamp":"2026-03-29 09:17:50"}
{"level":"warn","message":"Price feed has stale data:","staleCount":4,"timestamp":"2026-03-29 09:17:50","total":4}
{"level":"warn","message":"DWX market data file not found — waiting for MT5 to create it...","timestamp":"2026-03-29 09:17:51"}
{"level":"warn","message":"Price feed has stale data:","staleCount":4,"timestamp":"2026-03-29 09:17:51","total":4}
{"level":"warn","message":"DWX market data file not found — waiting for MT5 to create it...","timestamp":"2026-03-29 09:17:52"}
{"level":"warn","message":"Price feed has stale data:","staleCount":4,"timestamp":"2026-03-29 09:17:52","total":4}
{"level":"warn","message":"DWX market data file not found — waiting for MT5 to create it...","timestamp":"2026-03-29 09:17:53"}
{"level":"warn","message":"Price feed has stale data:","staleCount":4,"timestamp":"2026-03-29 09:17:53","total":4}
{"level":"warn","message":"DWX market data file not found — waiting for MT5 to create it...","timestamp":"2026-03-29 09:17:54"}
{"level":"warn","message":"Price feed has stale data:","staleCount":4,"timestamp":"2026-03-29 09:17:54","total":4}
{"level":"warn","message":"DWX file not found — will retry watcher in 5s...","timestamp":"2026-03-29 09:17:54"}
{"level":"warn","message":"DWX market data file not found — waiting for MT5 to create it...","timestamp":"2026-03-29 09:17:55"}
{"level":"warn","message":"Price feed has stale data:","staleCount":4,"timestamp":"2026-03-29 09:17:55","total":4}
{"level":"warn","message":"DWX market data file not found — waiting for MT5 to create it...","timestamp":"2026-03-29 09:17:56"}
{"level":"warn","message":"Price feed has stale data:","staleCount":4,"timestamp":"2026-03-29 09:17:56","total":4}
{"level":"warn","message":"DWX market data file not found — waiting for MT5 to create it...","timestamp":"2026-03-29 09:17:57"}
{"level":"warn","message":"Price feed has stale data:","staleCount":4,"timestamp":"2026-03-29 09:17:57","total":4}
{"level":"warn","message":"DWX market data file not found — waiting for MT5 to create it...","timestamp":"2026-03-29 09:17:58"}
{"level":"warn","message":"Price feed has stale data:","staleCount":4,"timestamp":"2026-03-29 09:17:58","total":4}
{"level":"warn","message":"DWX market data file not found — waiting for MT5 to create it...","timestamp":"2026-03-29 09:17:59"}
{"level":"warn","message":"Price feed has stale data:","staleCount":4,"timestamp":"2026-03-29 09:17:59","total":4}
{"level":"warn","message":"DWX file not found — will retry watcher in 5s...","timestamp":"2026-03-29 09:17:59"}
{"level":"warn","message":"DWX market data file not found — waiting for MT5 to create it...","timestamp":"2026-03-29 09:18:00"}
{"level":"warn","message":"Price feed has stale data:","staleCount":4,"timestamp":"2026-03-29 09:18:00","total":4}
{"level":"warn","message":"DWX market data file not found — waiting for MT5 to create it...","timestamp":"2026-03-29 09:18:01"}
{"level":"warn","message":"Price feed has stale data:","staleCount":4,"timestamp":"2026-03-29 09:18:01","total":4}
{"level":"warn","message":"DWX market data file not found — waiting for MT5 to create it...","timestamp":"2026-03-29 09:18:02"}
{"level":"warn","message":"Price feed has stale data:","staleCount":4,"timestamp":"2026-03-29 09:18:02","total":4}
{"level":"warn","message":"DWX market data file not found — waiting for MT5 to create it...","timestamp":"2026-03-29 09:18:03"}
{"level":"warn","message":"Price feed has stale data:","staleCount":4,"timestamp":"2026-03-29 09:18:03","total":4}
{"level":"warn","message":"DWX market data file not found — waiting for MT5 to create it...","timestamp":"2026-03-29 09:18:04"}
{"level":"warn","message":"Price feed has stale data:","staleCount":4,"timestamp":"2026-03-29 09:18:04","total":4}
{"level":"warn","message":"DWX file not found — will retry watcher in 5s...","timestamp":"2026-03-29 09:18:04"}
{"level":"warn","message":"DWX market data file not found — waiting for MT5 to create it...","timestamp":"2026-03-29 09:18:05"}
{"level":"warn","message":"Price feed has stale data:","staleCount":4,"timestamp":"2026-03-29 09:18:05","total":4}
{"level":"warn","message":"DWX market data file not found — waiting for MT5 to create it...","timestamp":"2026-03-29 09:18:06"}
{"level":"warn","message":"Price feed has stale data:","staleCount":4,"timestamp":"2026-03-29 09:18:06","total":4}
{"level":"warn","message":"DWX market data file not found — waiting for MT5 to create it...","timestamp":"2026-03-29 09:18:07"}
{"level":"warn","message":"Price feed has stale data:","staleCount":4,"timestamp":"2026-03-29 09:18:07","total":4}
{"level":"info","message":"NewsService fetched 0 upcoming USD High impact events","timestamp":"2026-03-29 09:35:18"}
{"instruments":"EURUSD,GBPUSD,XAUUSD,XAGUSD","level":"info","message":"Subscribed to MT5 symbols:","timestamp":"2026-03-29 20:29:24"}
{"level":"warn","message":"DWX market data file not found — waiting for MT5 to create it...","timestamp":"2026-03-29 20:29:24"}
{"level":"warn","message":"DWX file not found — will retry watcher in 5s...","timestamp":"2026-03-29 20:29:24"}
{"level":"info","message":"NewsService started: watching for USD High impact events","timestamp":"2026-03-29 20:29:24"}
{"env":"development","level":"info","message":"Server started:","port":"5000","timestamp":"2026-03-29 20:29:24"}
{"level":"http","message":"Database connection established","timestamp":"2026-03-29 20:29:24"}
{"level":"info","message":"NewsService fetched 10 upcoming USD High impact events","timestamp":"2026-03-29 20:29:25"}
{"level":"warn","message":"DWX market data file not found — waiting for MT5 to create it...","timestamp":"2026-03-29 20:29:25"}
{"level":"warn","message":"Price feed has stale data:","staleCount":4,"timestamp":"2026-03-29 20:29:25","total":4}
{"level":"warn","message":"DWX market data file not found — waiting for MT5 to create it...","timestamp":"2026-03-29 20:29:26"}
{"level":"warn","message":"Price feed has stale data:","staleCount":4,"timestamp":"2026-03-29 20:29:26","total":4}
{"level":"warn","message":"DWX market data file not found — waiting for MT5 to create it...","timestamp":"2026-03-29 20:29:27"}
{"level":"warn","message":"Price feed has stale data:","staleCount":4,"timestamp":"2026-03-29 20:29:27","total":4}
{"level":"warn","message":"DWX market data file not found — waiting for MT5 to create it...","timestamp":"2026-03-29 20:29:28"}
{"level":"warn","message":"Price feed has stale data:","staleCount":4,"timestamp":"2026-03-29 20:29:28","total":4}
{"level":"warn","message":"DWX file not found — will retry watcher in 5s...","timestamp":"2026-03-29 20:29:29"}
{"level":"warn","message":"DWX market data file not found — waiting for MT5 to create it...","timestamp":"2026-03-29 20:29:29"}
{"level":"warn","message":"Price feed has stale data:","staleCount":4,"timestamp":"2026-03-29 20:29:29","total":4}
{"level":"warn","message":"DWX market data file not found — waiting for MT5 to create it...","timestamp":"2026-03-29 20:29:30"}
{"level":"warn","message":"Price feed has stale data:","staleCount":4,"timestamp":"2026-03-29 20:29:30","total":4}
{"level":"warn","message":"DWX market data file not found — waiting for MT5 to create it...","timestamp":"2026-03-29 20:29:31"}
{"level":"warn","message":"Price feed has stale data:","staleCount":4,"timestamp":"2026-03-29 20:29:31","total":4}
{"level":"warn","message":"DWX market data file not found — waiting for MT5 to create it...","timestamp":"2026-03-29 20:29:32"}
{"level":"warn","message":"Price feed has stale data:","staleCount":4,"timestamp":"2026-03-29 20:29:32","total":4}
{"level":"warn","message":"DWX market data file not found — waiting for MT5 to create it...","timestamp":"2026-03-29 20:29:33"}
{"level":"warn","message":"Price feed has stale data:","staleCount":4,"timestamp":"2026-03-29 20:29:33","total":4}
{"level":"warn","message":"DWX file not found — will retry watcher in 5s...","timestamp":"2026-03-29 20:29:34"}
{"level":"warn","message":"DWX market data file not found — waiting for MT5 to create it...","timestamp":"2026-03-29 20:29:34"}
{"level":"warn","message":"Price feed has stale data:","staleCount":4,"timestamp":"2026-03-29 20:29:34","total":4}
{"level":"warn","message":"DWX market data file not found — waiting for MT5 to create it...","timestamp":"2026-03-29 20:29:35"}
{"level":"warn","message":"Price feed has stale data:","staleCount":4,"timestamp":"2026-03-29 20:29:35","total":4}
{"level":"warn","message":"DWX market data file not found — waiting for MT5 to create it...","timestamp":"2026-03-29 20:29:36"}
{"level":"warn","message":"Price feed has stale data:","staleCount":4,"timestamp":"2026-03-29 20:29:36","total":4}
{"level":"warn","message":"DWX market data file not found — waiting for MT5 to create it...","timestamp":"2026-03-29 20:29:37"}
{"level":"warn","message":"Price feed has stale data:","staleCount":4,"timestamp":"2026-03-29 20:29:37","total":4}
{"level":"warn","message":"DWX market data file not found — waiting for MT5 to create it...","timestamp":"2026-03-29 20:29:38"}
{"level":"warn","message":"Price feed has stale data:","staleCount":4,"timestamp":"2026-03-29 20:29:38","total":4}
{"level":"warn","message":"DWX file not found — will retry watcher in 5s...","timestamp":"2026-03-29 20:29:39"}
{"level":"warn","message":"DWX market data file not found — waiting for MT5 to create it...","timestamp":"2026-03-29 20:29:39"}
{"level":"warn","message":"Price feed has stale data:","staleCount":4,"timestamp":"2026-03-29 20:29:39","total":4}
{"level":"warn","message":"DWX market data file not found — waiting for MT5 to create it...","timestamp":"2026-03-29 20:29:40"}
{"level":"warn","message":"Price feed has stale data:","staleCount":4,"timestamp":"2026-03-29 20:29:40","total":4}
{"level":"warn","message":"DWX market data file not found — waiting for MT5 to create it...","timestamp":"2026-03-29 20:29:41"}
{"level":"warn","message":"Price feed has stale data:","staleCount":4,"timestamp":"2026-03-29 20:29:41","total":4}
{"level":"warn","message":"DWX market data file not found — waiting for MT5 to create it...","timestamp":"2026-03-29 20:29:42"}
{"level":"warn","message":"Price feed has stale data:","staleCount":4,"timestamp":"2026-03-29 20:29:42","total":4}
{"level":"warn","message":"DWX market data file not found — waiting for MT5 to create it...","timestamp":"2026-03-29 20:29:43"}
{"level":"warn","message":"Price feed has stale data:","staleCount":4,"timestamp":"2026-03-29 20:29:43","total":4}
{"level":"warn","message":"DWX file not found — will retry watcher in 5s...","timestamp":"2026-03-29 20:29:44"}
{"level":"warn","message":"DWX market data file not found — waiting for MT5 to create it...","timestamp":"2026-03-29 20:29:44"}
{"level":"warn","message":"Price feed has stale data:","staleCount":4,"timestamp":"2026-03-29 20:29:44","total":4}
{"level":"warn","message":"DWX market data file not found — waiting for MT5 to create it...","timestamp":"2026-03-29 20:29:45"}
{"level":"warn","message":"Price feed has stale data:","staleCount":4,"timestamp":"2026-03-29 20:29:45","total":4}
{"level":"warn","message":"DWX market data file not found — waiting for MT5 to create it...","timestamp":"2026-03-29 20:29:46"}
{"level":"warn","message":"Price feed has stale data:","staleCount":4,"timestamp":"2026-03-29 20:29:46","total":4}
{"level":"warn","message":"DWX market data file not found — waiting for MT5 to create it...","timestamp":"2026-03-29 20:29:47"}
{"level":"warn","message":"Price feed has stale data:","staleCount":4,"timestamp":"2026-03-29 20:29:47","total":4}
{"level":"warn","message":"DWX market data file not found — waiting for MT5 to create it...","timestamp":"2026-03-29 20:29:48"}
{"level":"warn","message":"Price feed has stale data:","staleCount":4,"timestamp":"2026-03-29 20:29:48","total":4}
{"level":"warn","message":"DWX file not found — will retry watcher in 5s...","timestamp":"2026-03-29 20:29:49"}
{"level":"warn","message":"DWX market data file not found — waiting for MT5 to create it...","timestamp":"2026-03-29 20:29:49"}
{"level":"warn","message":"Price feed has stale data:","staleCount":4,"timestamp":"2026-03-29 20:29:49","total":4}
{"level":"warn","message":"DWX market data file not found — waiting for MT5 to create it...","timestamp":"2026-03-29 20:29:50"}
{"level":"warn","message":"Price feed has stale data:","staleCount":4,"timestamp":"2026-03-29 20:29:50","total":4}
{"level":"warn","message":"DWX market data file not found — waiting for MT5 to create it...","timestamp":"2026-03-29 20:29:51"}
{"level":"warn","message":"Price feed has stale data:","staleCount":4,"timestamp":"2026-03-29 20:29:51","total":4}
{"level":"warn","message":"DWX market data file not found — waiting for MT5 to create it...","timestamp":"2026-03-29 20:29:52"}
{"level":"warn","message":"Price feed has stale data:","staleCount":4,"timestamp":"2026-03-29 20:29:52","total":4}
{"level":"warn","message":"DWX market data file not found — waiting for MT5 to create it...","timestamp":"2026-03-29 20:29:53"}
{"level":"warn","message":"Price feed has stale data:","staleCount":4,"timestamp":"2026-03-29 20:29:53","total":4}
{"level":"warn","message":"DWX file not found — will retry watcher in 5s...","timestamp":"2026-03-29 20:29:54"}
{"level":"warn","message":"DWX market data file not found — waiting for MT5 to create it...","timestamp":"2026-03-29 20:29:54"}
{"level":"warn","message":"Price feed has stale data:","staleCount":4,"timestamp":"2026-03-29 20:29:54","total":4}
{"level":"warn","message":"DWX market data file not found — waiting for MT5 to create it...","timestamp":"2026-03-29 20:29:55"}
{"level":"warn","message":"Price feed has stale data:","staleCount":4,"timestamp":"2026-03-29 20:29:55","total":4}
{"level":"warn","message":"DWX market data file not found — waiting for MT5 to create it...","timestamp":"2026-03-29 20:29:56"}
{"level":"warn","message":"Price feed has stale data:","staleCount":4,"timestamp":"2026-03-29 20:29:56","total":4}
{"level":"warn","message":"DWX market data file not found — waiting for MT5 to create it...","timestamp":"2026-03-29 20:29:57"}
{"level":"warn","message":"Price feed has stale data:","staleCount":4,"timestamp":"2026-03-29 20:29:57","total":4}
{"level":"warn","message":"DWX market data file not found — waiting for MT5 to create it...","timestamp":"2026-03-29 20:29:58"}
{"level":"warn","message":"Price feed has stale data:","staleCount":4,"timestamp":"2026-03-29 20:29:58","total":4}
{"level":"warn","message":"DWX file not found — will retry watcher in 5s...","timestamp":"2026-03-29 20:29:59"}
{"level":"warn","message":"DWX market data file not found — waiting for MT5 to create it...","timestamp":"2026-03-29 20:29:59"}
{"level":"warn","message":"Price feed has stale data:","staleCount":4,"timestamp":"2026-03-29 20:29:59","total":4}
{"level":"warn","message":"DWX market data file not found — waiting for MT5 to create it...","timestamp":"2026-03-29 20:30:00"}
{"level":"warn","message":"Price feed has stale data:","staleCount":4,"timestamp":"2026-03-29 20:30:00","total":4}
{"level":"warn","message":"DWX market data file not found — waiting for MT5 to create it...","timestamp":"2026-03-29 20:30:01"}
{"level":"warn","message":"Price feed has stale data:","staleCount":4,"timestamp":"2026-03-29 20:30:01","total":4}
{"level":"warn","message":"DWX market data file not found — waiting for MT5 to create it...","timestamp":"2026-03-29 20:30:02"}
{"level":"warn","message":"Price feed has stale data:","staleCount":4,"timestamp":"2026-03-29 20:30:02","total":4}
{"level":"warn","message":"DWX market data file not found — waiting for MT5 to create it...","timestamp":"2026-03-29 20:30:03"}
{"level":"warn","message":"Price feed has stale data:","staleCount":4,"timestamp":"2026-03-29 20:30:03","total":4}
{"level":"warn","message":"DWX file not found — will retry watcher in 5s...","timestamp":"2026-03-29 20:30:04"}
{"level":"warn","message":"DWX market data file not found — waiting for MT5 to create it...","timestamp":"2026-03-29 20:30:04"}
{"level":"warn","message":"Price feed has stale data:","staleCount":4,"timestamp":"2026-03-29 20:30:04","total":4}
{"level":"warn","message":"DWX market data file not found — waiting for MT5 to create it...","timestamp":"2026-03-29 20:30:05"}
{"level":"warn","message":"Price feed has stale data:","staleCount":4,"timestamp":"2026-03-29 20:30:05","total":4}
{"level":"warn","message":"DWX market data file not found — waiting for MT5 to create it...","timestamp":"2026-03-29 20:30:06"}
{"level":"warn","message":"Price feed has stale data:","staleCount":4,"timestamp":"2026-03-29 20:30:06","total":4}
{"level":"warn","message":"DWX market data file not found — waiting for MT5 to create it...","timestamp":"2026-03-29 20:30:07"}
{"level":"warn","message":"Price feed has stale data:","staleCount":4,"timestamp":"2026-03-29 20:30:07","total":4}
{"level":"warn","message":"DWX market data file not found — waiting for MT5 to create it...","timestamp":"2026-03-29 20:30:08"}
{"level":"warn","message":"Price feed has stale data:","staleCount":4,"timestamp":"2026-03-29 20:30:08","total":4}
{"level":"warn","message":"DWX file not found — will retry watcher in 5s...","timestamp":"2026-03-29 20:30:09"}
{"level":"warn","message":"DWX market data file not found — waiting for MT5 to create it...","timestamp":"2026-03-29 20:30:09"}
{"level":"warn","message":"Price feed has stale data:","staleCount":4,"timestamp":"2026-03-29 20:30:09","total":4}
{"level":"warn","message":"DWX market data file not found — waiting for MT5 to create it...","timestamp":"2026-03-29 20:30:10"}
{"level":"warn","message":"Price feed has stale data:","staleCount":4,"timestamp":"2026-03-29 20:30:10","total":4}
{"level":"warn","message":"DWX market data file not found — waiting for MT5 to create it...","timestamp":"2026-03-29 20:30:11"}
{"level":"warn","message":"Price feed has stale data:","staleCount":4,"timestamp":"2026-03-29 20:30:11","total":4}
{"level":"warn","message":"DWX market data file not found — waiting for MT5 to create it...","timestamp":"2026-03-29 20:30:12"}
{"level":"warn","message":"Price feed has stale data:","staleCount":4,"timestamp":"2026-03-29 20:30:12","total":4}
{"level":"warn","message":"DWX market data file not found — waiting for MT5 to create it...","timestamp":"2026-03-29 20:30:13"}
{"level":"warn","message":"Price feed has stale data:","staleCount":4,"timestamp":"2026-03-29 20:30:13","total":4}
{"level":"warn","message":"DWX file not found — will retry watcher in 5s...","timestamp":"2026-03-29 20:30:14"}
{"level":"warn","message":"DWX market data file not found — waiting for MT5 to create it...","timestamp":"2026-03-29 20:30:14"}
{"level":"warn","message":"Price feed has stale data:","staleCount":4,"timestamp":"2026-03-29 20:30:14","total":4}
{"level":"warn","message":"DWX market data file not found — waiting for MT5 to create it...","timestamp":"2026-03-29 20:30:15"}
{"level":"warn","message":"Price feed has stale data:","staleCount":4,"timestamp":"2026-03-29 20:30:15","total":4}
{"level":"warn","message":"DWX market data file not found — waiting for MT5 to create it...","timestamp":"2026-03-29 20:30:16"}
{"level":"warn","message":"Price feed has stale data:","staleCount":4,"timestamp":"2026-03-29 20:30:16","total":4}
{"level":"warn","message":"DWX market data file not found — waiting for MT5 to create it...","timestamp":"2026-03-29 20:30:17"}
{"level":"warn","message":"Price feed has stale data:","staleCount":4,"timestamp":"2026-03-29 20:30:17","total":4}
{"level":"warn","message":"DWX market data file not found — waiting for MT5 to create it...","timestamp":"2026-03-29 20:30:18"}
{"level":"warn","message":"Price feed has stale data:","staleCount":4,"timestamp":"2026-03-29 20:30:18","total":4}
{"level":"warn","message":"DWX file not found — will retry watcher in 5s...","timestamp":"2026-03-29 20:30:19"}
{"level":"warn","message":"DWX market data file not found — waiting for MT5 to create it...","timestamp":"2026-03-29 20:30:19"}
{"level":"warn","message":"Price feed has stale data:","staleCount":4,"timestamp":"2026-03-29 20:30:19","total":4}
{"level":"warn","message":"DWX market data file not found — waiting for MT5 to create it...","timestamp":"2026-03-29 20:30:20"}
{"level":"warn","message":"Price feed has stale data:","staleCount":4,"timestamp":"2026-03-29 20:30:20","total":4}
{"level":"warn","message":"DWX market data file not found — waiting for MT5 to create it...","timestamp":"2026-03-29 20:30:21"}
{"level":"warn","message":"Price feed has stale data:","staleCount":4,"timestamp":"2026-03-29 20:30:21","total":4}
{"level":"warn","message":"DWX market data file not found — waiting for MT5 to create it...","timestamp":"2026-03-29 20:30:22"}
{"level":"warn","message":"Price feed has stale data:","staleCount":4,"timestamp":"2026-03-29 20:30:22","total":4}
{"level":"warn","message":"DWX market data file not found — waiting for MT5 to create it...","timestamp":"2026-03-29 20:30:23"}
{"level":"warn","message":"Price feed has stale data:","staleCount":4,"timestamp":"2026-03-29 20:30:23","total":4}
{"level":"warn","message":"DWX file not found — will retry watcher in 5s...","timestamp":"2026-03-29 20:30:24"}
{"level":"warn","message":"DWX market data file not found — waiting for MT5 to create it...","timestamp":"2026-03-29 20:30:24"}
{"level":"warn","message":"Price feed has stale data:","staleCount":4,"timestamp":"2026-03-29 20:30:24","total":4}
{"level":"warn","message":"DWX market data file not found — waiting for MT5 to create it...","timestamp":"2026-03-29 20:30:25"}
{"level":"warn","message":"Price feed has stale data:","staleCount":4,"timestamp":"2026-03-29 20:30:25","total":4}
{"level":"warn","message":"DWX market data file not found — waiting for MT5 to create it...","timestamp":"2026-03-29 20:30:26"}
{"level":"warn","message":"Price feed has stale data:","staleCount":4,"timestamp":"2026-03-29 20:30:26","total":4}
{"level":"warn","message":"DWX market data file not found — waiting for MT5 to create it...","timestamp":"2026-03-29 20:30:27"}
{"level":"warn","message":"Price feed has stale data:","staleCount":4,"timestamp":"2026-03-29 20:30:27","total":4}
{"level":"warn","message":"DWX market data file not found — waiting for MT5 to create it...","timestamp":"2026-03-29 20:30:28"}
{"level":"warn","message":"Price feed has stale data:","staleCount":4,"timestamp":"2026-03-29 20:30:28","total":4}
{"level":"warn","message":"DWX file not found — will retry watcher in 5s...","timestamp":"2026-03-29 20:30:29"}
{"level":"warn","message":"DWX market data file not found — waiting for MT5 to create it...","timestamp":"2026-03-29 20:30:29"}
{"level":"warn","message":"Price feed has stale data:","staleCount":4,"timestamp":"2026-03-29 20:30:29","total":4}
{"level":"warn","message":"DWX market data file not found — waiting for MT5 to create it...","timestamp":"2026-03-29 20:30:30"}
{"level":"warn","message":"Price feed has stale data:","staleCount":4,"timestamp":"2026-03-29 20:30:30","total":4}
{"level":"warn","message":"DWX market data file not found — waiting for MT5 to create it...","timestamp":"2026-03-29 20:30:31"}
{"level":"warn","message":"Price feed has stale data:","staleCount":4,"timestamp":"2026-03-29 20:30:31","total":4}
{"level":"warn","message":"DWX market data file not found — waiting for MT5 to create it...","timestamp":"2026-03-29 20:30:32"}
{"level":"warn","message":"Price feed has stale data:","staleCount":4,"timestamp":"2026-03-29 20:30:32","total":4}
{"level":"warn","message":"DWX market data file not found — waiting for MT5 to create it...","timestamp":"2026-03-29 20:30:33"}
{"level":"warn","message":"Price feed has stale data:","staleCount":4,"timestamp":"2026-03-29 20:30:33","total":4}
{"level":"warn","message":"DWX file not found — will retry watcher in 5s...","timestamp":"2026-03-29 20:30:34"}
{"level":"warn","message":"DWX market data file not found — waiting for MT5 to create it...","timestamp":"2026-03-29 20:30:34"}
{"level":"warn","message":"Price feed has stale data:","staleCount":4,"timestamp":"2026-03-29 20:30:34","total":4}
{"level":"warn","message":"DWX market data file not found — waiting for MT5 to create it...","timestamp":"2026-03-29 20:30:35"}
{"level":"warn","message":"Price feed has stale data:","staleCount":4,"timestamp":"2026-03-29 20:30:35","total":4}
{"level":"warn","message":"DWX market data file not found — waiting for MT5 to create it...","timestamp":"2026-03-29 20:30:36"}
{"level":"warn","message":"Price feed has stale data:","staleCount":4,"timestamp":"2026-03-29 20:30:36","total":4}
{"level":"warn","message":"DWX market data file not found — waiting for MT5 to create it...","timestamp":"2026-03-29 20:30:37"}
{"level":"warn","message":"Price feed has stale data:","staleCount":4,"timestamp":"2026-03-29 20:30:37","total":4}
{"level":"warn","message":"DWX market data file not found — waiting for MT5 to create it...","timestamp":"2026-03-29 20:30:38"}
{"level":"warn","message":"Price feed has stale data:","staleCount":4,"timestamp":"2026-03-29 20:30:38","total":4}
{"level":"warn","message":"DWX file not found — will retry watcher in 5s...","timestamp":"2026-03-29 20:30:39"}
{"duration_ms":3,"ip":"::1","level":"http","message":"GET /api/admin/announcement","status":404,"timestamp":"2026-03-29 20:30:39","userAgent":"Mozilla/5.0 (Windows NT 10.0; Win64; x64) AppleWebKit/537.36 (KHTML, like Gecko) Chrome/146.0.0.0 Safari/537.36 Edg/146.0.0.0"}
{"level":"warn","message":"Price feed has stale data:","staleCount":4,"timestamp":"2026-03-29 20:30:39","total":4}
{"duration_ms":2,"ip":"::1","level":"http","message":"GET /api/admin/announcement","status":404,"timestamp":"2026-03-29 20:30:39","userAgent":"Mozilla/5.0 (Windows NT 10.0; Win64; x64) AppleWebKit/537.36 (KHTML, like Gecko) Chrome/146.0.0.0 Safari/537.36 Edg/146.0.0.0"}
{"level":"warn","message":"Price feed has stale data:","staleCount":4,"timestamp":"2026-03-29 20:30:39","total":4}
{"isAdmin":"[user:00472e64-4aab-4e14-8712-7171ac242122]","level":"http","message":"Socket connected:","socketId":"ZV9QExSC4wc00Y-mAAAC","timestamp":"2026-03-29 20:30:39"}
{"level":"warn","message":"DWX market data file not found — waiting for MT5 to create it...","timestamp":"2026-03-29 20:30:39"}
{"level":"warn","message":"Price feed has stale data:","staleCount":4,"timestamp":"2026-03-29 20:30:39","total":4}
{"level":"warn","message":"DWX market data file not found — waiting for MT5 to create it...","timestamp":"2026-03-29 20:30:40"}
{"level":"warn","message":"Price feed has stale data:","staleCount":4,"timestamp":"2026-03-29 20:30:40","total":4}
{"level":"warn","message":"DWX market data file not found — waiting for MT5 to create it...","timestamp":"2026-03-29 20:30:41"}
{"level":"warn","message":"Price feed has stale data:","staleCount":4,"timestamp":"2026-03-29 20:30:41","total":4}
{"level":"warn","message":"DWX market data file not found — waiting for MT5 to create it...","timestamp":"2026-03-29 20:30:42"}
{"level":"warn","message":"Price feed has stale data:","staleCount":4,"timestamp":"2026-03-29 20:30:42","total":4}
{"level":"warn","message":"DWX market data file not found — waiting for MT5 to create it...","timestamp":"2026-03-29 20:30:43"}
{"level":"warn","message":"Price feed has stale data:","staleCount":4,"timestamp":"2026-03-29 20:30:43","total":4}
{"level":"warn","message":"DWX file not found — will retry watcher in 5s...","timestamp":"2026-03-29 20:30:44"}
{"level":"warn","message":"DWX market data file not found — waiting for MT5 to create it...","timestamp":"2026-03-29 20:30:44"}
{"level":"warn","message":"Price feed has stale data:","staleCount":4,"timestamp":"2026-03-29 20:30:44","total":4}
{"level":"warn","message":"DWX market data file not found — waiting for MT5 to create it...","timestamp":"2026-03-29 20:30:45"}
{"level":"warn","message":"Price feed has stale data:","staleCount":4,"timestamp":"2026-03-29 20:30:45","total":4}
{"level":"warn","message":"Price feed has stale data:","staleCount":4,"timestamp":"2026-03-29 20:30:46","total":4}
{"level":"warn","message":"Price feed has stale data:","staleCount":4,"timestamp":"2026-03-29 20:30:46","total":4}
{"level":"http","message":"Socket disconnected:","socketId":"ZV9QExSC4wc00Y-mAAAC","timestamp":"2026-03-29 20:30:46"}
{"level":"warn","message":"DWX market data file not found — waiting for MT5 to create it...","timestamp":"2026-03-29 20:30:46"}
{"level":"warn","message":"Price feed has stale data:","staleCount":4,"timestamp":"2026-03-29 20:30:46","total":4}
{"level":"warn","message":"DWX market data file not found — waiting for MT5 to create it...","timestamp":"2026-03-29 20:30:47"}
{"level":"warn","message":"Price feed has stale data:","staleCount":4,"timestamp":"2026-03-29 20:30:47","total":4}
{"level":"warn","message":"DWX market data file not found — waiting for MT5 to create it...","timestamp":"2026-03-29 20:30:48"}
{"level":"warn","message":"Price feed has stale data:","staleCount":4,"timestamp":"2026-03-29 20:30:48","total":4}
{"level":"warn","message":"DWX file not found — will retry watcher in 5s...","timestamp":"2026-03-29 20:30:49"}
{"duration_ms":1,"ip":"::1","level":"http","message":"GET /api/admin/announcement","status":404,"timestamp":"2026-03-29 20:30:49","userAgent":"Mozilla/5.0 (Windows NT 10.0; Win64; x64) AppleWebKit/537.36 (KHTML, like Gecko) Chrome/146.0.0.0 Safari/537.36 Edg/146.0.0.0"}
{"level":"warn","message":"Price feed has stale data:","staleCount":4,"timestamp":"2026-03-29 20:30:49","total":4}
{"duration_ms":6,"ip":"::1","level":"http","message":"GET /api/admin/announcement","status":404,"timestamp":"2026-03-29 20:30:49","userAgent":"Mozilla/5.0 (Windows NT 10.0; Win64; x64) AppleWebKit/537.36 (KHTML, like Gecko) Chrome/146.0.0.0 Safari/537.36 Edg/146.0.0.0"}
{"level":"warn","message":"Price feed has stale data:","staleCount":4,"timestamp":"2026-03-29 20:30:49","total":4}
{"isAdmin":"[user:00472e64-4aab-4e14-8712-7171ac242122]","level":"http","message":"Socket connected:","socketId":"aia3SHZCwenywS_MAAAF","timestamp":"2026-03-29 20:30:49"}
{"level":"warn","message":"DWX market data file not found — waiting for MT5 to create it...","timestamp":"2026-03-29 20:30:49"}
{"level":"warn","message":"Price feed has stale data:","staleCount":4,"timestamp":"2026-03-29 20:30:49","total":4}
{"level":"warn","message":"DWX market data file not found — waiting for MT5 to create it...","timestamp":"2026-03-29 20:30:50"}
{"level":"warn","message":"Price feed has stale data:","staleCount":4,"timestamp":"2026-03-29 20:30:50","total":4}
{"level":"warn","message":"Price feed has stale data:","staleCount":4,"timestamp":"2026-03-29 20:30:51","total":4}
{"level":"warn","message":"Price feed has stale data:","staleCount":4,"timestamp":"2026-03-29 20:30:51","total":4}
{"level":"http","message":"Socket disconnected:","socketId":"aia3SHZCwenywS_MAAAF","timestamp":"2026-03-29 20:30:51"}
{"level":"warn","message":"DWX market data file not found — waiting for MT5 to create it...","timestamp":"2026-03-29 20:30:51"}
{"level":"warn","message":"Price feed has stale data:","staleCount":4,"timestamp":"2026-03-29 20:30:51","total":4}
{"level":"warn","message":"DWX market data file not found — waiting for MT5 to create it...","timestamp":"2026-03-29 20:30:52"}
{"level":"warn","message":"Price feed has stale data:","staleCount":4,"timestamp":"2026-03-29 20:30:52","total":4}
{"level":"warn","message":"DWX market data file not found — waiting for MT5 to create it...","timestamp":"2026-03-29 20:30:53"}
{"level":"warn","message":"Price feed has stale data:","staleCount":4,"timestamp":"2026-03-29 20:30:53","total":4}
{"level":"warn","message":"DWX file not found — will retry watcher in 5s...","timestamp":"2026-03-29 20:30:54"}
{"level":"warn","message":"DWX market data file not found — waiting for MT5 to create it...","timestamp":"2026-03-29 20:30:54"}
{"level":"warn","message":"Price feed has stale data:","staleCount":4,"timestamp":"2026-03-29 20:30:54","total":4}
{"level":"warn","message":"DWX market data file not found — waiting for MT5 to create it...","timestamp":"2026-03-29 20:30:55"}
{"level":"warn","message":"Price feed has stale data:","staleCount":4,"timestamp":"2026-03-29 20:30:55","total":4}
{"level":"warn","message":"DWX market data file not found — waiting for MT5 to create it...","timestamp":"2026-03-29 20:30:56"}
{"level":"warn","message":"Price feed has stale data:","staleCount":4,"timestamp":"2026-03-29 20:30:56","total":4}
{"level":"warn","message":"DWX market data file not found — waiting for MT5 to create it...","timestamp":"2026-03-29 20:30:57"}
{"level":"warn","message":"Price feed has stale data:","staleCount":4,"timestamp":"2026-03-29 20:30:57","total":4}
{"level":"warn","message":"DWX market data file not found — waiting for MT5 to create it...","timestamp":"2026-03-29 20:30:58"}
{"level":"warn","message":"Price feed has stale data:","staleCount":4,"timestamp":"2026-03-29 20:30:58","total":4}
{"level":"warn","message":"DWX file not found — will retry watcher in 5s...","timestamp":"2026-03-29 20:30:59"}
{"level":"warn","message":"DWX market data file not found — waiting for MT5 to create it...","timestamp":"2026-03-29 20:30:59"}
{"level":"warn","message":"Price feed has stale data:","staleCount":4,"timestamp":"2026-03-29 20:30:59","total":4}
{"level":"warn","message":"DWX market data file not found — waiting for MT5 to create it...","timestamp":"2026-03-29 20:31:00"}
{"level":"warn","message":"Price feed has stale data:","staleCount":4,"timestamp":"2026-03-29 20:31:00","total":4}
{"level":"warn","message":"DWX market data file not found — waiting for MT5 to create it...","timestamp":"2026-03-29 20:31:02"}
{"level":"warn","message":"Price feed has stale data:","staleCount":4,"timestamp":"2026-03-29 20:31:02","total":4}
{"level":"warn","message":"DWX market data file not found — waiting for MT5 to create it...","timestamp":"2026-03-29 20:31:03"}
{"level":"warn","message":"Price feed has stale data:","staleCount":4,"timestamp":"2026-03-29 20:31:03","total":4}
{"level":"warn","message":"DWX market data file not found — waiting for MT5 to create it...","timestamp":"2026-03-29 20:31:04"}
{"level":"warn","message":"Price feed has stale data:","staleCount":4,"timestamp":"2026-03-29 20:31:04","total":4}
{"level":"warn","message":"DWX file not found — will retry watcher in 5s...","timestamp":"2026-03-29 20:31:04"}
{"level":"warn","message":"DWX market data file not found — waiting for MT5 to create it...","timestamp":"2026-03-29 20:31:05"}
{"level":"warn","message":"Price feed has stale data:","staleCount":4,"timestamp":"2026-03-29 20:31:05","total":4}
{"level":"warn","message":"DWX market data file not found — waiting for MT5 to create it...","timestamp":"2026-03-29 20:31:06"}
{"level":"warn","message":"Price feed has stale data:","staleCount":4,"timestamp":"2026-03-29 20:31:06","total":4}
{"level":"warn","message":"DWX market data file not found — waiting for MT5 to create it...","timestamp":"2026-03-29 20:31:07"}
{"level":"warn","message":"Price feed has stale data:","staleCount":4,"timestamp":"2026-03-29 20:31:07","total":4}
{"level":"warn","message":"DWX market data file not found — waiting for MT5 to create it...","timestamp":"2026-03-29 20:31:08"}
{"level":"warn","message":"Price feed has stale data:","staleCount":4,"timestamp":"2026-03-29 20:31:08","total":4}
{"level":"warn","message":"DWX market data file not found — waiting for MT5 to create it...","timestamp":"2026-03-29 20:31:09"}
{"level":"warn","message":"Price feed has stale data:","staleCount":4,"timestamp":"2026-03-29 20:31:09","total":4}
{"level":"warn","message":"DWX file not found — will retry watcher in 5s...","timestamp":"2026-03-29 20:31:09"}
{"level":"warn","message":"DWX market data file not found — waiting for MT5 to create it...","timestamp":"2026-03-29 20:31:10"}
{"level":"warn","message":"Price feed has stale data:","staleCount":4,"timestamp":"2026-03-29 20:31:10","total":4}
{"level":"warn","message":"DWX market data file not found — waiting for MT5 to create it...","timestamp":"2026-03-29 20:31:11"}
{"level":"warn","message":"Price feed has stale data:","staleCount":4,"timestamp":"2026-03-29 20:31:11","total":4}
{"level":"warn","message":"DWX market data file not found — waiting for MT5 to create it...","timestamp":"2026-03-29 20:31:12"}
{"level":"warn","message":"Price feed has stale data:","staleCount":4,"timestamp":"2026-03-29 20:31:12","total":4}
{"level":"warn","message":"DWX market data file not found — waiting for MT5 to create it...","timestamp":"2026-03-29 20:31:13"}
{"level":"warn","message":"Price feed has stale data:","staleCount":4,"timestamp":"2026-03-29 20:31:13","total":4}
{"level":"warn","message":"DWX market data file not found — waiting for MT5 to create it...","timestamp":"2026-03-29 20:31:14"}
{"level":"warn","message":"Price feed has stale data:","staleCount":4,"timestamp":"2026-03-29 20:31:14","total":4}
{"level":"warn","message":"DWX file not found — will retry watcher in 5s...","timestamp":"2026-03-29 20:31:14"}
{"level":"warn","message":"DWX market data file not found — waiting for MT5 to create it...","timestamp":"2026-03-29 20:31:15"}
{"level":"warn","message":"Price feed has stale data:","staleCount":4,"timestamp":"2026-03-29 20:31:15","total":4}
{"level":"warn","message":"DWX market data file not found — waiting for MT5 to create it...","timestamp":"2026-03-29 20:31:16"}
{"level":"warn","message":"Price feed has stale data:","staleCount":4,"timestamp":"2026-03-29 20:31:16","total":4}
{"level":"warn","message":"DWX market data file not found — waiting for MT5 to create it...","timestamp":"2026-03-29 20:31:17"}
{"level":"warn","message":"Price feed has stale data:","staleCount":4,"timestamp":"2026-03-29 20:31:17","total":4}
{"duration_ms":1,"ip":"::1","level":"http","message":"GET /api/admin/announcement","status":404,"timestamp":"2026-03-29 20:31:17","userAgent":"Mozilla/5.0 (Windows NT 10.0; Win64; x64) AppleWebKit/537.36 (KHTML, like Gecko) Chrome/146.0.0.0 Safari/537.36 Edg/146.0.0.0"}
{"level":"warn","message":"Price feed has stale data:","staleCount":4,"timestamp":"2026-03-29 20:31:17","total":4}
{"duration_ms":1,"ip":"::1","level":"http","message":"GET /api/admin/announcement","status":404,"timestamp":"2026-03-29 20:31:17","userAgent":"Mozilla/5.0 (Windows NT 10.0; Win64; x64) AppleWebKit/537.36 (KHTML, like Gecko) Chrome/146.0.0.0 Safari/537.36 Edg/146.0.0.0"}
{"level":"warn","message":"Price feed has stale data:","staleCount":4,"timestamp":"2026-03-29 20:31:17","total":4}
{"isAdmin":"[user:00472e64-4aab-4e14-8712-7171ac242122]","level":"http","message":"Socket connected:","socketId":"rKir8X-cLVolIZ1TAAAI","timestamp":"2026-03-29 20:31:17"}
{"level":"warn","message":"DWX market data file not found — waiting for MT5 to create it...","timestamp":"2026-03-29 20:31:18"}
{"level":"warn","message":"Price feed has stale data:","staleCount":4,"timestamp":"2026-03-29 20:31:18","total":4}
{"level":"warn","message":"DWX market data file not found — waiting for MT5 to create it...","timestamp":"2026-03-29 20:31:19"}
{"level":"warn","message":"Price feed has stale data:","staleCount":4,"timestamp":"2026-03-29 20:31:19","total":4}
{"level":"warn","message":"DWX file not found — will retry watcher in 5s...","timestamp":"2026-03-29 20:31:19"}
{"level":"warn","message":"DWX market data file not found — waiting for MT5 to create it...","timestamp":"2026-03-29 20:31:20"}
{"level":"warn","message":"Price feed has stale data:","staleCount":4,"timestamp":"2026-03-29 20:31:20","total":4}
{"level":"warn","message":"DWX market data file not found — waiting for MT5 to create it...","timestamp":"2026-03-29 20:31:21"}
{"level":"warn","message":"Price feed has stale data:","staleCount":4,"timestamp":"2026-03-29 20:31:21","total":4}
{"level":"warn","message":"DWX market data file not found — waiting for MT5 to create it...","timestamp":"2026-03-29 20:31:22"}
{"level":"warn","message":"Price feed has stale data:","staleCount":4,"timestamp":"2026-03-29 20:31:22","total":4}
{"level":"warn","message":"DWX market data file not found — waiting for MT5 to create it...","timestamp":"2026-03-29 20:31:23"}
{"level":"warn","message":"Price feed has stale data:","staleCount":4,"timestamp":"2026-03-29 20:31:23","total":4}
{"level":"warn","message":"DWX market data file not found — waiting for MT5 to create it...","timestamp":"2026-03-29 20:31:24"}
{"level":"warn","message":"Price feed has stale data:","staleCount":4,"timestamp":"2026-03-29 20:31:24","total":4}
{"level":"warn","message":"DWX file not found — will retry watcher in 5s...","timestamp":"2026-03-29 20:31:24"}
{"level":"warn","message":"DWX market data file not found — waiting for MT5 to create it...","timestamp":"2026-03-29 20:31:25"}
{"level":"warn","message":"Price feed has stale data:","staleCount":4,"timestamp":"2026-03-29 20:31:25","total":4}
{"level":"warn","message":"DWX market data file not found — waiting for MT5 to create it...","timestamp":"2026-03-29 20:31:26"}
{"level":"warn","message":"Price feed has stale data:","staleCount":4,"timestamp":"2026-03-29 20:31:26","total":4}
{"level":"warn","message":"DWX market data file not found — waiting for MT5 to create it...","timestamp":"2026-03-29 20:31:27"}
{"level":"warn","message":"Price feed has stale data:","staleCount":4,"timestamp":"2026-03-29 20:31:27","total":4}
{"level":"warn","message":"DWX market data file not found — waiting for MT5 to create it...","timestamp":"2026-03-29 20:31:28"}
{"level":"warn","message":"Price feed has stale data:","staleCount":4,"timestamp":"2026-03-29 20:31:28","total":4}
{"level":"warn","message":"DWX market data file not found — waiting for MT5 to create it...","timestamp":"2026-03-29 20:31:29"}
{"level":"warn","message":"Price feed has stale data:","staleCount":4,"timestamp":"2026-03-29 20:31:29","total":4}
{"level":"warn","message":"DWX file not found — will retry watcher in 5s...","timestamp":"2026-03-29 20:31:29"}
{"level":"warn","message":"DWX market data file not found — waiting for MT5 to create it...","timestamp":"2026-03-29 20:31:30"}
{"level":"warn","message":"Price feed has stale data:","staleCount":4,"timestamp":"2026-03-29 20:31:30","total":4}
{"level":"http","message":"Socket disconnected:","socketId":"rKir8X-cLVolIZ1TAAAI","timestamp":"2026-03-29 20:31:30"}
{"level":"warn","message":"DWX market data file not found — waiting for MT5 to create it...","timestamp":"2026-03-29 20:31:31"}
{"level":"warn","message":"Price feed has stale data:","staleCount":4,"timestamp":"2026-03-29 20:31:31","total":4}
{"level":"warn","message":"DWX market data file not found — waiting for MT5 to create it...","timestamp":"2026-03-29 20:31:32"}
{"level":"warn","message":"Price feed has stale data:","staleCount":4,"timestamp":"2026-03-29 20:31:32","total":4}
{"level":"warn","message":"DWX market data file not found — waiting for MT5 to create it...","timestamp":"2026-03-29 20:31:33"}
{"level":"warn","message":"Price feed has stale data:","staleCount":4,"timestamp":"2026-03-29 20:31:33","total":4}
{"level":"warn","message":"DWX market data file not found — waiting for MT5 to create it...","timestamp":"2026-03-29 20:31:34"}
{"level":"warn","message":"Price feed has stale data:","staleCount":4,"timestamp":"2026-03-29 20:31:34","total":4}
{"level":"warn","message":"DWX file not found — will retry watcher in 5s...","timestamp":"2026-03-29 20:31:34"}
{"level":"warn","message":"DWX market data file not found — waiting for MT5 to create it...","timestamp":"2026-03-29 20:31:35"}
{"level":"warn","message":"Price feed has stale data:","staleCount":4,"timestamp":"2026-03-29 20:31:35","total":4}
{"level":"warn","message":"DWX market data file not found — waiting for MT5 to create it...","timestamp":"2026-03-29 20:31:36"}
{"level":"warn","message":"Price feed has stale data:","staleCount":4,"timestamp":"2026-03-29 20:31:36","total":4}
{"level":"warn","message":"DWX market data file not found — waiting for MT5 to create it...","timestamp":"2026-03-29 20:31:37"}
{"level":"warn","message":"Price feed has stale data:","staleCount":4,"timestamp":"2026-03-29 20:31:37","total":4}
{"level":"warn","message":"DWX market data file not found — waiting for MT5 to create it...","timestamp":"2026-03-29 20:31:38"}
{"level":"warn","message":"Price feed has stale data:","staleCount":4,"timestamp":"2026-03-29 20:31:38","total":4}
{"level":"warn","message":"DWX market data file not found — waiting for MT5 to create it...","timestamp":"2026-03-29 20:31:39"}
{"level":"warn","message":"Price feed has stale data:","staleCount":4,"timestamp":"2026-03-29 20:31:39","total":4}
{"level":"warn","message":"DWX file not found — will retry watcher in 5s...","timestamp":"2026-03-29 20:31:39"}
{"level":"warn","message":"DWX market data file not found — waiting for MT5 to create it...","timestamp":"2026-03-29 20:31:40"}
{"level":"warn","message":"Price feed has stale data:","staleCount":4,"timestamp":"2026-03-29 20:31:40","total":4}
{"level":"warn","message":"DWX market data file not found — waiting for MT5 to create it...","timestamp":"2026-03-29 20:31:41"}
{"level":"warn","message":"Price feed has stale data:","staleCount":4,"timestamp":"2026-03-29 20:31:41","total":4}
{"level":"warn","message":"DWX market data file not found — waiting for MT5 to create it...","timestamp":"2026-03-29 20:31:42"}
{"level":"warn","message":"Price feed has stale data:","staleCount":4,"timestamp":"2026-03-29 20:31:42","total":4}
{"level":"warn","message":"DWX market data file not found — waiting for MT5 to create it...","timestamp":"2026-03-29 20:31:43"}
{"level":"warn","message":"Price feed has stale data:","staleCount":4,"timestamp":"2026-03-29 20:31:43","total":4}
{"isAdmin":"[admin]","level":"http","message":"Socket connected:","socketId":"0hLzFq02CNlmQ2N-AAAL","timestamp":"2026-03-29 20:31:43"}
{"level":"warn","message":"DWX market data file not found — waiting for MT5 to create it...","timestamp":"2026-03-29 20:31:44"}
{"level":"warn","message":"Price feed has stale data:","staleCount":4,"timestamp":"2026-03-29 20:31:44","total":4}
{"level":"warn","message":"DWX file not found — will retry watcher in 5s...","timestamp":"2026-03-29 20:31:44"}
{"level":"warn","message":"DWX market data file not found — waiting for MT5 to create it...","timestamp":"2026-03-29 20:31:45"}
{"level":"warn","message":"Price feed has stale data:","staleCount":4,"timestamp":"2026-03-29 20:31:45","total":4}
{"level":"http","message":"Socket disconnected:","socketId":"0hLzFq02CNlmQ2N-AAAL","timestamp":"2026-03-29 20:31:45"}
{"level":"warn","message":"DWX market data file not found — waiting for MT5 to create it...","timestamp":"2026-03-29 20:31:46"}
{"level":"warn","message":"Price feed has stale data:","staleCount":4,"timestamp":"2026-03-29 20:31:46","total":4}
{"level":"warn","message":"DWX market data file not found — waiting for MT5 to create it...","timestamp":"2026-03-29 20:31:47"}
{"level":"warn","message":"Price feed has stale data:","staleCount":4,"timestamp":"2026-03-29 20:31:47","total":4}
{"level":"warn","message":"DWX market data file not found — waiting for MT5 to create it...","timestamp":"2026-03-29 20:31:48"}
{"level":"warn","message":"Price feed has stale data:","staleCount":4,"timestamp":"2026-03-29 20:31:48","total":4}
{"level":"warn","message":"DWX market data file not found — waiting for MT5 to create it...","timestamp":"2026-03-29 20:31:49"}
{"level":"warn","message":"Price feed has stale data:","staleCount":4,"timestamp":"2026-03-29 20:31:49","total":4}
{"level":"warn","message":"DWX file not found — will retry watcher in 5s...","timestamp":"2026-03-29 20:31:49"}
{"level":"warn","message":"DWX market data file not found — waiting for MT5 to create it...","timestamp":"2026-03-29 20:31:50"}
{"level":"warn","message":"Price feed has stale data:","staleCount":4,"timestamp":"2026-03-29 20:31:50","total":4}
{"level":"warn","message":"DWX market data file not found — waiting for MT5 to create it...","timestamp":"2026-03-29 20:31:51"}
{"level":"warn","message":"Price feed has stale data:","staleCount":4,"timestamp":"2026-03-29 20:31:51","total":4}
{"level":"warn","message":"DWX market data file not found — waiting for MT5 to create it...","timestamp":"2026-03-29 20:31:52"}
{"level":"warn","message":"Price feed has stale data:","staleCount":4,"timestamp":"2026-03-29 20:31:52","total":4}
{"level":"warn","message":"DWX market data file not found — waiting for MT5 to create it...","timestamp":"2026-03-29 20:31:53"}
{"level":"warn","message":"Price feed has stale data:","staleCount":4,"timestamp":"2026-03-29 20:31:53","total":4}
{"level":"warn","message":"DWX market data file not found — waiting for MT5 to create it...","timestamp":"2026-03-29 20:31:54"}
{"level":"warn","message":"Price feed has stale data:","staleCount":4,"timestamp":"2026-03-29 20:31:54","total":4}
{"level":"warn","message":"DWX file not found — will retry watcher in 5s...","timestamp":"2026-03-29 20:31:54"}
{"level":"warn","message":"DWX market data file not found — waiting for MT5 to create it...","timestamp":"2026-03-29 20:31:55"}
{"level":"warn","message":"Price feed has stale data:","staleCount":4,"timestamp":"2026-03-29 20:31:55","total":4}
{"level":"warn","message":"DWX market data file not found — waiting for MT5 to create it...","timestamp":"2026-03-29 20:31:56"}
{"level":"warn","message":"Price feed has stale data:","staleCount":4,"timestamp":"2026-03-29 20:31:56","total":4}
{"level":"warn","message":"DWX market data file not found — waiting for MT5 to create it...","timestamp":"2026-03-29 20:31:57"}
{"level":"warn","message":"Price feed has stale data:","staleCount":4,"timestamp":"2026-03-29 20:31:57","total":4}
{"level":"warn","message":"DWX market data file not found — waiting for MT5 to create it...","timestamp":"2026-03-29 20:31:58"}
{"level":"warn","message":"Price feed has stale data:","staleCount":4,"timestamp":"2026-03-29 20:31:58","total":4}
{"level":"warn","message":"DWX market data file not found — waiting for MT5 to create it...","timestamp":"2026-03-29 20:31:59"}
{"level":"warn","message":"Price feed has stale data:","staleCount":4,"timestamp":"2026-03-29 20:31:59","total":4}
{"level":"warn","message":"DWX file not found — will retry watcher in 5s...","timestamp":"2026-03-29 20:31:59"}
{"level":"warn","message":"DWX market data file not found — waiting for MT5 to create it...","timestamp":"2026-03-29 20:32:00"}
{"level":"warn","message":"Price feed has stale data:","staleCount":4,"timestamp":"2026-03-29 20:32:00","total":4}
{"level":"warn","message":"DWX market data file not found — waiting for MT5 to create it...","timestamp":"2026-03-29 20:32:01"}
{"level":"warn","message":"Price feed has stale data:","staleCount":4,"timestamp":"2026-03-29 20:32:01","total":4}
{"level":"warn","message":"DWX market data file not found — waiting for MT5 to create it...","timestamp":"2026-03-29 20:32:02"}
{"level":"warn","message":"Price feed has stale data:","staleCount":4,"timestamp":"2026-03-29 20:32:02","total":4}
{"level":"warn","message":"DWX market data file not found — waiting for MT5 to create it...","timestamp":"2026-03-29 20:32:03"}
{"level":"warn","message":"Price feed has stale data:","staleCount":4,"timestamp":"2026-03-29 20:32:03","total":4}
{"level":"warn","message":"DWX market data file not found — waiting for MT5 to create it...","timestamp":"2026-03-29 20:32:04"}
{"level":"warn","message":"Price feed has stale data:","staleCount":4,"timestamp":"2026-03-29 20:32:04","total":4}
{"level":"warn","message":"DWX file not found — will retry watcher in 5s...","timestamp":"2026-03-29 20:32:04"}
{"level":"warn","message":"DWX market data file not found — waiting for MT5 to create it...","timestamp":"2026-03-29 20:32:05"}
{"level":"warn","message":"Price feed has stale data:","staleCount":4,"timestamp":"2026-03-29 20:32:05","total":4}
{"level":"warn","message":"DWX market data file not found — waiting for MT5 to create it...","timestamp":"2026-03-29 20:32:06"}
{"level":"warn","message":"Price feed has stale data:","staleCount":4,"timestamp":"2026-03-29 20:32:06","total":4}
{"level":"warn","message":"DWX market data file not found — waiting for MT5 to create it...","timestamp":"2026-03-29 20:32:07"}
{"level":"warn","message":"Price feed has stale data:","staleCount":4,"timestamp":"2026-03-29 20:32:07","total":4}
{"level":"warn","message":"DWX market data file not found — waiting for MT5 to create it...","timestamp":"2026-03-29 20:32:08"}
{"level":"warn","message":"Price feed has stale data:","staleCount":4,"timestamp":"2026-03-29 20:32:08","total":4}
{"level":"warn","message":"DWX market data file not found — waiting for MT5 to create it...","timestamp":"2026-03-29 20:32:09"}
{"level":"warn","message":"Price feed has stale data:","staleCount":4,"timestamp":"2026-03-29 20:32:09","total":4}
{"level":"warn","message":"DWX file not found — will retry watcher in 5s...","timestamp":"2026-03-29 20:32:09"}
{"level":"warn","message":"DWX market data file not found — waiting for MT5 to create it...","timestamp":"2026-03-29 20:32:10"}
{"level":"warn","message":"Price feed has stale data:","staleCount":4,"timestamp":"2026-03-29 20:32:10","total":4}
{"level":"warn","message":"DWX market data file not found — waiting for MT5 to create it...","timestamp":"2026-03-29 20:32:11"}
{"level":"warn","message":"Price feed has stale data:","staleCount":4,"timestamp":"2026-03-29 20:32:11","total":4}
{"level":"warn","message":"DWX market data file not found — waiting for MT5 to create it...","timestamp":"2026-03-29 20:32:12"}
{"level":"warn","message":"Price feed has stale data:","staleCount":4,"timestamp":"2026-03-29 20:32:12","total":4}
{"level":"warn","message":"DWX market data file not found — waiting for MT5 to create it...","timestamp":"2026-03-29 20:32:13"}
{"level":"warn","message":"Price feed has stale data:","staleCount":4,"timestamp":"2026-03-29 20:32:13","total":4}
{"level":"warn","message":"DWX market data file not found — waiting for MT5 to create it...","timestamp":"2026-03-29 20:32:14"}
{"level":"warn","message":"Price feed has stale data:","staleCount":4,"timestamp":"2026-03-29 20:32:14","total":4}
{"level":"warn","message":"DWX file not found — will retry watcher in 5s...","timestamp":"2026-03-29 20:32:14"}
{"level":"warn","message":"DWX market data file not found — waiting for MT5 to create it...","timestamp":"2026-03-29 20:32:15"}
{"level":"warn","message":"Price feed has stale data:","staleCount":4,"timestamp":"2026-03-29 20:32:15","total":4}
{"level":"warn","message":"DWX market data file not found — waiting for MT5 to create it...","timestamp":"2026-03-29 20:32:16"}
{"level":"warn","message":"Price feed has stale data:","staleCount":4,"timestamp":"2026-03-29 20:32:16","total":4}
{"level":"warn","message":"DWX market data file not found — waiting for MT5 to create it...","timestamp":"2026-03-29 20:32:17"}
{"level":"warn","message":"Price feed has stale data:","staleCount":4,"timestamp":"2026-03-29 20:32:17","total":4}
{"level":"warn","message":"DWX market data file not found — waiting for MT5 to create it...","timestamp":"2026-03-29 20:32:18"}
{"level":"warn","message":"Price feed has stale data:","staleCount":4,"timestamp":"2026-03-29 20:32:18","total":4}
{"level":"warn","message":"DWX market data file not found — waiting for MT5 to create it...","timestamp":"2026-03-29 20:32:19"}
{"level":"warn","message":"Price feed has stale data:","staleCount":4,"timestamp":"2026-03-29 20:32:19","total":4}
{"level":"warn","message":"DWX file not found — will retry watcher in 5s...","timestamp":"2026-03-29 20:32:19"}
{"level":"warn","message":"DWX market data file not found — waiting for MT5 to create it...","timestamp":"2026-03-29 20:32:20"}
{"level":"warn","message":"Price feed has stale data:","staleCount":4,"timestamp":"2026-03-29 20:32:20","total":4}
{"level":"warn","message":"DWX market data file not found — waiting for MT5 to create it...","timestamp":"2026-03-29 20:32:21"}
{"level":"warn","message":"Price feed has stale data:","staleCount":4,"timestamp":"2026-03-29 20:32:21","total":4}
{"level":"warn","message":"DWX market data file not found — waiting for MT5 to create it...","timestamp":"2026-03-29 20:32:22"}
{"level":"warn","message":"Price feed has stale data:","staleCount":4,"timestamp":"2026-03-29 20:32:22","total":4}
{"level":"warn","message":"DWX market data file not found — waiting for MT5 to create it...","timestamp":"2026-03-29 20:32:23"}
{"level":"warn","message":"Price feed has stale data:","staleCount":4,"timestamp":"2026-03-29 20:32:23","total":4}
{"level":"warn","message":"DWX market data file not found — waiting for MT5 to create it...","timestamp":"2026-03-29 20:32:24"}
{"level":"warn","message":"Price feed has stale data:","staleCount":4,"timestamp":"2026-03-29 20:32:24","total":4}
{"level":"warn","message":"DWX file not found — will retry watcher in 5s...","timestamp":"2026-03-29 20:32:24"}
{"level":"warn","message":"DWX market data file not found — waiting for MT5 to create it...","timestamp":"2026-03-29 20:32:25"}
{"level":"warn","message":"Price feed has stale data:","staleCount":4,"timestamp":"2026-03-29 20:32:25","total":4}
{"level":"warn","message":"DWX market data file not found — waiting for MT5 to create it...","timestamp":"2026-03-29 20:32:26"}
{"level":"warn","message":"Price feed has stale data:","staleCount":4,"timestamp":"2026-03-29 20:32:26","total":4}
{"level":"warn","message":"DWX market data file not found — waiting for MT5 to create it...","timestamp":"2026-03-29 20:32:27"}
{"level":"warn","message":"Price feed has stale data:","staleCount":4,"timestamp":"2026-03-29 20:32:27","total":4}
{"level":"warn","message":"DWX market data file not found — waiting for MT5 to create it...","timestamp":"2026-03-29 20:32:28"}
{"level":"warn","message":"Price feed has stale data:","staleCount":4,"timestamp":"2026-03-29 20:32:28","total":4}
{"level":"warn","message":"DWX market data file not found — waiting for MT5 to create it...","timestamp":"2026-03-29 20:32:29"}
{"level":"warn","message":"Price feed has stale data:","staleCount":4,"timestamp":"2026-03-29 20:32:29","total":4}
{"level":"warn","message":"DWX file not found — will retry watcher in 5s...","timestamp":"2026-03-29 20:32:29"}
{"level":"warn","message":"DWX market data file not found — waiting for MT5 to create it...","timestamp":"2026-03-29 20:32:30"}
{"level":"warn","message":"Price feed has stale data:","staleCount":4,"timestamp":"2026-03-29 20:32:30","total":4}
{"level":"warn","message":"DWX market data file not found — waiting for MT5 to create it...","timestamp":"2026-03-29 20:32:31"}
{"level":"warn","message":"Price feed has stale data:","staleCount":4,"timestamp":"2026-03-29 20:32:31","total":4}
{"level":"warn","message":"DWX market data file not found — waiting for MT5 to create it...","timestamp":"2026-03-29 20:32:32"}
{"level":"warn","message":"Price feed has stale data:","staleCount":4,"timestamp":"2026-03-29 20:32:32","total":4}
{"level":"warn","message":"DWX market data file not found — waiting for MT5 to create it...","timestamp":"2026-03-29 20:32:33"}
{"level":"warn","message":"Price feed has stale data:","staleCount":4,"timestamp":"2026-03-29 20:32:33","total":4}
{"level":"warn","message":"DWX market data file not found — waiting for MT5 to create it...","timestamp":"2026-03-29 20:32:34"}
{"level":"warn","message":"Price feed has stale data:","staleCount":4,"timestamp":"2026-03-29 20:32:34","total":4}
{"level":"warn","message":"DWX file not found — will retry watcher in 5s...","timestamp":"2026-03-29 20:32:34"}
{"level":"warn","message":"DWX market data file not found — waiting for MT5 to create it...","timestamp":"2026-03-29 20:32:35"}
{"level":"warn","message":"Price feed has stale data:","staleCount":4,"timestamp":"2026-03-29 20:32:35","total":4}
{"level":"warn","message":"DWX market data file not found — waiting for MT5 to create it...","timestamp":"2026-03-29 20:32:36"}
{"level":"warn","message":"Price feed has stale data:","staleCount":4,"timestamp":"2026-03-29 20:32:36","total":4}
{"level":"warn","message":"DWX market data file not found — waiting for MT5 to create it...","timestamp":"2026-03-29 20:32:37"}
{"level":"warn","message":"Price feed has stale data:","staleCount":4,"timestamp":"2026-03-29 20:32:37","total":4}
{"level":"warn","message":"DWX market data file not found — waiting for MT5 to create it...","timestamp":"2026-03-29 20:32:38"}
{"level":"warn","message":"Price feed has stale data:","staleCount":4,"timestamp":"2026-03-29 20:32:38","total":4}
{"level":"warn","message":"DWX market data file not found — waiting for MT5 to create it...","timestamp":"2026-03-29 20:32:39"}
{"level":"warn","message":"Price feed has stale data:","staleCount":4,"timestamp":"2026-03-29 20:32:39","total":4}
{"level":"warn","message":"DWX file not found — will retry watcher in 5s...","timestamp":"2026-03-29 20:32:39"}
{"level":"warn","message":"DWX market data file not found — waiting for MT5 to create it...","timestamp":"2026-03-29 20:32:40"}
{"level":"warn","message":"Price feed has stale data:","staleCount":4,"timestamp":"2026-03-29 20:32:40","total":4}
{"level":"warn","message":"DWX market data file not found — waiting for MT5 to create it...","timestamp":"2026-03-29 20:32:41"}
{"level":"warn","message":"Price feed has stale data:","staleCount":4,"timestamp":"2026-03-29 20:32:41","total":4}
{"level":"warn","message":"DWX market data file not found — waiting for MT5 to create it...","timestamp":"2026-03-29 20:32:42"}
{"level":"warn","message":"Price feed has stale data:","staleCount":4,"timestamp":"2026-03-29 20:32:42","total":4}
{"level":"warn","message":"DWX market data file not found — waiting for MT5 to create it...","timestamp":"2026-03-29 20:32:43"}
{"level":"warn","message":"Price feed has stale data:","staleCount":4,"timestamp":"2026-03-29 20:32:43","total":4}
{"level":"warn","message":"DWX market data file not found — waiting for MT5 to create it...","timestamp":"2026-03-29 20:32:44"}
{"level":"warn","message":"Price feed has stale data:","staleCount":4,"timestamp":"2026-03-29 20:32:44","total":4}
{"level":"warn","message":"DWX file not found — will retry watcher in 5s...","timestamp":"2026-03-29 20:32:44"}
{"level":"warn","message":"DWX market data file not found — waiting for MT5 to create it...","timestamp":"2026-03-29 20:32:45"}
{"level":"warn","message":"Price feed has stale data:","staleCount":4,"timestamp":"2026-03-29 20:32:45","total":4}
{"level":"warn","message":"DWX market data file not found — waiting for MT5 to create it...","timestamp":"2026-03-29 20:32:46"}
{"level":"warn","message":"Price feed has stale data:","staleCount":4,"timestamp":"2026-03-29 20:32:46","total":4}
{"level":"warn","message":"DWX market data file not found — waiting for MT5 to create it...","timestamp":"2026-03-29 20:32:47"}
{"level":"warn","message":"Price feed has stale data:","staleCount":4,"timestamp":"2026-03-29 20:32:47","total":4}
{"level":"warn","message":"DWX market data file not found — waiting for MT5 to create it...","timestamp":"2026-03-29 20:32:48"}
{"level":"warn","message":"Price feed has stale data:","staleCount":4,"timestamp":"2026-03-29 20:32:48","total":4}
{"level":"warn","message":"DWX file not found — will retry watcher in 5s...","timestamp":"2026-03-29 20:32:49"}
{"level":"warn","message":"DWX market data file not found — waiting for MT5 to create it...","timestamp":"2026-03-29 20:32:49"}
{"level":"warn","message":"Price feed has stale data:","staleCount":4,"timestamp":"2026-03-29 20:32:49","total":4}
{"level":"warn","message":"DWX market data file not found — waiting for MT5 to create it...","timestamp":"2026-03-29 20:32:50"}
{"level":"warn","message":"Price feed has stale data:","staleCount":4,"timestamp":"2026-03-29 20:32:50","total":4}
{"level":"warn","message":"DWX market data file not found — waiting for MT5 to create it...","timestamp":"2026-03-29 20:32:51"}
{"level":"warn","message":"Price feed has stale data:","staleCount":4,"timestamp":"2026-03-29 20:32:51","total":4}
{"level":"warn","message":"DWX market data file not found — waiting for MT5 to create it...","timestamp":"2026-03-29 20:32:52"}
{"level":"warn","message":"Price feed has stale data:","staleCount":4,"timestamp":"2026-03-29 20:32:52","total":4}
{"level":"warn","message":"DWX market data file not found — waiting for MT5 to create it...","timestamp":"2026-03-29 20:32:53"}
{"level":"warn","message":"Price feed has stale data:","staleCount":4,"timestamp":"2026-03-29 20:32:53","total":4}
{"level":"warn","message":"DWX file not found — will retry watcher in 5s...","timestamp":"2026-03-29 20:32:54"}
{"level":"warn","message":"DWX market data file not found — waiting for MT5 to create it...","timestamp":"2026-03-29 20:32:54"}
{"level":"warn","message":"Price feed has stale data:","staleCount":4,"timestamp":"2026-03-29 20:32:54","total":4}
{"level":"warn","message":"DWX market data file not found — waiting for MT5 to create it...","timestamp":"2026-03-29 20:32:55"}
{"level":"warn","message":"Price feed has stale data:","staleCount":4,"timestamp":"2026-03-29 20:32:55","total":4}
{"level":"warn","message":"DWX market data file not found — waiting for MT5 to create it...","timestamp":"2026-03-29 20:32:56"}
{"level":"warn","message":"Price feed has stale data:","staleCount":4,"timestamp":"2026-03-29 20:32:56","total":4}
{"level":"warn","message":"DWX market data file not found — waiting for MT5 to create it...","timestamp":"2026-03-29 20:32:57"}
{"level":"warn","message":"Price feed has stale data:","staleCount":4,"timestamp":"2026-03-29 20:32:57","total":4}
{"level":"warn","message":"DWX market data file not found — waiting for MT5 to create it...","timestamp":"2026-03-29 20:32:58"}
{"level":"warn","message":"Price feed has stale data:","staleCount":4,"timestamp":"2026-03-29 20:32:58","total":4}
{"level":"warn","message":"DWX file not found — will retry watcher in 5s...","timestamp":"2026-03-29 20:32:59"}
{"level":"warn","message":"DWX market data file not found — waiting for MT5 to create it...","timestamp":"2026-03-29 20:32:59"}
{"level":"warn","message":"Price feed has stale data:","staleCount":4,"timestamp":"2026-03-29 20:32:59","total":4}
{"level":"warn","message":"DWX market data file not found — waiting for MT5 to create it...","timestamp":"2026-03-29 20:33:00"}
{"level":"warn","message":"Price feed has stale data:","staleCount":4,"timestamp":"2026-03-29 20:33:00","total":4}
{"level":"warn","message":"DWX market data file not found — waiting for MT5 to create it...","timestamp":"2026-03-29 20:33:01"}
{"level":"warn","message":"Price feed has stale data:","staleCount":4,"timestamp":"2026-03-29 20:33:01","total":4}
{"level":"warn","message":"DWX market data file not found — waiting for MT5 to create it...","timestamp":"2026-03-29 20:33:02"}
{"level":"warn","message":"Price feed has stale data:","staleCount":4,"timestamp":"2026-03-29 20:33:02","total":4}
{"level":"warn","message":"DWX market data file not found — waiting for MT5 to create it...","timestamp":"2026-03-29 20:33:03"}
{"level":"warn","message":"Price feed has stale data:","staleCount":4,"timestamp":"2026-03-29 20:33:03","total":4}
{"level":"warn","message":"DWX file not found — will retry watcher in 5s...","timestamp":"2026-03-29 20:33:04"}
{"level":"warn","message":"DWX market data file not found — waiting for MT5 to create it...","timestamp":"2026-03-29 20:33:04"}
{"level":"warn","message":"Price feed has stale data:","staleCount":4,"timestamp":"2026-03-29 20:33:04","total":4}
{"level":"warn","message":"DWX market data file not found — waiting for MT5 to create it...","timestamp":"2026-03-29 20:33:05"}
{"level":"warn","message":"Price feed has stale data:","staleCount":4,"timestamp":"2026-03-29 20:33:05","total":4}
{"level":"warn","message":"DWX market data file not found — waiting for MT5 to create it...","timestamp":"2026-03-29 20:33:06"}
{"level":"warn","message":"Price feed has stale data:","staleCount":4,"timestamp":"2026-03-29 20:33:06","total":4}
{"level":"warn","message":"DWX market data file not found — waiting for MT5 to create it...","timestamp":"2026-03-29 20:33:07"}
{"level":"warn","message":"Price feed has stale data:","staleCount":4,"timestamp":"2026-03-29 20:33:07","total":4}
{"level":"warn","message":"DWX market data file not found — waiting for MT5 to create it...","timestamp":"2026-03-29 20:33:08"}
{"level":"warn","message":"Price feed has stale data:","staleCount":4,"timestamp":"2026-03-29 20:33:08","total":4}
{"level":"warn","message":"DWX file not found — will retry watcher in 5s...","timestamp":"2026-03-29 20:33:09"}
{"level":"warn","message":"DWX market data file not found — waiting for MT5 to create it...","timestamp":"2026-03-29 20:33:09"}
{"level":"warn","message":"Price feed has stale data:","staleCount":4,"timestamp":"2026-03-29 20:33:09","total":4}
{"level":"warn","message":"DWX market data file not found — waiting for MT5 to create it...","timestamp":"2026-03-29 20:33:10"}
{"level":"warn","message":"Price feed has stale data:","staleCount":4,"timestamp":"2026-03-29 20:33:10","total":4}
{"level":"warn","message":"DWX market data file not found — waiting for MT5 to create it...","timestamp":"2026-03-29 20:33:11"}
{"level":"warn","message":"Price feed has stale data:","staleCount":4,"timestamp":"2026-03-29 20:33:11","total":4}
{"level":"warn","message":"DWX market data file not found — waiting for MT5 to create it...","timestamp":"2026-03-29 20:33:12"}
{"level":"warn","message":"Price feed has stale data:","staleCount":4,"timestamp":"2026-03-29 20:33:12","total":4}
{"level":"warn","message":"DWX market data file not found — waiting for MT5 to create it...","timestamp":"2026-03-29 20:33:13"}
{"level":"warn","message":"Price feed has stale data:","staleCount":4,"timestamp":"2026-03-29 20:33:13","total":4}
{"level":"warn","message":"DWX file not found — will retry watcher in 5s...","timestamp":"2026-03-29 20:33:14"}
{"level":"warn","message":"DWX market data file not found — waiting for MT5 to create it...","timestamp":"2026-03-29 20:33:14"}
{"level":"warn","message":"Price feed has stale data:","staleCount":4,"timestamp":"2026-03-29 20:33:14","total":4}
{"level":"warn","message":"DWX market data file not found — waiting for MT5 to create it...","timestamp":"2026-03-29 20:33:15"}
{"level":"warn","message":"Price feed has stale data:","staleCount":4,"timestamp":"2026-03-29 20:33:15","total":4}
{"level":"warn","message":"DWX market data file not found — waiting for MT5 to create it...","timestamp":"2026-03-29 20:33:16"}
{"level":"warn","message":"Price feed has stale data:","staleCount":4,"timestamp":"2026-03-29 20:33:16","total":4}
{"level":"warn","message":"DWX market data file not found — waiting for MT5 to create it...","timestamp":"2026-03-29 20:33:17"}
{"level":"warn","message":"Price feed has stale data:","staleCount":4,"timestamp":"2026-03-29 20:33:17","total":4}
{"level":"warn","message":"DWX market data file not found — waiting for MT5 to create it...","timestamp":"2026-03-29 20:33:18"}
{"level":"warn","message":"Price feed has stale data:","staleCount":4,"timestamp":"2026-03-29 20:33:18","total":4}
{"level":"warn","message":"DWX file not found — will retry watcher in 5s...","timestamp":"2026-03-29 20:33:19"}
{"level":"warn","message":"DWX market data file not found — waiting for MT5 to create it...","timestamp":"2026-03-29 20:33:19"}
{"level":"warn","message":"Price feed has stale data:","staleCount":4,"timestamp":"2026-03-29 20:33:19","total":4}
{"level":"warn","message":"DWX market data file not found — waiting for MT5 to create it...","timestamp":"2026-03-29 20:33:20"}
{"level":"warn","message":"Price feed has stale data:","staleCount":4,"timestamp":"2026-03-29 20:33:20","total":4}
{"level":"warn","message":"DWX market data file not found — waiting for MT5 to create it...","timestamp":"2026-03-29 20:33:22"}
{"level":"warn","message":"Price feed has stale data:","staleCount":4,"timestamp":"2026-03-29 20:33:22","total":4}
{"level":"warn","message":"DWX market data file not found — waiting for MT5 to create it...","timestamp":"2026-03-29 20:33:23"}
{"level":"warn","message":"Price feed has stale data:","staleCount":4,"timestamp":"2026-03-29 20:33:23","total":4}
{"level":"warn","message":"DWX market data file not found — waiting for MT5 to create it...","timestamp":"2026-03-29 20:33:24"}
{"level":"warn","message":"Price feed has stale data:","staleCount":4,"timestamp":"2026-03-29 20:33:24","total":4}
{"level":"warn","message":"DWX file not found — will retry watcher in 5s...","timestamp":"2026-03-29 20:33:24"}
{"level":"warn","message":"DWX market data file not found — waiting for MT5 to create it...","timestamp":"2026-03-29 20:33:25"}
{"level":"warn","message":"Price feed has stale data:","staleCount":4,"timestamp":"2026-03-29 20:33:25","total":4}
{"level":"warn","message":"DWX market data file not found — waiting for MT5 to create it...","timestamp":"2026-03-29 20:33:26"}
{"level":"warn","message":"Price feed has stale data:","staleCount":4,"timestamp":"2026-03-29 20:33:26","total":4}
{"level":"warn","message":"DWX market data file not found — waiting for MT5 to create it...","timestamp":"2026-03-29 20:33:27"}
{"level":"warn","message":"Price feed has stale data:","staleCount":4,"timestamp":"2026-03-29 20:33:27","total":4}
{"level":"warn","message":"DWX market data file not found — waiting for MT5 to create it...","timestamp":"2026-03-29 20:33:28"}
{"level":"warn","message":"Price feed has stale data:","staleCount":4,"timestamp":"2026-03-29 20:33:28","total":4}
{"level":"warn","message":"DWX market data file not found — waiting for MT5 to create it...","timestamp":"2026-03-29 20:33:29"}
{"level":"warn","message":"Price feed has stale data:","staleCount":4,"timestamp":"2026-03-29 20:33:29","total":4}
{"level":"warn","message":"DWX file not found — will retry watcher in 5s...","timestamp":"2026-03-29 20:33:29"}
{"level":"warn","message":"DWX market data file not found — waiting for MT5 to create it...","timestamp":"2026-03-29 20:33:30"}
{"level":"warn","message":"Price feed has stale data:","staleCount":4,"timestamp":"2026-03-29 20:33:30","total":4}
{"level":"warn","message":"DWX market data file not found — waiting for MT5 to create it...","timestamp":"2026-03-29 20:33:31"}
{"level":"warn","message":"Price feed has stale data:","staleCount":4,"timestamp":"2026-03-29 20:33:31","total":4}
{"level":"warn","message":"DWX market data file not found — waiting for MT5 to create it...","timestamp":"2026-03-29 20:33:32"}
{"level":"warn","message":"Price feed has stale data:","staleCount":4,"timestamp":"2026-03-29 20:33:32","total":4}
{"duration_ms":1,"ip":"::1","level":"http","message":"GET /api/admin/announcement","status":404,"timestamp":"2026-03-29 20:33:32","userAgent":"Mozilla/5.0 (Windows NT 10.0; Win64; x64) AppleWebKit/537.36 (KHTML, like Gecko) Chrome/146.0.0.0 Safari/537.36 Edg/146.0.0.0"}
{"level":"warn","message":"Price feed has stale data:","staleCount":4,"timestamp":"2026-03-29 20:33:32","total":4}
{"duration_ms":1,"ip":"::1","level":"http","message":"GET /api/admin/announcement","status":404,"timestamp":"2026-03-29 20:33:32","userAgent":"Mozilla/5.0 (Windows NT 10.0; Win64; x64) AppleWebKit/537.36 (KHTML, like Gecko) Chrome/146.0.0.0 Safari/537.36 Edg/146.0.0.0"}
{"level":"warn","message":"Price feed has stale data:","staleCount":4,"timestamp":"2026-03-29 20:33:32","total":4}
{"isAdmin":"[admin]","level":"http","message":"Socket connected:","socketId":"JxWdGCa2bbiuyr-RAAAO","timestamp":"2026-03-29 20:33:32"}
{"level":"warn","message":"DWX market data file not found — waiting for MT5 to create it...","timestamp":"2026-03-29 20:33:33"}
{"level":"warn","message":"Price feed has stale data:","staleCount":4,"timestamp":"2026-03-29 20:33:33","total":4}
{"level":"warn","message":"Price feed has stale data:","staleCount":4,"timestamp":"2026-03-29 20:33:33","total":4}
{"level":"warn","message":"Price feed has stale data:","staleCount":4,"timestamp":"2026-03-29 20:33:33","total":4}
{"level":"warn","message":"DWX market data file not found — waiting for MT5 to create it...","timestamp":"2026-03-29 20:33:34"}
{"level":"warn","message":"Price feed has stale data:","staleCount":4,"timestamp":"2026-03-29 20:33:34","total":4}
{"level":"warn","message":"DWX file not found — will retry watcher in 5s...","timestamp":"2026-03-29 20:33:34"}
{"level":"warn","message":"DWX market data file not found — waiting for MT5 to create it...","timestamp":"2026-03-29 20:33:35"}
{"level":"warn","message":"Price feed has stale data:","staleCount":4,"timestamp":"2026-03-29 20:33:35","total":4}
{"level":"http","message":"Socket disconnected:","socketId":"JxWdGCa2bbiuyr-RAAAO","timestamp":"2026-03-29 20:33:35"}
{"duration_ms":0,"ip":"::1","level":"http","message":"GET /api/admin/announcement","status":404,"timestamp":"2026-03-29 20:33:35","userAgent":"Mozilla/5.0 (Windows NT 10.0; Win64; x64) AppleWebKit/537.36 (KHTML, like Gecko) Chrome/146.0.0.0 Safari/537.36 Edg/146.0.0.0"}
{"level":"warn","message":"Price feed has stale data:","staleCount":4,"timestamp":"2026-03-29 20:33:35","total":4}
{"duration_ms":2,"ip":"::1","level":"http","message":"GET /api/admin/announcement","status":404,"timestamp":"2026-03-29 20:33:35","userAgent":"Mozilla/5.0 (Windows NT 10.0; Win64; x64) AppleWebKit/537.36 (KHTML, like Gecko) Chrome/146.0.0.0 Safari/537.36 Edg/146.0.0.0"}
{"level":"warn","message":"Price feed has stale data:","staleCount":4,"timestamp":"2026-03-29 20:33:35","total":4}
{"isAdmin":"[admin]","level":"http","message":"Socket connected:","socketId":"v16TYd4igkZWh3mwAAAR","timestamp":"2026-03-29 20:33:35"}
{"level":"warn","message":"DWX market data file not found — waiting for MT5 to create it...","timestamp":"2026-03-29 20:33:36"}
{"level":"warn","message":"Price feed has stale data:","staleCount":4,"timestamp":"2026-03-29 20:33:36","total":4}
{"level":"warn","message":"DWX market data file not found — waiting for MT5 to create it...","timestamp":"2026-03-29 20:33:37"}
{"level":"warn","message":"Price feed has stale data:","staleCount":4,"timestamp":"2026-03-29 20:33:37","total":4}
{"level":"warn","message":"DWX market data file not found — waiting for MT5 to create it...","timestamp":"2026-03-29 20:33:38"}
{"level":"warn","message":"Price feed has stale data:","staleCount":4,"timestamp":"2026-03-29 20:33:38","total":4}
{"level":"http","message":"Socket disconnected:","socketId":"v16TYd4igkZWh3mwAAAR","timestamp":"2026-03-29 20:33:38"}
{"level":"warn","message":"DWX market data file not found — waiting for MT5 to create it...","timestamp":"2026-03-29 20:33:39"}
{"level":"warn","message":"Price feed has stale data:","staleCount":4,"timestamp":"2026-03-29 20:33:39","total":4}
{"level":"warn","message":"DWX file not found — will retry watcher in 5s...","timestamp":"2026-03-29 20:33:39"}
{"level":"warn","message":"DWX market data file not found — waiting for MT5 to create it...","timestamp":"2026-03-29 20:33:40"}
{"level":"warn","message":"Price feed has stale data:","staleCount":4,"timestamp":"2026-03-29 20:33:40","total":4}
{"level":"warn","message":"DWX market data file not found — waiting for MT5 to create it...","timestamp":"2026-03-29 20:33:41"}
{"level":"warn","message":"Price feed has stale data:","staleCount":4,"timestamp":"2026-03-29 20:33:41","total":4}
{"level":"warn","message":"DWX market data file not found — waiting for MT5 to create it...","timestamp":"2026-03-29 20:33:42"}
{"level":"warn","message":"Price feed has stale data:","staleCount":4,"timestamp":"2026-03-29 20:33:42","total":4}
{"level":"warn","message":"DWX market data file not found — waiting for MT5 to create it...","timestamp":"2026-03-29 20:33:43"}
{"level":"warn","message":"Price feed has stale data:","staleCount":4,"timestamp":"2026-03-29 20:33:43","total":4}
{"instruments":"EURUSD,GBPUSD,XAUUSD,XAGUSD","level":"info","message":"Subscribed to MT5 symbols:","timestamp":"2026-03-29 20:34:00"}
{"level":"warn","message":"DWX market data file not found — waiting for MT5 to create it...","timestamp":"2026-03-29 20:34:00"}
{"level":"warn","message":"DWX file not found — will retry watcher in 5s...","timestamp":"2026-03-29 20:34:00"}
{"level":"info","message":"NewsService started: watching for USD High impact events","timestamp":"2026-03-29 20:34:00"}
{"env":"development","level":"info","message":"Server started:","port":"5000","timestamp":"2026-03-29 20:34:00"}
{"level":"http","message":"Database connection established","timestamp":"2026-03-29 20:34:00"}
{"level":"warn","message":"DWX market data file not found — waiting for MT5 to create it...","timestamp":"2026-03-29 20:34:01"}
{"level":"warn","message":"Price feed has stale data:","staleCount":4,"timestamp":"2026-03-29 20:34:01","total":4}
{"level":"warn","message":"DWX market data file not found — waiting for MT5 to create it...","timestamp":"2026-03-29 20:34:02"}
{"level":"warn","message":"Price feed has stale data:","staleCount":4,"timestamp":"2026-03-29 20:34:02","total":4}
{"level":"warn","message":"DWX market data file not found — waiting for MT5 to create it...","timestamp":"2026-03-29 20:34:03"}
{"level":"warn","message":"Price feed has stale data:","staleCount":4,"timestamp":"2026-03-29 20:34:03","total":4}
{"level":"warn","message":"DWX market data file not found — waiting for MT5 to create it...","timestamp":"2026-03-29 20:34:04"}
{"level":"warn","message":"Price feed has stale data:","staleCount":4,"timestamp":"2026-03-29 20:34:04","total":4}
{"level":"warn","message":"DWX file not found — will retry watcher in 5s...","timestamp":"2026-03-29 20:34:05"}
{"level":"warn","message":"DWX market data file not found — waiting for MT5 to create it...","timestamp":"2026-03-29 20:34:05"}
{"level":"warn","message":"Price feed has stale data:","staleCount":4,"timestamp":"2026-03-29 20:34:05","total":4}
{"level":"warn","message":"DWX market data file not found — waiting for MT5 to create it...","timestamp":"2026-03-29 20:34:06"}
{"level":"warn","message":"Price feed has stale data:","staleCount":4,"timestamp":"2026-03-29 20:34:06","total":4}
{"level":"warn","message":"DWX market data file not found — waiting for MT5 to create it...","timestamp":"2026-03-29 20:34:07"}
{"level":"warn","message":"Price feed has stale data:","staleCount":4,"timestamp":"2026-03-29 20:34:07","total":4}
{"level":"warn","message":"DWX market data file not found — waiting for MT5 to create it...","timestamp":"2026-03-29 20:34:08"}
{"level":"warn","message":"Price feed has stale data:","staleCount":4,"timestamp":"2026-03-29 20:34:08","total":4}
{"level":"info","message":"NewsService fetched 10 upcoming USD High impact events","timestamp":"2026-03-29 20:34:08"}
{"level":"warn","message":"DWX market data file not found — waiting for MT5 to create it...","timestamp":"2026-03-29 20:34:09"}
{"level":"warn","message":"Price feed has stale data:","staleCount":4,"timestamp":"2026-03-29 20:34:09","total":4}
{"level":"warn","message":"DWX file not found — will retry watcher in 5s...","timestamp":"2026-03-29 20:34:10"}
{"level":"warn","message":"DWX market data file not found — waiting for MT5 to create it...","timestamp":"2026-03-29 20:34:10"}
{"level":"warn","message":"Price feed has stale data:","staleCount":4,"timestamp":"2026-03-29 20:34:10","total":4}
{"level":"warn","message":"DWX market data file not found — waiting for MT5 to create it...","timestamp":"2026-03-29 20:34:11"}
{"level":"warn","message":"Price feed has stale data:","staleCount":4,"timestamp":"2026-03-29 20:34:11","total":4}
{"level":"warn","message":"DWX market data file not found — waiting for MT5 to create it...","timestamp":"2026-03-29 20:34:12"}
{"level":"warn","message":"Price feed has stale data:","staleCount":4,"timestamp":"2026-03-29 20:34:12","total":4}
{"level":"warn","message":"DWX market data file not found — waiting for MT5 to create it...","timestamp":"2026-03-29 20:34:13"}
{"level":"warn","message":"Price feed has stale data:","staleCount":4,"timestamp":"2026-03-29 20:34:13","total":4}
{"duration_ms":3,"ip":"::1","level":"http","message":"GET /api/admin/announcement","status":404,"timestamp":"2026-03-29 20:34:14","userAgent":"Mozilla/5.0 (Windows NT 10.0; Win64; x64) AppleWebKit/537.36 (KHTML, like Gecko) Chrome/146.0.0.0 Safari/537.36 Edg/146.0.0.0"}
{"level":"warn","message":"Price feed has stale data:","staleCount":4,"timestamp":"2026-03-29 20:34:14","total":4}
{"duration_ms":10,"ip":"::1","level":"http","message":"GET /api/admin/announcement","status":404,"timestamp":"2026-03-29 20:34:14","userAgent":"Mozilla/5.0 (Windows NT 10.0; Win64; x64) AppleWebKit/537.36 (KHTML, like Gecko) Chrome/146.0.0.0 Safari/537.36 Edg/146.0.0.0"}
{"level":"warn","message":"Price feed has stale data:","staleCount":4,"timestamp":"2026-03-29 20:34:14","total":4}
{"isAdmin":"[admin]","level":"http","message":"Socket connected:","socketId":"h_nN_iBHfU_uQ8-gAAAC","timestamp":"2026-03-29 20:34:14"}
{"level":"warn","message":"DWX market data file not found — waiting for MT5 to create it...","timestamp":"2026-03-29 20:34:14"}
{"level":"warn","message":"Price feed has stale data:","staleCount":4,"timestamp":"2026-03-29 20:34:14","total":4}
{"level":"warn","message":"DWX file not found — will retry watcher in 5s...","timestamp":"2026-03-29 20:34:15"}
{"level":"warn","message":"DWX market data file not found — waiting for MT5 to create it...","timestamp":"2026-03-29 20:34:15"}
{"level":"warn","message":"Price feed has stale data:","staleCount":4,"timestamp":"2026-03-29 20:34:15","total":4}
{"level":"warn","message":"DWX market data file not found — waiting for MT5 to create it...","timestamp":"2026-03-29 20:34:16"}
{"level":"warn","message":"Price feed has stale data:","staleCount":4,"timestamp":"2026-03-29 20:34:16","total":4}
{"level":"warn","message":"DWX market data file not found — waiting for MT5 to create it...","timestamp":"2026-03-29 20:34:17"}
{"level":"warn","message":"Price feed has stale data:","staleCount":4,"timestamp":"2026-03-29 20:34:17","total":4}
{"level":"warn","message":"DWX market data file not found — waiting for MT5 to create it...","timestamp":"2026-03-29 20:34:18"}
{"level":"warn","message":"Price feed has stale data:","staleCount":4,"timestamp":"2026-03-29 20:34:18","total":4}
{"level":"warn","message":"DWX market data file not found — waiting for MT5 to create it...","timestamp":"2026-03-29 20:34:19"}
{"level":"warn","message":"Price feed has stale data:","staleCount":4,"timestamp":"2026-03-29 20:34:19","total":4}
{"level":"warn","message":"DWX file not found — will retry watcher in 5s...","timestamp":"2026-03-29 20:34:20"}
{"level":"warn","message":"DWX market data file not found — waiting for MT5 to create it...","timestamp":"2026-03-29 20:34:20"}
{"level":"warn","message":"Price feed has stale data:","staleCount":4,"timestamp":"2026-03-29 20:34:20","total":4}
{"level":"warn","message":"DWX market data file not found — waiting for MT5 to create it...","timestamp":"2026-03-29 20:34:21"}
{"level":"warn","message":"Price feed has stale data:","staleCount":4,"timestamp":"2026-03-29 20:34:21","total":4}
{"level":"warn","message":"DWX market data file not found — waiting for MT5 to create it...","timestamp":"2026-03-29 20:34:22"}
{"level":"warn","message":"Price feed has stale data:","staleCount":4,"timestamp":"2026-03-29 20:34:22","total":4}
{"level":"warn","message":"DWX market data file not found — waiting for MT5 to create it...","timestamp":"2026-03-29 20:34:23"}
{"level":"warn","message":"Price feed has stale data:","staleCount":4,"timestamp":"2026-03-29 20:34:23","total":4}
{"level":"warn","message":"DWX market data file not found — waiting for MT5 to create it...","timestamp":"2026-03-29 20:34:24"}
{"level":"warn","message":"Price feed has stale data:","staleCount":4,"timestamp":"2026-03-29 20:34:24","total":4}
{"level":"warn","message":"DWX file not found — will retry watcher in 5s...","timestamp":"2026-03-29 20:34:25"}
{"level":"warn","message":"DWX market data file not found — waiting for MT5 to create it...","timestamp":"2026-03-29 20:34:25"}
{"level":"warn","message":"Price feed has stale data:","staleCount":4,"timestamp":"2026-03-29 20:34:25","total":4}
{"level":"warn","message":"DWX market data file not found — waiting for MT5 to create it...","timestamp":"2026-03-29 20:34:26"}
{"level":"warn","message":"Price feed has stale data:","staleCount":4,"timestamp":"2026-03-29 20:34:26","total":4}
{"level":"warn","message":"DWX market data file not found — waiting for MT5 to create it...","timestamp":"2026-03-29 20:34:27"}
{"level":"warn","message":"Price feed has stale data:","staleCount":4,"timestamp":"2026-03-29 20:34:27","total":4}
{"level":"warn","message":"DWX market data file not found — waiting for MT5 to create it...","timestamp":"2026-03-29 20:34:28"}
{"level":"warn","message":"Price feed has stale data:","staleCount":4,"timestamp":"2026-03-29 20:34:28","total":4}
{"level":"warn","message":"DWX market data file not found — waiting for MT5 to create it...","timestamp":"2026-03-29 20:34:29"}
{"level":"warn","message":"Price feed has stale data:","staleCount":4,"timestamp":"2026-03-29 20:34:29","total":4}
{"level":"warn","message":"Price feed has stale data:","staleCount":4,"timestamp":"2026-03-29 20:34:30","total":4}
{"level":"warn","message":"Price feed has stale data:","staleCount":4,"timestamp":"2026-03-29 20:34:30","total":4}
{"level":"warn","message":"DWX file not found — will retry watcher in 5s...","timestamp":"2026-03-29 20:34:30"}
{"level":"warn","message":"DWX market data file not found — waiting for MT5 to create it...","timestamp":"2026-03-29 20:34:30"}
{"level":"warn","message":"Price feed has stale data:","staleCount":4,"timestamp":"2026-03-29 20:34:30","total":4}
{"level":"warn","message":"DWX market data file not found — waiting for MT5 to create it...","timestamp":"2026-03-29 20:34:31"}
{"level":"warn","message":"Price feed has stale data:","staleCount":4,"timestamp":"2026-03-29 20:34:31","total":4}
{"level":"warn","message":"DWX market data file not found — waiting for MT5 to create it...","timestamp":"2026-03-29 20:34:32"}
{"level":"warn","message":"Price feed has stale data:","staleCount":4,"timestamp":"2026-03-29 20:34:33","total":4}
{"level":"warn","message":"DWX market data file not found — waiting for MT5 to create it...","timestamp":"2026-03-29 20:34:34"}
{"level":"warn","message":"Price feed has stale data:","staleCount":4,"timestamp":"2026-03-29 20:34:34","total":4}
{"level":"warn","message":"DWX market data file not found — waiting for MT5 to create it...","timestamp":"2026-03-29 20:34:35"}
{"level":"warn","message":"Price feed has stale data:","staleCount":4,"timestamp":"2026-03-29 20:34:35","total":4}
{"level":"warn","message":"Price feed has stale data:","staleCount":4,"timestamp":"2026-03-29 20:34:35","total":4}
{"level":"warn","message":"DWX file not found — will retry watcher in 5s...","timestamp":"2026-03-29 20:34:35"}
{"level":"warn","message":"DWX market data file not found — waiting for MT5 to create it...","timestamp":"2026-03-29 20:34:36"}
{"level":"warn","message":"Price feed has stale data:","staleCount":4,"timestamp":"2026-03-29 20:34:36","total":4}
{"level":"warn","message":"DWX market data file not found — waiting for MT5 to create it...","timestamp":"2026-03-29 20:34:37"}
{"level":"warn","message":"Price feed has stale data:","staleCount":4,"timestamp":"2026-03-29 20:34:37","total":4}
{"level":"warn","message":"DWX market data file not found — waiting for MT5 to create it...","timestamp":"2026-03-29 20:34:38"}
{"level":"warn","message":"Price feed has stale data:","staleCount":4,"timestamp":"2026-03-29 20:34:38","total":4}
{"level":"warn","message":"DWX market data file not found — waiting for MT5 to create it...","timestamp":"2026-03-29 20:34:39"}
{"level":"warn","message":"Price feed has stale data:","staleCount":4,"timestamp":"2026-03-29 20:34:39","total":4}
{"level":"warn","message":"DWX market data file not found — waiting for MT5 to create it...","timestamp":"2026-03-29 20:34:40"}
{"level":"warn","message":"Price feed has stale data:","staleCount":4,"timestamp":"2026-03-29 20:34:40","total":4}
{"level":"warn","message":"Price feed has stale data:","staleCount":4,"timestamp":"2026-03-29 20:34:40","total":4}
{"level":"warn","message":"DWX file not found — will retry watcher in 5s...","timestamp":"2026-03-29 20:34:40"}
{"level":"warn","message":"DWX market data file not found — waiting for MT5 to create it...","timestamp":"2026-03-29 20:34:41"}
{"level":"warn","message":"Price feed has stale data:","staleCount":4,"timestamp":"2026-03-29 20:34:41","total":4}
{"level":"warn","message":"DWX market data file not found — waiting for MT5 to create it...","timestamp":"2026-03-29 20:34:42"}
{"level":"warn","message":"Price feed has stale data:","staleCount":4,"timestamp":"2026-03-29 20:34:42","total":4}
{"level":"warn","message":"DWX market data file not found — waiting for MT5 to create it...","timestamp":"2026-03-29 20:34:43"}
{"level":"warn","message":"Price feed has stale data:","staleCount":4,"timestamp":"2026-03-29 20:34:43","total":4}
{"level":"warn","message":"DWX market data file not found — waiting for MT5 to create it...","timestamp":"2026-03-29 20:34:44"}
{"level":"warn","message":"Price feed has stale data:","staleCount":4,"timestamp":"2026-03-29 20:34:44","total":4}
{"level":"warn","message":"DWX market data file not found — waiting for MT5 to create it...","timestamp":"2026-03-29 20:34:45"}
{"level":"warn","message":"Price feed has stale data:","staleCount":4,"timestamp":"2026-03-29 20:34:45","total":4}
{"level":"warn","message":"Price feed has stale data:","staleCount":4,"timestamp":"2026-03-29 20:34:45","total":4}
{"level":"warn","message":"DWX file not found — will retry watcher in 5s...","timestamp":"2026-03-29 20:34:45"}
{"level":"warn","message":"DWX market data file not found — waiting for MT5 to create it...","timestamp":"2026-03-29 20:34:46"}
{"level":"warn","message":"Price feed has stale data:","staleCount":4,"timestamp":"2026-03-29 20:34:46","total":4}
{"level":"warn","message":"DWX market data file not found — waiting for MT5 to create it...","timestamp":"2026-03-29 20:34:47"}
{"level":"warn","message":"Price feed has stale data:","staleCount":4,"timestamp":"2026-03-29 20:34:47","total":4}
{"level":"warn","message":"DWX market data file not found — waiting for MT5 to create it...","timestamp":"2026-03-29 20:34:48"}
{"level":"warn","message":"Price feed has stale data:","staleCount":4,"timestamp":"2026-03-29 20:34:48","total":4}
{"level":"warn","message":"DWX market data file not found — waiting for MT5 to create it...","timestamp":"2026-03-29 20:34:49"}
{"level":"warn","message":"Price feed has stale data:","staleCount":4,"timestamp":"2026-03-29 20:34:49","total":4}
{"level":"warn","message":"DWX market data file not found — waiting for MT5 to create it...","timestamp":"2026-03-29 20:34:50"}
{"level":"warn","message":"Price feed has stale data:","staleCount":4,"timestamp":"2026-03-29 20:34:50","total":4}
{"level":"warn","message":"Price feed has stale data:","staleCount":4,"timestamp":"2026-03-29 20:34:50","total":4}
{"level":"warn","message":"DWX file not found — will retry watcher in 5s...","timestamp":"2026-03-29 20:34:50"}
{"level":"warn","message":"DWX market data file not found — waiting for MT5 to create it...","timestamp":"2026-03-29 20:34:51"}
{"level":"warn","message":"Price feed has stale data:","staleCount":4,"timestamp":"2026-03-29 20:34:51","total":4}
{"level":"warn","message":"DWX market data file not found — waiting for MT5 to create it...","timestamp":"2026-03-29 20:34:52"}
{"level":"warn","message":"Price feed has stale data:","staleCount":4,"timestamp":"2026-03-29 20:34:52","total":4}
{"level":"warn","message":"DWX market data file not found — waiting for MT5 to create it...","timestamp":"2026-03-29 20:34:53"}
{"level":"warn","message":"Price feed has stale data:","staleCount":4,"timestamp":"2026-03-29 20:34:53","total":4}
{"level":"warn","message":"DWX market data file not found — waiting for MT5 to create it...","timestamp":"2026-03-29 20:34:54"}
{"level":"warn","message":"Price feed has stale data:","staleCount":4,"timestamp":"2026-03-29 20:34:54","total":4}
{"level":"warn","message":"DWX market data file not found — waiting for MT5 to create it...","timestamp":"2026-03-29 20:34:55"}
{"level":"warn","message":"Price feed has stale data:","staleCount":4,"timestamp":"2026-03-29 20:34:55","total":4}
{"level":"warn","message":"Price feed has stale data:","staleCount":4,"timestamp":"2026-03-29 20:34:55","total":4}
{"level":"warn","message":"DWX file not found — will retry watcher in 5s...","timestamp":"2026-03-29 20:34:55"}
{"level":"warn","message":"DWX market data file not found — waiting for MT5 to create it...","timestamp":"2026-03-29 20:34:56"}
{"level":"warn","message":"Price feed has stale data:","staleCount":4,"timestamp":"2026-03-29 20:34:56","total":4}
{"level":"warn","message":"DWX market data file not found — waiting for MT5 to create it...","timestamp":"2026-03-29 20:34:57"}
{"level":"warn","message":"Price feed has stale data:","staleCount":4,"timestamp":"2026-03-29 20:34:57","total":4}
{"level":"warn","message":"DWX market data file not found — waiting for MT5 to create it...","timestamp":"2026-03-29 20:34:58"}
{"level":"warn","message":"Price feed has stale data:","staleCount":4,"timestamp":"2026-03-29 20:34:58","total":4}
{"level":"warn","message":"DWX market data file not found — waiting for MT5 to create it...","timestamp":"2026-03-29 20:34:59"}
{"level":"warn","message":"Price feed has stale data:","staleCount":4,"timestamp":"2026-03-29 20:34:59","total":4}
{"level":"warn","message":"DWX market data file not found — waiting for MT5 to create it...","timestamp":"2026-03-29 20:35:00"}
{"level":"warn","message":"Price feed has stale data:","staleCount":4,"timestamp":"2026-03-29 20:35:00","total":4}
{"level":"warn","message":"Price feed has stale data:","staleCount":4,"timestamp":"2026-03-29 20:35:00","total":4}
{"level":"warn","message":"DWX file not found — will retry watcher in 5s...","timestamp":"2026-03-29 20:35:00"}
{"level":"warn","message":"DWX market data file not found — waiting for MT5 to create it...","timestamp":"2026-03-29 20:35:01"}
{"level":"warn","message":"Price feed has stale data:","staleCount":4,"timestamp":"2026-03-29 20:35:01","total":4}
{"level":"warn","message":"DWX market data file not found — waiting for MT5 to create it...","timestamp":"2026-03-29 20:35:02"}
{"level":"warn","message":"Price feed has stale data:","staleCount":4,"timestamp":"2026-03-29 20:35:02","total":4}
{"level":"warn","message":"DWX market data file not found — waiting for MT5 to create it...","timestamp":"2026-03-29 20:35:03"}
{"level":"warn","message":"Price feed has stale data:","staleCount":4,"timestamp":"2026-03-29 20:35:03","total":4}
{"level":"warn","message":"DWX market data file not found — waiting for MT5 to create it...","timestamp":"2026-03-29 20:35:04"}
{"level":"warn","message":"Price feed has stale data:","staleCount":4,"timestamp":"2026-03-29 20:35:04","total":4}
{"level":"warn","message":"DWX market data file not found — waiting for MT5 to create it...","timestamp":"2026-03-29 20:35:05"}
{"level":"warn","message":"Price feed has stale data:","staleCount":4,"timestamp":"2026-03-29 20:35:05","total":4}
{"level":"warn","message":"Price feed has stale data:","staleCount":4,"timestamp":"2026-03-29 20:35:05","total":4}
{"level":"warn","message":"DWX file not found — will retry watcher in 5s...","timestamp":"2026-03-29 20:35:05"}
{"level":"warn","message":"DWX market data file not found — waiting for MT5 to create it...","timestamp":"2026-03-29 20:35:06"}
{"level":"warn","message":"Price feed has stale data:","staleCount":4,"timestamp":"2026-03-29 20:35:06","total":4}
{"level":"warn","message":"DWX market data file not found — waiting for MT5 to create it...","timestamp":"2026-03-29 20:35:07"}
{"level":"warn","message":"Price feed has stale data:","staleCount":4,"timestamp":"2026-03-29 20:35:07","total":4}
{"level":"warn","message":"DWX market data file not found — waiting for MT5 to create it...","timestamp":"2026-03-29 20:35:08"}
{"level":"warn","message":"Price feed has stale data:","staleCount":4,"timestamp":"2026-03-29 20:35:08","total":4}
{"isAdmin":"[admin]","level":"http","message":"Socket connected:","socketId":"ZIt_rdSXZ2xUfSz2AAAF","timestamp":"2026-03-29 20:35:09"}
{"level":"warn","message":"DWX market data file not found — waiting for MT5 to create it...","timestamp":"2026-03-29 20:35:09"}
{"level":"warn","message":"Price feed has stale data:","staleCount":4,"timestamp":"2026-03-29 20:35:09","total":4}
{"level":"http","message":"Socket disconnected:","socketId":"ZIt_rdSXZ2xUfSz2AAAF","timestamp":"2026-03-29 20:35:10"}
{"level":"warn","message":"DWX market data file not found — waiting for MT5 to create it...","timestamp":"2026-03-29 20:35:10"}
{"level":"warn","message":"Price feed has stale data:","staleCount":4,"timestamp":"2026-03-29 20:35:10","total":4}
{"level":"warn","message":"DWX file not found — will retry watcher in 5s...","timestamp":"2026-03-29 20:35:10"}
{"level":"warn","message":"DWX market data file not found — waiting for MT5 to create it...","timestamp":"2026-03-29 20:35:11"}
{"level":"warn","message":"Price feed has stale data:","staleCount":4,"timestamp":"2026-03-29 20:35:11","total":4}
{"level":"warn","message":"DWX market data file not found — waiting for MT5 to create it...","timestamp":"2026-03-29 20:35:12"}
{"level":"warn","message":"Price feed has stale data:","staleCount":4,"timestamp":"2026-03-29 20:35:12","total":4}
{"level":"warn","message":"DWX market data file not found — waiting for MT5 to create it...","timestamp":"2026-03-29 20:35:13"}
{"level":"warn","message":"Price feed has stale data:","staleCount":4,"timestamp":"2026-03-29 20:35:13","total":4}
{"level":"warn","message":"DWX market data file not found — waiting for MT5 to create it...","timestamp":"2026-03-29 20:35:14"}
{"level":"warn","message":"Price feed has stale data:","staleCount":4,"timestamp":"2026-03-29 20:35:14","total":4}
{"level":"warn","message":"DWX market data file not found — waiting for MT5 to create it...","timestamp":"2026-03-29 20:35:15"}
{"level":"warn","message":"Price feed has stale data:","staleCount":4,"timestamp":"2026-03-29 20:35:15","total":4}
{"level":"warn","message":"DWX file not found — will retry watcher in 5s...","timestamp":"2026-03-29 20:35:15"}
{"level":"warn","message":"DWX market data file not found — waiting for MT5 to create it...","timestamp":"2026-03-29 20:35:16"}
{"level":"warn","message":"Price feed has stale data:","staleCount":4,"timestamp":"2026-03-29 20:35:16","total":4}
{"level":"warn","message":"DWX market data file not found — waiting for MT5 to create it...","timestamp":"2026-03-29 20:35:17"}
{"level":"warn","message":"Price feed has stale data:","staleCount":4,"timestamp":"2026-03-29 20:35:17","total":4}
{"level":"warn","message":"DWX market data file not found — waiting for MT5 to create it...","timestamp":"2026-03-29 20:35:18"}
{"level":"warn","message":"Price feed has stale data:","staleCount":4,"timestamp":"2026-03-29 20:35:18","total":4}
{"level":"warn","message":"DWX market data file not found — waiting for MT5 to create it...","timestamp":"2026-03-29 20:35:19"}
{"level":"warn","message":"Price feed has stale data:","staleCount":4,"timestamp":"2026-03-29 20:35:19","total":4}
{"level":"warn","message":"DWX market data file not found — waiting for MT5 to create it...","timestamp":"2026-03-29 20:35:20"}
{"level":"warn","message":"Price feed has stale data:","staleCount":4,"timestamp":"2026-03-29 20:35:20","total":4}
{"level":"warn","message":"DWX file not found — will retry watcher in 5s...","timestamp":"2026-03-29 20:35:20"}
{"level":"warn","message":"DWX market data file not found — waiting for MT5 to create it...","timestamp":"2026-03-29 20:35:21"}
{"level":"warn","message":"Price feed has stale data:","staleCount":4,"timestamp":"2026-03-29 20:35:21","total":4}
{"level":"http","message":"Socket disconnected:","socketId":"h_nN_iBHfU_uQ8-gAAAC","timestamp":"2026-03-29 20:35:21"}
{"level":"warn","message":"DWX market data file not found — waiting for MT5 to create it...","timestamp":"2026-03-29 20:35:22"}
{"level":"warn","message":"Price feed has stale data:","staleCount":4,"timestamp":"2026-03-29 20:35:22","total":4}
{"level":"warn","message":"DWX market data file not found — waiting for MT5 to create it...","timestamp":"2026-03-29 20:35:23"}
{"level":"warn","message":"Price feed has stale data:","staleCount":4,"timestamp":"2026-03-29 20:35:23","total":4}
{"level":"warn","message":"DWX market data file not found — waiting for MT5 to create it...","timestamp":"2026-03-29 20:35:24"}
{"level":"warn","message":"Price feed has stale data:","staleCount":4,"timestamp":"2026-03-29 20:35:24","total":4}
{"level":"warn","message":"DWX market data file not found — waiting for MT5 to create it...","timestamp":"2026-03-29 20:35:25"}
{"level":"warn","message":"Price feed has stale data:","staleCount":4,"timestamp":"2026-03-29 20:35:25","total":4}
{"level":"warn","message":"DWX file not found — will retry watcher in 5s...","timestamp":"2026-03-29 20:35:25"}
{"level":"warn","message":"DWX market data file not found — waiting for MT5 to create it...","timestamp":"2026-03-29 20:35:26"}
{"level":"warn","message":"Price feed has stale data:","staleCount":4,"timestamp":"2026-03-29 20:35:26","total":4}
{"level":"warn","message":"DWX market data file not found — waiting for MT5 to create it...","timestamp":"2026-03-29 20:35:27"}
{"level":"warn","message":"Price feed has stale data:","staleCount":4,"timestamp":"2026-03-29 20:35:27","total":4}
{"level":"warn","message":"DWX market data file not found — waiting for MT5 to create it...","timestamp":"2026-03-29 20:35:28"}
{"level":"warn","message":"Price feed has stale data:","staleCount":4,"timestamp":"2026-03-29 20:35:28","total":4}
{"level":"warn","message":"DWX market data file not found — waiting for MT5 to create it...","timestamp":"2026-03-29 20:35:29"}
{"level":"warn","message":"Price feed has stale data:","staleCount":4,"timestamp":"2026-03-29 20:35:29","total":4}
{"level":"warn","message":"DWX market data file not found — waiting for MT5 to create it...","timestamp":"2026-03-29 20:35:30"}
{"level":"warn","message":"Price feed has stale data:","staleCount":4,"timestamp":"2026-03-29 20:35:30","total":4}
{"level":"warn","message":"DWX file not found — will retry watcher in 5s...","timestamp":"2026-03-29 20:35:30"}
{"level":"warn","message":"DWX market data file not found — waiting for MT5 to create it...","timestamp":"2026-03-29 20:35:31"}
{"level":"warn","message":"Price feed has stale data:","staleCount":4,"timestamp":"2026-03-29 20:35:31","total":4}
{"level":"warn","message":"DWX market data file not found — waiting for MT5 to create it...","timestamp":"2026-03-29 20:35:32"}
{"level":"warn","message":"Price feed has stale data:","staleCount":4,"timestamp":"2026-03-29 20:35:32","total":4}
{"level":"http","message":"Database connection established","timestamp":"2026-03-30 16:29:51"}
{"level":"http","message":"Database connection established","timestamp":"2026-03-30 16:30:46"}
{"instruments":"EURUSD,GBPUSD,XAUUSD,XAGUSD","level":"info","message":"Subscribed to MT5 symbols:","timestamp":"2026-03-30 16:53:37"}
{"level":"warn","message":"DWX market data file not found — waiting for MT5 to create it...","timestamp":"2026-03-30 16:53:37"}
{"level":"warn","message":"DWX file not found — will retry watcher in 5s...","timestamp":"2026-03-30 16:53:37"}
{"level":"info","message":"NewsService started: watching for USD High impact events","timestamp":"2026-03-30 16:53:37"}
{"env":"development","level":"info","message":"Server started:","port":"5000","timestamp":"2026-03-30 16:53:37"}
{"level":"http","message":"Database connection established","timestamp":"2026-03-30 16:53:37"}
{"days":7,"deleted":79228,"level":"info","message":"rows older than 7 days removed.","timestamp":"2026-03-30 16:53:37"}
{"level":"warn","message":"DWX market data file not found — waiting for MT5 to create it...","timestamp":"2026-03-30 16:53:38"}
{"level":"warn","message":"Price feed has stale data:","staleCount":4,"timestamp":"2026-03-30 16:53:38","total":4}
{"level":"info","message":"NewsService fetched 10 upcoming USD High impact events","timestamp":"2026-03-30 16:53:38"}
{"level":"warn","message":"DWX market data file not found — waiting for MT5 to create it...","timestamp":"2026-03-30 16:53:39"}
{"level":"warn","message":"Price feed has stale data:","staleCount":4,"timestamp":"2026-03-30 16:53:39","total":4}
{"level":"warn","message":"DWX market data file not found — waiting for MT5 to create it...","timestamp":"2026-03-30 16:53:40"}
{"level":"warn","message":"Price feed has stale data:","staleCount":4,"timestamp":"2026-03-30 16:53:40","total":4}
{"level":"warn","message":"DWX market data file not found — waiting for MT5 to create it...","timestamp":"2026-03-30 16:53:41"}
{"level":"warn","message":"Price feed has stale data:","staleCount":4,"timestamp":"2026-03-30 16:53:41","total":4}
{"level":"warn","message":"DWX file not found — will retry watcher in 5s...","timestamp":"2026-03-30 16:53:42"}
{"level":"warn","message":"DWX market data file not found — waiting for MT5 to create it...","timestamp":"2026-03-30 16:53:42"}
{"level":"warn","message":"Price feed has stale data:","staleCount":4,"timestamp":"2026-03-30 16:53:42","total":4}
{"level":"warn","message":"DWX market data file not found — waiting for MT5 to create it...","timestamp":"2026-03-30 16:53:43"}
{"level":"warn","message":"Price feed has stale data:","staleCount":4,"timestamp":"2026-03-30 16:53:43","total":4}
{"level":"warn","message":"DWX market data file not found — waiting for MT5 to create it...","timestamp":"2026-03-30 16:53:44"}
{"level":"warn","message":"Price feed has stale data:","staleCount":4,"timestamp":"2026-03-30 16:53:44","total":4}
{"level":"warn","message":"DWX market data file not found — waiting for MT5 to create it...","timestamp":"2026-03-30 16:53:45"}
{"level":"warn","message":"Price feed has stale data:","staleCount":4,"timestamp":"2026-03-30 16:53:45","total":4}
{"level":"warn","message":"DWX market data file not found — waiting for MT5 to create it...","timestamp":"2026-03-30 16:53:46"}
{"level":"warn","message":"Price feed has stale data:","staleCount":4,"timestamp":"2026-03-30 16:53:46","total":4}
{"level":"warn","message":"DWX file not found — will retry watcher in 5s...","timestamp":"2026-03-30 16:53:47"}
{"level":"warn","message":"DWX market data file not found — waiting for MT5 to create it...","timestamp":"2026-03-30 16:53:47"}
{"level":"warn","message":"Price feed has stale data:","staleCount":4,"timestamp":"2026-03-30 16:53:47","total":4}
{"level":"warn","message":"DWX market data file not found — waiting for MT5 to create it...","timestamp":"2026-03-30 16:53:48"}
{"level":"warn","message":"Price feed has stale data:","staleCount":4,"timestamp":"2026-03-30 16:53:48","total":4}
{"level":"warn","message":"DWX market data file not found — waiting for MT5 to create it...","timestamp":"2026-03-30 16:53:49"}
{"level":"warn","message":"Price feed has stale data:","staleCount":4,"timestamp":"2026-03-30 16:53:49","total":4}
{"level":"warn","message":"DWX market data file not found — waiting for MT5 to create it...","timestamp":"2026-03-30 16:53:50"}
{"level":"warn","message":"Price feed has stale data:","staleCount":4,"timestamp":"2026-03-30 16:53:50","total":4}
{"level":"warn","message":"DWX market data file not found — waiting for MT5 to create it...","timestamp":"2026-03-30 16:53:51"}
{"level":"warn","message":"Price feed has stale data:","staleCount":4,"timestamp":"2026-03-30 16:53:51","total":4}
{"level":"warn","message":"DWX file not found — will retry watcher in 5s...","timestamp":"2026-03-30 16:53:52"}
{"level":"warn","message":"DWX market data file not found — waiting for MT5 to create it...","timestamp":"2026-03-30 16:53:52"}
{"level":"warn","message":"Price feed has stale data:","staleCount":4,"timestamp":"2026-03-30 16:53:52","total":4}
{"level":"warn","message":"DWX market data file not found — waiting for MT5 to create it...","timestamp":"2026-03-30 16:53:53"}
{"level":"warn","message":"Price feed has stale data:","staleCount":4,"timestamp":"2026-03-30 16:53:53","total":4}
{"level":"warn","message":"DWX market data file not found — waiting for MT5 to create it...","timestamp":"2026-03-30 16:53:54"}
{"level":"warn","message":"Price feed has stale data:","staleCount":4,"timestamp":"2026-03-30 16:53:54","total":4}
{"level":"warn","message":"DWX market data file not found — waiting for MT5 to create it...","timestamp":"2026-03-30 16:53:55"}
{"level":"warn","message":"Price feed has stale data:","staleCount":4,"timestamp":"2026-03-30 16:53:55","total":4}
{"level":"warn","message":"DWX market data file not found — waiting for MT5 to create it...","timestamp":"2026-03-30 16:53:56"}
{"level":"warn","message":"Price feed has stale data:","staleCount":4,"timestamp":"2026-03-30 16:53:56","total":4}
{"level":"warn","message":"DWX file not found — will retry watcher in 5s...","timestamp":"2026-03-30 16:53:57"}
{"level":"warn","message":"DWX market data file not found — waiting for MT5 to create it...","timestamp":"2026-03-30 16:53:57"}
{"level":"warn","message":"Price feed has stale data:","staleCount":4,"timestamp":"2026-03-30 16:53:57","total":4}
{"level":"warn","message":"DWX market data file not found — waiting for MT5 to create it...","timestamp":"2026-03-30 16:53:58"}
{"level":"warn","message":"Price feed has stale data:","staleCount":4,"timestamp":"2026-03-30 16:53:58","total":4}
{"level":"warn","message":"DWX market data file not found — waiting for MT5 to create it...","timestamp":"2026-03-30 16:53:59"}
{"level":"warn","message":"Price feed has stale data:","staleCount":4,"timestamp":"2026-03-30 16:53:59","total":4}
{"level":"warn","message":"Price feed has stale data:","staleCount":4,"timestamp":"2026-03-30 16:54:00","total":4}
{"level":"warn","message":"Price feed has stale data:","staleCount":4,"timestamp":"2026-03-30 16:54:01","total":4}
{"level":"info","message":"Watching MT5 price feed for real-time updates...","timestamp":"2026-03-30 16:54:02"}
{"level":"warn","message":"Price feed has stale data:","staleCount":4,"timestamp":"2026-03-30 16:54:02","total":4}
{"level":"warn","message":"Price feed has stale data:","staleCount":4,"timestamp":"2026-03-30 16:54:03","total":4}
{"level":"warn","message":"Price feed has stale data:","staleCount":4,"timestamp":"2026-03-30 16:54:04","total":4}
{"level":"warn","message":"Price feed has stale data:","staleCount":4,"timestamp":"2026-03-30 16:54:05","total":4}
{"level":"warn","message":"Price feed has stale data:","staleCount":4,"timestamp":"2026-03-30 16:54:06","total":4}
{"level":"warn","message":"Price feed has stale data:","staleCount":4,"timestamp":"2026-03-30 16:54:07","total":4}
{"level":"warn","message":"Price feed has stale data:","staleCount":4,"timestamp":"2026-03-30 16:54:08","total":4}
{"level":"warn","message":"Price feed has stale data:","staleCount":4,"timestamp":"2026-03-30 16:54:09","total":4}
{"level":"warn","message":"Price feed has stale data:","staleCount":4,"timestamp":"2026-03-30 16:54:10","total":4}
{"level":"warn","message":"Price feed has stale data:","staleCount":4,"timestamp":"2026-03-30 16:54:11","total":4}
{"level":"warn","message":"Price feed has stale data:","staleCount":4,"timestamp":"2026-03-30 16:54:12","total":4}
{"level":"warn","message":"Price feed has stale data:","staleCount":4,"timestamp":"2026-03-30 16:54:13","total":4}
{"level":"warn","message":"Price feed has stale data:","staleCount":4,"timestamp":"2026-03-30 16:54:14","total":4}
{"level":"warn","message":"Price feed has stale data:","staleCount":4,"timestamp":"2026-03-30 16:54:15","total":4}
{"level":"warn","message":"Price feed has stale data:","staleCount":4,"timestamp":"2026-03-30 16:54:16","total":4}
{"level":"warn","message":"Price feed has stale data:","staleCount":4,"timestamp":"2026-03-30 16:54:17","total":4}
{"level":"warn","message":"Price feed has stale data:","staleCount":4,"timestamp":"2026-03-30 16:54:18","total":4}
{"level":"warn","message":"Price feed has stale data:","staleCount":4,"timestamp":"2026-03-30 16:54:19","total":4}
{"instruments":"EURUSD,GBPUSD,XAUUSD,XAGUSD","level":"info","message":"Subscribed to MT5 symbols:","timestamp":"2026-03-30 16:54:25"}
{"level":"info","message":"Watching MT5 price feed for real-time updates...","timestamp":"2026-03-30 16:54:25"}
{"level":"info","message":"NewsService started: watching for USD High impact events","timestamp":"2026-03-30 16:54:25"}
{"env":"development","level":"info","message":"Server started:","port":"5000","timestamp":"2026-03-30 16:54:25"}
{"level":"info","message":"MT5 prices updating normally:","timestamp":"2026-03-30T11:24:25.763Z"}
{"level":"http","message":"Database connection established","timestamp":"2026-03-30 16:54:25"}
{"level":"info","message":"NewsService fetched 10 upcoming USD High impact events","timestamp":"2026-03-30 16:54:25"}
{"duration_ms":3,"ip":"::1","level":"http","message":"GET /api/admin/announcement","status":404,"timestamp":"2026-03-30 16:54:45","userAgent":"Mozilla/5.0 (Windows NT 10.0; Win64; x64) AppleWebKit/537.36 (KHTML, like Gecko) Chrome/146.0.0.0 Safari/537.36 Edg/146.0.0.0"}
{"duration_ms":2,"ip":"::1","level":"http","message":"GET /api/admin/announcement","status":404,"timestamp":"2026-03-30 16:54:45","userAgent":"Mozilla/5.0 (Windows NT 10.0; Win64; x64) AppleWebKit/537.36 (KHTML, like Gecko) Chrome/146.0.0.0 Safari/537.36 Edg/146.0.0.0"}
{"isAdmin":"[admin]","level":"http","message":"Socket connected:","socketId":"8Xs62LwGY5kuhvKeAAAC","timestamp":"2026-03-30 16:54:45"}
{"error":"lots.times is not a function","level":"error","message":"Open trade error:","timestamp":"2026-03-30 16:55:20"}
{"level":"info","message":"MT5 prices updating normally:","timestamp":"2026-03-30T11:25:26.005Z"}
{"level":"http","message":"Socket disconnected:","socketId":"8Xs62LwGY5kuhvKeAAAC","timestamp":"2026-03-30 16:56:12"}
{"duration_ms":1,"ip":"::1","level":"http","message":"GET /api/admin/kyc/stale","status":404,"timestamp":"2026-03-30 16:56:17","userAgent":"Mozilla/5.0 (Windows NT 10.0; Win64; x64) AppleWebKit/537.36 (KHTML, like Gecko) Chrome/146.0.0.0 Safari/537.36 Edg/146.0.0.0"}
{"duration_ms":0,"ip":"::1","level":"http","message":"GET /api/admin/kyc/stale","status":404,"timestamp":"2026-03-30 16:56:17","userAgent":"Mozilla/5.0 (Windows NT 10.0; Win64; x64) AppleWebKit/537.36 (KHTML, like Gecko) Chrome/146.0.0.0 Safari/537.36 Edg/146.0.0.0"}
{"level":"info","message":"MT5 prices updating normally:","timestamp":"2026-03-30T11:26:26.373Z"}
{"duration_ms":0,"ip":"::1","level":"http","message":"POST /api/admin/payouts/approve","status":404,"timestamp":"2026-03-30 16:56:27","userAgent":"Mozilla/5.0 (Windows NT 10.0; Win64; x64) AppleWebKit/537.36 (KHTML, like Gecko) Chrome/146.0.0.0 Safari/537.36 Edg/146.0.0.0"}
{"isAdmin":"[admin]","level":"http","message":"Socket connected:","socketId":"sv1QTCuY2c9sHcJRAAAF","timestamp":"2026-03-30 16:56:37"}
{"level":"http","message":"Socket disconnected:","socketId":"sv1QTCuY2c9sHcJRAAAF","timestamp":"2026-03-30 16:56:38"}
{"duration_ms":0,"ip":"::1","level":"http","message":"GET /api/admin/announcement","status":404,"timestamp":"2026-03-30 16:56:52","userAgent":"Mozilla/5.0 (Windows NT 10.0; Win64; x64) AppleWebKit/537.36 (KHTML, like Gecko) Chrome/146.0.0.0 Safari/537.36 Edg/146.0.0.0"}
{"duration_ms":2,"ip":"::1","level":"http","message":"GET /api/admin/announcement","status":404,"timestamp":"2026-03-30 16:56:52","userAgent":"Mozilla/5.0 (Windows NT 10.0; Win64; x64) AppleWebKit/537.36 (KHTML, like Gecko) Chrome/146.0.0.0 Safari/537.36 Edg/146.0.0.0"}
{"isAdmin":"[admin]","level":"http","message":"Socket connected:","socketId":"piRuGx-8CNLrygXwAAAI","timestamp":"2026-03-30 16:56:52"}
{"error":"lots.times is not a function","level":"error","message":"Open trade error:","timestamp":"2026-03-30 16:56:56"}
{"level":"info","message":"MT5 prices updating normally:","timestamp":"2026-03-30T11:27:26.437Z"}
{"level":"http","message":"Socket disconnected:","socketId":"piRuGx-8CNLrygXwAAAI","timestamp":"2026-03-30 16:57:53"}
{"level":"warn","message":"DWX file renamed/replaced — reattaching watcher in 1s...","timestamp":"2026-03-30 16:58:12"}
{"level":"warn","message":"DWX market data file not found — waiting for MT5 to create it...","timestamp":"2026-03-30 16:58:12"}
{"level":"warn","message":"DWX file not found — will retry watcher in 5s...","timestamp":"2026-03-30 16:58:13"}
{"level":"warn","message":"DWX market data file not found — waiting for MT5 to create it...","timestamp":"2026-03-30 16:58:13"}
{"level":"warn","message":"DWX market data file not found — waiting for MT5 to create it...","timestamp":"2026-03-30 16:58:14"}
{"level":"warn","message":"DWX market data file not found — waiting for MT5 to create it...","timestamp":"2026-03-30 16:58:15"}
{"level":"warn","message":"DWX market data file not found — waiting for MT5 to create it...","timestamp":"2026-03-30 16:58:16"}
{"level":"warn","message":"Price feed has stale data:","staleCount":4,"timestamp":"2026-03-30 16:58:16","total":4}
{"instruments":"EURUSD,GBPUSD,XAUUSD,XAGUSD","level":"info","message":"Subscribed to MT5 symbols:","timestamp":"2026-03-30 17:07:06"}
{"level":"warn","message":"DWX market data file not found — waiting for MT5 to create it...","timestamp":"2026-03-30 17:07:06"}
{"level":"warn","message":"DWX file not found — will retry watcher in 5s...","timestamp":"2026-03-30 17:07:06"}
{"level":"info","message":"NewsService started: watching for USD High impact events","timestamp":"2026-03-30 17:07:06"}
{"env":"development","level":"info","message":"Server started:","port":"5000","timestamp":"2026-03-30 17:07:06"}
{"level":"http","message":"Database connection established","timestamp":"2026-03-30 17:07:06"}
{"level":"warn","message":"DWX market data file not found — waiting for MT5 to create it...","timestamp":"2026-03-30 17:07:07"}
{"level":"warn","message":"Price feed has stale data:","staleCount":4,"timestamp":"2026-03-30 17:07:07","total":4}
{"level":"warn","message":"DWX market data file not found — waiting for MT5 to create it...","timestamp":"2026-03-30 17:07:08"}
{"level":"warn","message":"Price feed has stale data:","staleCount":4,"timestamp":"2026-03-30 17:07:08","total":4}
{"level":"warn","message":"DWX market data file not found — waiting for MT5 to create it...","timestamp":"2026-03-30 17:07:09"}
{"level":"warn","message":"Price feed has stale data:","staleCount":4,"timestamp":"2026-03-30 17:07:09","total":4}
{"level":"warn","message":"DWX market data file not found — waiting for MT5 to create it...","timestamp":"2026-03-30 17:07:10"}
{"level":"warn","message":"Price feed has stale data:","staleCount":4,"timestamp":"2026-03-30 17:07:10","total":4}
{"level":"warn","message":"DWX file not found — will retry watcher in 5s...","timestamp":"2026-03-30 17:07:11"}
{"level":"warn","message":"DWX market data file not found — waiting for MT5 to create it...","timestamp":"2026-03-30 17:07:11"}
{"level":"warn","message":"Price feed has stale data:","staleCount":4,"timestamp":"2026-03-30 17:07:11","total":4}
{"level":"warn","message":"DWX market data file not found — waiting for MT5 to create it...","timestamp":"2026-03-30 17:07:12"}
{"level":"warn","message":"Price feed has stale data:","staleCount":4,"timestamp":"2026-03-30 17:07:12","total":4}
{"level":"warn","message":"DWX market data file not found — waiting for MT5 to create it...","timestamp":"2026-03-30 17:07:13"}
{"level":"warn","message":"Price feed has stale data:","staleCount":4,"timestamp":"2026-03-30 17:07:13","total":4}
{"level":"warn","message":"DWX market data file not found — waiting for MT5 to create it...","timestamp":"2026-03-30 17:07:14"}
{"level":"warn","message":"Price feed has stale data:","staleCount":4,"timestamp":"2026-03-30 17:07:14","total":4}
{"level":"info","message":"NewsService fetched 10 upcoming USD High impact events","timestamp":"2026-03-30 17:07:14"}
{"level":"warn","message":"DWX market data file not found — waiting for MT5 to create it...","timestamp":"2026-03-30 17:07:15"}
{"level":"warn","message":"Price feed has stale data:","staleCount":4,"timestamp":"2026-03-30 17:07:15","total":4}
{"level":"warn","message":"DWX file not found — will retry watcher in 5s...","timestamp":"2026-03-30 17:07:16"}
{"level":"warn","message":"DWX market data file not found — waiting for MT5 to create it...","timestamp":"2026-03-30 17:07:16"}
{"level":"warn","message":"Price feed has stale data:","staleCount":4,"timestamp":"2026-03-30 17:07:16","total":4}
{"level":"warn","message":"Price feed has stale data:","staleCount":4,"timestamp":"2026-03-30 17:07:17","total":4}
{"instruments":"EURUSD,GBPUSD,XAUUSD,XAGUSD","level":"info","message":"Subscribed to MT5 symbols:","timestamp":"2026-03-30 17:07:24"}
{"level":"info","message":"Watching MT5 price feed for real-time updates...","timestamp":"2026-03-30 17:07:24"}
{"level":"info","message":"NewsService started: watching for USD High impact events","timestamp":"2026-03-30 17:07:24"}
{"env":"development","level":"info","message":"Server started:","port":"5000","timestamp":"2026-03-30 17:07:24"}
{"level":"http","message":"Database connection established","timestamp":"2026-03-30 17:07:24"}
{"level":"info","message":"MT5 prices updating normally:","timestamp":"2026-03-30T11:37:24.598Z"}
{"level":"info","message":"NewsService fetched 10 upcoming USD High impact events","timestamp":"2026-03-30 17:07:24"}
{"duration_ms":3,"ip":"::1","level":"http","message":"GET /api/admin/announcement","status":404,"timestamp":"2026-03-30 17:08:01","userAgent":"Mozilla/5.0 (Windows NT 10.0; Win64; x64) AppleWebKit/537.36 (KHTML, like Gecko) Chrome/146.0.0.0 Safari/537.36 Edg/146.0.0.0"}
{"duration_ms":2,"ip":"::1","level":"http","message":"GET /api/admin/announcement","status":404,"timestamp":"2026-03-30 17:08:01","userAgent":"Mozilla/5.0 (Windows NT 10.0; Win64; x64) AppleWebKit/537.36 (KHTML, like Gecko) Chrome/146.0.0.0 Safari/537.36 Edg/146.0.0.0"}
{"isAdmin":"[admin]","level":"http","message":"Socket connected:","socketId":"Jb4Zy9Vok3NOgDjjAAAC","timestamp":"2026-03-30 17:08:01"}
{"level":"info","message":"MT5 prices updating normally:","timestamp":"2026-03-30T11:38:24.632Z"}
{"level":"info","message":"MT5 prices updating normally:","timestamp":"2026-03-30T11:39:24.737Z"}
{"level":"http","message":"Socket disconnected:","socketId":"Jb4Zy9Vok3NOgDjjAAAC","timestamp":"2026-03-30 17:09:31"}
{"duration_ms":1,"ip":"::1","level":"http","message":"GET /api/admin/announcement","status":404,"timestamp":"2026-03-30 17:09:34","userAgent":"Mozilla/5.0 (Windows NT 10.0; Win64; x64) AppleWebKit/537.36 (KHTML, like Gecko) Chrome/146.0.0.0 Safari/537.36 Edg/146.0.0.0"}
{"duration_ms":2,"ip":"::1","level":"http","message":"GET /api/admin/announcement","status":404,"timestamp":"2026-03-30 17:09:34","userAgent":"Mozilla/5.0 (Windows NT 10.0; Win64; x64) AppleWebKit/537.36 (KHTML, like Gecko) Chrome/146.0.0.0 Safari/537.36 Edg/146.0.0.0"}
{"isAdmin":"[admin]","level":"http","message":"Socket connected:","socketId":"aRqZabkxdOu-BvvgAAAE","timestamp":"2026-03-30 17:09:34"}
{"level":"http","message":"Socket disconnected:","socketId":"aRqZabkxdOu-BvvgAAAE","timestamp":"2026-03-30 17:10:13"}
{"instruments":"EURUSD,GBPUSD,XAUUSD,XAGUSD","level":"info","message":"Subscribed to MT5 symbols:","timestamp":"2026-03-30 19:51:07"}
{"level":"info","message":"Watching MT5 price feed for real-time updates...","timestamp":"2026-03-30 19:51:07"}
{"level":"info","message":"NewsService started: watching for USD High impact events","timestamp":"2026-03-30 19:51:08"}
{"env":"development","level":"info","message":"Server started:","port":"5000","timestamp":"2026-03-30 19:51:08"}
{"level":"http","message":"Database connection established","timestamp":"2026-03-30 19:51:08"}
{"level":"info","message":"MT5 prices updating normally:","timestamp":"2026-03-30T14:21:08.257Z"}
{"level":"info","message":"Account 80643d1e-cb2a-4a59-8a43-18f6902a732a DRAWDOWN BREACH: Floating drawdown 9.58% reached 5% limit","timestamp":"2026-03-30 19:51:08"}
{"level":"info","message":"Account 80643d1e-cb2a-4a59-8a43-18f6902a732a FAILED via floating drawdown — Floating drawdown 9.58% reached 5% limit","timestamp":"2026-03-30 19:51:08"}
{"level":"info","message":"NewsService fetched 10 upcoming USD High impact events","timestamp":"2026-03-30 19:51:16"}
{"duration_ms":3,"ip":"::1","level":"http","message":"GET /api/admin/announcement","status":404,"timestamp":"2026-03-30 19:52:02","userAgent":"Mozilla/5.0 (Windows NT 10.0; Win64; x64) AppleWebKit/537.36 (KHTML, like Gecko) Chrome/146.0.0.0 Safari/537.36 Edg/146.0.0.0"}
{"duration_ms":6,"ip":"::1","level":"http","message":"GET /api/admin/announcement","status":404,"timestamp":"2026-03-30 19:52:02","userAgent":"Mozilla/5.0 (Windows NT 10.0; Win64; x64) AppleWebKit/537.36 (KHTML, like Gecko) Chrome/146.0.0.0 Safari/537.36 Edg/146.0.0.0"}
{"isAdmin":"[admin]","level":"http","message":"Socket connected:","socketId":"gr6x4Ldf_fsupFvTAAAC","timestamp":"2026-03-30 19:52:02"}
{"level":"info","message":"MT5 prices updating normally:","timestamp":"2026-03-30T14:22:08.391Z"}
{"level":"http","message":"Socket disconnected:","socketId":"gr6x4Ldf_fsupFvTAAAC","timestamp":"2026-03-30 19:53:07"}
{"level":"info","message":"MT5 prices updating normally:","timestamp":"2026-03-30T14:23:08.491Z"}
{"duration_ms":1,"ip":"::1","level":"http","message":"GET /api/admin/kyc/stale","status":404,"timestamp":"2026-03-30 19:53:11","userAgent":"Mozilla/5.0 (Windows NT 10.0; Win64; x64) AppleWebKit/537.36 (KHTML, like Gecko) Chrome/146.0.0.0 Safari/537.36 Edg/146.0.0.0"}
{"duration_ms":1,"ip":"::1","level":"http","message":"GET /api/admin/kyc/stale","status":404,"timestamp":"2026-03-30 19:53:11","userAgent":"Mozilla/5.0 (Windows NT 10.0; Win64; x64) AppleWebKit/537.36 (KHTML, like Gecko) Chrome/146.0.0.0 Safari/537.36 Edg/146.0.0.0"}
{"duration_ms":1,"ip":"::1","level":"http","message":"GET /api/admin/announcement","status":404,"timestamp":"2026-03-30 19:53:16","userAgent":"Mozilla/5.0 (Windows NT 10.0; Win64; x64) AppleWebKit/537.36 (KHTML, like Gecko) Chrome/146.0.0.0 Safari/537.36 Edg/146.0.0.0"}
{"duration_ms":1,"ip":"::1","level":"http","message":"GET /api/admin/announcement","status":404,"timestamp":"2026-03-30 19:53:16","userAgent":"Mozilla/5.0 (Windows NT 10.0; Win64; x64) AppleWebKit/537.36 (KHTML, like Gecko) Chrome/146.0.0.0 Safari/537.36 Edg/146.0.0.0"}
{"isAdmin":"[admin]","level":"http","message":"Socket connected:","socketId":"eRTtJvwPAQvDj88_AAAE","timestamp":"2026-03-30 19:53:16"}
{"level":"http","message":"Socket disconnected:","socketId":"eRTtJvwPAQvDj88_AAAE","timestamp":"2026-03-30 19:53:44"}
{"level":"info","message":"MT5 prices updating normally:","timestamp":"2026-03-30T14:24:08.598Z"}
{"level":"info","message":"MT5 prices updating normally:","timestamp":"2026-03-30T14:25:08.850Z"}
